<?xml version="1.0" encoding="UTF-8"?>
<osm version="0.6" generator="openstreetmap-cgimap 2.1.0 (113197 spike-06.openstreetmap.org)" copyright="OpenStreetMap and contributors" attribution="http://www.openstreetmap.org/copyright" license="http://opendatacommons.org/licenses/odbl/1-0/">
 <bounds minlat="47.9020880" minlon="106.9296630" maxlat="47.9072880" maxlon="106.9413580"/>
 <node id="724913944" visible="true" version="2" changeset="10829799" timestamp="2012-02-29T17:06:48Z" user="hfvkickers" uid="497744" lat="47.9065107" lon="106.9322590"/>
 <node id="724913950" visible="true" version="2" changeset="10829799" timestamp="2012-02-29T17:06:48Z" user="hfvkickers" uid="497744" lat="47.9065407" lon="106.9312141"/>
 <node id="724913953" visible="true" version="3" changeset="10829799" timestamp="2012-02-29T17:06:48Z" user="hfvkickers" uid="497744" lat="47.9065038" lon="106.9299741"/>
 <node id="724913956" visible="true" version="3" changeset="11764052" timestamp="2012-06-01T05:21:38Z" user="mongoltweets" uid="254455" lat="47.9064641" lon="106.9283498"/>
 <node id="724913958" visible="true" version="6" changeset="98889651" timestamp="2021-02-08T07:44:32Z" user="PeteM" uid="26847" lat="47.9061927" lon="106.9248059"/>
 <node id="724913961" visible="true" version="2" changeset="11764052" timestamp="2012-06-01T05:21:38Z" user="mongoltweets" uid="254455" lat="47.9060727" lon="106.9213915"/>
 <node id="724913964" visible="true" version="2" changeset="10759999" timestamp="2012-02-22T15:09:46Z" user="katpatuka" uid="17497" lat="47.9063099" lon="106.9187449"/>
 <node id="724913968" visible="true" version="3" changeset="97209550" timestamp="2021-01-09T12:01:46Z" user="Qwajo OSM" uid="4853701" lat="47.9062494" lon="106.9176770"/>
 <node id="724913971" visible="true" version="4" changeset="97209550" timestamp="2021-01-09T12:01:46Z" user="Qwajo OSM" uid="4853701" lat="47.9064873" lon="106.9140882"/>
 <node id="724913975" visible="true" version="3" changeset="10759999" timestamp="2012-02-22T15:09:46Z" user="katpatuka" uid="17497" lat="47.9066715" lon="106.9117045"/>
 <node id="724913978" visible="true" version="4" changeset="36199722" timestamp="2015-12-27T16:27:07Z" user="miniwark" uid="1818060" lat="47.9062357" lon="106.9092569"/>
 <node id="724913981" visible="true" version="3" changeset="10759999" timestamp="2012-02-22T15:09:46Z" user="katpatuka" uid="17497" lat="47.9048057" lon="106.9053404"/>
 <node id="724913985" visible="true" version="3" changeset="36199722" timestamp="2015-12-27T16:27:07Z" user="miniwark" uid="1818060" lat="47.9035824" lon="106.9015451"/>
 <node id="724913988" visible="true" version="3" changeset="36199722" timestamp="2015-12-27T16:27:07Z" user="miniwark" uid="1818060" lat="47.9026553" lon="106.8979101"/>
 <node id="724913991" visible="true" version="4" changeset="71966203" timestamp="2019-07-06T19:01:37Z" user="munkhbayar b" uid="2851175" lat="47.9021284" lon="106.8946866"/>
 <node id="724913993" visible="true" version="3" changeset="71966203" timestamp="2019-07-06T19:01:37Z" user="munkhbayar b" uid="2851175" lat="47.9024003" lon="106.8919132"/>
 <node id="724913994" visible="true" version="4" changeset="93769237" timestamp="2020-11-09T05:20:16Z" user="oronzai" uid="11925487" lat="47.9028774" lon="106.8875131"/>
 <node id="724913995" visible="true" version="3" changeset="67310126" timestamp="2019-02-18T10:44:46Z" user="munkhbayar b" uid="2851175" lat="47.9035861" lon="106.8816347"/>
 <node id="724913996" visible="true" version="3" changeset="67310126" timestamp="2019-02-18T10:44:46Z" user="munkhbayar b" uid="2851175" lat="47.9042510" lon="106.8760235"/>
 <node id="724913999" visible="true" version="3" changeset="67310126" timestamp="2019-02-18T10:44:46Z" user="munkhbayar b" uid="2851175" lat="47.9055608" lon="106.8723870"/>
 <node id="860704324" visible="true" version="2" changeset="10831306" timestamp="2012-02-29T19:39:05Z" user="hfvkickers" uid="497744" lat="47.9051979" lon="106.8675502"/>
 <node id="860704328" visible="true" version="2" changeset="93998612" timestamp="2020-11-12T13:22:13Z" user="oronzai" uid="11925487" lat="47.9045004" lon="106.8621838"/>
 <node id="860704331" visible="true" version="1" changeset="5495826" timestamp="2010-08-15T00:51:15Z" user="chdr" uid="165869" lat="47.9029162" lon="106.8549169"/>
 <node id="860704334" visible="true" version="3" changeset="10831306" timestamp="2012-02-29T19:39:05Z" user="hfvkickers" uid="497744" lat="47.9007528" lon="106.8519572"/>
 <node id="860704337" visible="true" version="4" changeset="94059596" timestamp="2020-11-13T11:51:59Z" user="oronzai" uid="11925487" lat="47.8985730" lon="106.8506350"/>
 <node id="860704338" visible="true" version="3" changeset="108350184" timestamp="2021-07-21T06:51:41Z" user="Sumiyasuren" uid="11925653" lat="47.8982244" lon="106.8484399"/>
 <node id="860704339" visible="true" version="2" changeset="95359035" timestamp="2020-12-06T09:28:54Z" user="Erdenetsogt Sumiyasuren" uid="9357108" lat="47.8976957" lon="106.8460811"/>
 <node id="860704340" visible="true" version="4" changeset="109230476" timestamp="2021-08-06T03:56:01Z" user="Sumiyasuren" uid="11925653" lat="47.8964931" lon="106.8288930"/>
 <node id="860704512" visible="true" version="3" changeset="67310126" timestamp="2019-02-18T10:44:46Z" user="munkhbayar b" uid="2851175" lat="47.9058760" lon="106.8709495"/>
 <node id="860704513" visible="true" version="3" changeset="11765425" timestamp="2012-06-01T08:49:03Z" user="mongoltweets" uid="254455" lat="47.9056569" lon="106.8680577"/>
 <node id="1268520151" visible="true" version="7" changeset="110380438" timestamp="2021-08-28T13:22:55Z" user="lwcc_enhee" uid="11777926" lat="47.9044010" lon="106.9282349"/>
 <node id="1268520439" visible="true" version="9" changeset="157545687" timestamp="2024-10-06T15:22:45Z" user="saruul04" uid="21972502" lat="47.9067913" lon="106.9275979"/>
 <node id="1270395994" visible="true" version="7" changeset="20889942" timestamp="2014-03-03T14:56:56Z" user="mongoltweets" uid="254455" lat="47.9066994" lon="106.9121790"/>
 <node id="1277286137" visible="true" version="2" changeset="36199722" timestamp="2015-12-27T16:27:06Z" user="miniwark" uid="1818060" lat="47.9040929" lon="106.9033435"/>
 <node id="1277286142" visible="true" version="3" changeset="104676062" timestamp="2021-05-14T09:15:26Z" user="Saruul Gan" uid="3328620" lat="47.9043636" lon="106.9291854"/>
 <node id="1277286145" visible="true" version="3" changeset="36199722" timestamp="2015-12-27T16:27:06Z" user="miniwark" uid="1818060" lat="47.9058739" lon="106.9085658"/>
 <node id="1277286164" visible="true" version="3" changeset="36199722" timestamp="2015-12-27T16:27:06Z" user="miniwark" uid="1818060" lat="47.9038506" lon="106.9023052"/>
 <node id="1277286172" visible="true" version="2" changeset="10759999" timestamp="2012-02-22T15:09:46Z" user="katpatuka" uid="17497" lat="47.9048346" lon="106.9066173"/>
 <node id="1277286176" visible="true" version="1" changeset="8084553" timestamp="2011-05-08T16:37:04Z" user="mongoltweets" uid="254455" lat="47.9033261" lon="106.9007894"/>
 <node id="1277286192" visible="true" version="2" changeset="36199722" timestamp="2015-12-27T16:27:07Z" user="miniwark" uid="1818060" lat="47.9045494" lon="106.9046356"/>
 <node id="1277286207" visible="true" version="3" changeset="97209550" timestamp="2021-01-09T12:01:46Z" user="Qwajo OSM" uid="4853701" lat="47.9064694" lon="106.9134578"/>
 <node id="1277286212" visible="true" version="2" changeset="36199722" timestamp="2015-12-27T16:27:07Z" user="miniwark" uid="1818060" lat="47.9030486" lon="106.9004622"/>
 <node id="1277286223" visible="true" version="3" changeset="36199722" timestamp="2015-12-27T16:27:07Z" user="miniwark" uid="1818060" lat="47.9027048" lon="106.8985997"/>
 <node id="1277286232" visible="true" version="2" changeset="10830818" timestamp="2012-02-29T19:06:38Z" user="hfvkickers" uid="497744" lat="47.9042547" lon="106.9039456"/>
 <node id="1277286245" visible="true" version="3" changeset="20889942" timestamp="2014-03-03T14:56:56Z" user="mongoltweets" uid="254455" lat="47.9065297" lon="106.9104949"/>
 <node id="1277286255" visible="true" version="3" changeset="36199722" timestamp="2015-12-27T16:27:07Z" user="miniwark" uid="1818060" lat="47.9020615" lon="106.8961469"/>
 <node id="1423579061" visible="true" version="6" changeset="110380438" timestamp="2021-08-28T13:22:55Z" user="lwcc_enhee" uid="11777926" lat="47.8998666" lon="106.9307286">
  <tag k="highway" v="traffic_signals"/>
 </node>
 <node id="1424255621" visible="true" version="7" changeset="25552909" timestamp="2014-09-20T04:21:07Z" user="Seandebasti" uid="550560" lat="47.9028122" lon="106.9423473"/>
 <node id="1424255632" visible="true" version="5" changeset="24710103" timestamp="2014-08-12T20:08:27Z" user="mongoltweets" uid="254455" lat="47.9030543" lon="106.9429316"/>
 <node id="1424255672" visible="true" version="4" changeset="114865159" timestamp="2021-12-13T03:45:29Z" user="Saruul Gan" uid="3328620" lat="47.9051912" lon="106.9076895"/>
 <node id="1424255714" visible="true" version="3" changeset="97209550" timestamp="2021-01-09T12:01:46Z" user="Qwajo OSM" uid="4853701" lat="47.9065500" lon="106.9129427"/>
 <node id="1477522477" visible="true" version="2" changeset="23044331" timestamp="2014-06-20T13:31:59Z" user="mongoltweets" uid="254455" lat="47.9031739" lon="106.9432410"/>
 <node id="1477522478" visible="true" version="2" changeset="23044331" timestamp="2014-06-20T13:31:59Z" user="mongoltweets" uid="254455" lat="47.9032481" lon="106.9433621"/>
 <node id="1477522479" visible="true" version="2" changeset="23044331" timestamp="2014-06-20T13:31:59Z" user="mongoltweets" uid="254455" lat="47.9032703" lon="106.9436027"/>
 <node id="1477522480" visible="true" version="2" changeset="23044331" timestamp="2014-06-20T13:31:59Z" user="mongoltweets" uid="254455" lat="47.9034368" lon="106.9435378"/>
 <node id="1477522481" visible="true" version="2" changeset="23044331" timestamp="2014-06-20T13:31:59Z" user="mongoltweets" uid="254455" lat="47.9037617" lon="106.9437859"/>
 <node id="1477522482" visible="true" version="1" changeset="9630165" timestamp="2011-10-23T07:59:21Z" user="mongoltweets" uid="254455" lat="47.9035970" lon="106.9436062"/>
 <node id="1477522483" visible="true" version="3" changeset="23044331" timestamp="2014-06-20T13:31:59Z" user="mongoltweets" uid="254455" lat="47.9038232" lon="106.9436190"/>
 <node id="1477522484" visible="true" version="1" changeset="9630165" timestamp="2011-10-23T07:59:21Z" user="mongoltweets" uid="254455" lat="47.9038402" lon="106.9437803"/>
 <node id="1497219576" visible="true" version="3" changeset="104676062" timestamp="2021-05-14T09:15:26Z" user="Saruul Gan" uid="3328620" lat="47.9048219" lon="106.9404475"/>
 <node id="1497219583" visible="true" version="3" changeset="36103987" timestamp="2015-12-22T12:11:46Z" user="BilguunM" uid="3443800" lat="47.9072212" lon="106.9402297"/>
 <node id="1643120364" visible="true" version="2" changeset="36199722" timestamp="2015-12-27T16:27:07Z" user="miniwark" uid="1818060" lat="47.9048558" lon="106.9056822"/>
 <node id="1643120396" visible="true" version="2" changeset="97209550" timestamp="2021-01-09T12:01:46Z" user="Qwajo OSM" uid="4853701" lat="47.9063982" lon="106.9147547"/>
 <node id="1653007944" visible="true" version="1" changeset="10829799" timestamp="2012-02-29T17:06:47Z" user="hfvkickers" uid="497744" lat="47.9067108" lon="106.9327453"/>
 <node id="1653007946" visible="true" version="3" changeset="154023728" timestamp="2024-07-16T16:29:12Z" user="Saruul Gan" uid="3328620" lat="47.9069857" lon="106.9329905"/>
 <node id="1653235949" visible="true" version="1" changeset="10831306" timestamp="2012-02-29T19:39:03Z" user="hfvkickers" uid="497744" lat="47.9023745" lon="106.8529716"/>
 <node id="1772220759" visible="true" version="3" changeset="104676062" timestamp="2021-05-14T09:15:26Z" user="Saruul Gan" uid="3328620" lat="47.9046209" lon="106.9322168"/>
 <node id="1772220760" visible="true" version="4" changeset="104676062" timestamp="2021-05-14T09:15:26Z" user="Saruul Gan" uid="3328620" lat="47.9046321" lon="106.9324607"/>
 <node id="1772220761" visible="true" version="4" changeset="104676062" timestamp="2021-05-14T09:15:26Z" user="Saruul Gan" uid="3328620" lat="47.9046551" lon="106.9329857"/>
 <node id="1772220762" visible="true" version="3" changeset="104676062" timestamp="2021-05-14T09:15:26Z" user="Saruul Gan" uid="3328620" lat="47.9046663" lon="106.9332296"/>
 <node id="1772220763" visible="true" version="3" changeset="104676062" timestamp="2021-05-14T09:15:26Z" user="Saruul Gan" uid="3328620" lat="47.9046949" lon="106.9337352"/>
 <node id="1772220765" visible="true" version="5" changeset="104676062" timestamp="2021-05-14T09:15:26Z" user="Saruul Gan" uid="3328620" lat="47.9047362" lon="106.9346583"/>
 <node id="1772220766" visible="true" version="6" changeset="104676062" timestamp="2021-05-14T09:15:26Z" user="Saruul Gan" uid="3328620" lat="47.9047503" lon="106.9349196"/>
 <node id="1772220767" visible="true" version="6" changeset="104676062" timestamp="2021-05-14T09:15:26Z" user="Saruul Gan" uid="3328620" lat="47.9047776" lon="106.9354094"/>
 <node id="1772220770" visible="true" version="7" changeset="42563490" timestamp="2016-10-01T13:56:25Z" user="Баатар" uid="2700224" lat="47.9056427" lon="106.9405139"/>
 <node id="1772220771" visible="true" version="4" changeset="104676062" timestamp="2021-05-14T09:15:26Z" user="Saruul Gan" uid="3328620" lat="47.9056216" lon="106.9321148"/>
 <node id="1772220772" visible="true" version="4" changeset="104676062" timestamp="2021-05-14T09:15:26Z" user="Saruul Gan" uid="3328620" lat="47.9056328" lon="106.9323585"/>
 <node id="1772220773" visible="true" version="7" changeset="42563490" timestamp="2016-10-01T13:56:25Z" user="Баатар" uid="2700224" lat="47.9056989" lon="106.9415522"/>
 <node id="1772220778" visible="true" version="5" changeset="104676062" timestamp="2021-05-14T09:15:26Z" user="Saruul Gan" uid="3328620" lat="47.9057341" lon="106.9345522"/>
 <node id="1772220779" visible="true" version="5" changeset="104676062" timestamp="2021-05-14T09:15:26Z" user="Saruul Gan" uid="3328620" lat="47.9057465" lon="106.9348111"/>
 <node id="1772220780" visible="true" version="7" changeset="42563490" timestamp="2016-10-01T13:56:25Z" user="Баатар" uid="2700224" lat="47.9058000" lon="106.9404950"/>
 <node id="1772220783" visible="true" version="7" changeset="42563490" timestamp="2016-10-01T13:56:25Z" user="Баатар" uid="2700224" lat="47.9058561" lon="106.9415333"/>
 <node id="1772220784" visible="true" version="4" changeset="100061857" timestamp="2021-02-26T16:07:10Z" user="jma364" uid="12720746" lat="47.9058608" lon="106.9321708"/>
 <node id="1772220785" visible="true" version="4" changeset="100061857" timestamp="2021-02-26T16:07:10Z" user="jma364" uid="12720746" lat="47.9058766" lon="106.9325962"/>
 <node id="1772220786" visible="true" version="1" changeset="11764052" timestamp="2012-06-01T05:21:25Z" user="mongoltweets" uid="254455" lat="47.9058625" lon="106.9403440"/>
 <node id="1772220787" visible="true" version="6" changeset="104676062" timestamp="2021-05-14T09:15:26Z" user="Saruul Gan" uid="3328620" lat="47.9058812" lon="106.9327715"/>
 <node id="1772220788" visible="true" version="1" changeset="11764052" timestamp="2012-06-01T05:21:25Z" user="mongoltweets" uid="254455" lat="47.9058872" lon="106.9406964"/>
 <node id="1772220789" visible="true" version="6" changeset="104676062" timestamp="2021-05-14T09:15:26Z" user="Saruul Gan" uid="3328620" lat="47.9059077" lon="106.9334122"/>
 <node id="1772220790" visible="true" version="5" changeset="104676062" timestamp="2021-05-14T09:15:26Z" user="Saruul Gan" uid="3328620" lat="47.9059290" lon="106.9336798"/>
 <node id="1772220791" visible="true" version="2" changeset="138794444" timestamp="2023-07-21T05:46:06Z" user="LakeVostok" uid="16853710" lat="47.9059307" lon="106.9413194"/>
 <node id="1772220792" visible="true" version="5" changeset="104676062" timestamp="2021-05-14T09:15:26Z" user="Saruul Gan" uid="3328620" lat="47.9059372" lon="106.9339183"/>
 <node id="1772220793" visible="true" version="6" changeset="104676062" timestamp="2021-05-14T09:15:26Z" user="Saruul Gan" uid="3328620" lat="47.9059713" lon="106.9344912"/>
 <node id="1772220794" visible="true" version="6" changeset="104676062" timestamp="2021-05-14T09:15:26Z" user="Saruul Gan" uid="3328620" lat="47.9059831" lon="106.9347524"/>
 <node id="1772220795" visible="true" version="3" changeset="104676062" timestamp="2021-05-14T09:15:26Z" user="Saruul Gan" uid="3328620" lat="47.9060022" lon="106.9352833"/>
 <node id="1772220796" visible="true" version="3" changeset="104676062" timestamp="2021-05-14T09:15:26Z" user="Saruul Gan" uid="3328620" lat="47.9060140" lon="106.9355313"/>
 <node id="1772220797" visible="true" version="2" changeset="98889651" timestamp="2021-02-08T07:44:32Z" user="PeteM" uid="26847" lat="47.9060132" lon="106.9220176"/>
 <node id="1772220798" visible="true" version="4" changeset="100061857" timestamp="2021-02-26T16:07:10Z" user="jma364" uid="12720746" lat="47.9060397" lon="106.9321560"/>
 <node id="1772220799" visible="true" version="4" changeset="100061857" timestamp="2021-02-26T16:07:10Z" user="jma364" uid="12720746" lat="47.9060556" lon="106.9325814"/>
 <node id="1772220800" visible="true" version="1" changeset="11764052" timestamp="2012-06-01T05:21:26Z" user="mongoltweets" uid="254455" lat="47.9060733" lon="106.9206541"/>
 <node id="1772220801" visible="true" version="6" changeset="104676062" timestamp="2021-05-14T09:15:26Z" user="Saruul Gan" uid="3328620" lat="47.9060985" lon="106.9327515"/>
 <node id="1772220802" visible="true" version="2" changeset="138794444" timestamp="2023-07-21T05:46:06Z" user="LakeVostok" uid="16853710" lat="47.9061906" lon="106.9406677"/>
 <node id="1772220803" visible="true" version="6" changeset="104676062" timestamp="2021-05-14T09:15:26Z" user="Saruul Gan" uid="3328620" lat="47.9061209" lon="106.9333926"/>
 <node id="1772220804" visible="true" version="1" changeset="11764052" timestamp="2012-06-01T05:21:26Z" user="mongoltweets" uid="254455" lat="47.9061526" lon="106.9205090"/>
 <node id="1772220805" visible="true" version="2" changeset="138794444" timestamp="2023-07-21T05:46:06Z" user="LakeVostok" uid="16853710" lat="47.9062205" lon="106.9412998"/>
 <node id="1772220806" visible="true" version="1" changeset="11764052" timestamp="2012-06-01T05:21:26Z" user="mongoltweets" uid="254455" lat="47.9062499" lon="106.9199939"/>
 <node id="1772220807" visible="true" version="1" changeset="11764052" timestamp="2012-06-01T05:21:26Z" user="mongoltweets" uid="254455" lat="47.9062618" lon="106.9196357"/>
 <node id="1772220808" visible="true" version="7" changeset="42563490" timestamp="2016-10-01T13:56:25Z" user="Баатар" uid="2700224" lat="47.9062991" lon="106.9404306"/>
 <node id="1772220809" visible="true" version="3" changeset="98889651" timestamp="2021-02-08T07:44:32Z" user="PeteM" uid="26847" lat="47.9060740" lon="106.9222101"/>
 <node id="1772220810" visible="true" version="7" changeset="42563490" timestamp="2016-10-01T13:56:25Z" user="Баатар" uid="2700224" lat="47.9063552" lon="106.9414690"/>
 <node id="1772220811" visible="true" version="1" changeset="11764052" timestamp="2012-06-01T05:21:26Z" user="mongoltweets" uid="254455" lat="47.9063250" lon="106.9263986"/>
 <node id="1772220812" visible="true" version="2" changeset="98889651" timestamp="2021-02-08T07:44:32Z" user="PeteM" uid="26847" lat="47.9062733" lon="106.9261690"/>
 <node id="1772220813" visible="true" version="7" changeset="42563490" timestamp="2016-10-01T13:56:25Z" user="Баатар" uid="2700224" lat="47.9064317" lon="106.9404147"/>
 <node id="1772220815" visible="true" version="1" changeset="11764052" timestamp="2012-06-01T05:21:26Z" user="mongoltweets" uid="254455" lat="47.9064124" lon="106.9275029"/>
 <node id="1772220816" visible="true" version="1" changeset="11764052" timestamp="2012-06-01T05:21:26Z" user="mongoltweets" uid="254455" lat="47.9064461" lon="106.9266207"/>
 <node id="1772220817" visible="true" version="7" changeset="42563490" timestamp="2016-10-01T13:56:25Z" user="Баатар" uid="2700224" lat="47.9064878" lon="106.9414530"/>
 <node id="1772220818" visible="true" version="5" changeset="104676062" timestamp="2021-05-14T09:15:26Z" user="Saruul Gan" uid="3328620" lat="47.9064717" lon="106.9336384"/>
 <node id="1772220819" visible="true" version="1" changeset="11764052" timestamp="2012-06-01T05:21:26Z" user="mongoltweets" uid="254455" lat="47.9064629" lon="106.9290748"/>
 <node id="1772220820" visible="true" version="5" changeset="104676062" timestamp="2021-05-14T09:15:26Z" user="Saruul Gan" uid="3328620" lat="47.9064798" lon="106.9338770"/>
 <node id="1772220821" visible="true" version="1" changeset="11764052" timestamp="2012-06-01T05:21:26Z" user="mongoltweets" uid="254455" lat="47.9064881" lon="106.9278104"/>
 <node id="1772220822" visible="true" version="4" changeset="104676062" timestamp="2021-05-14T09:15:26Z" user="Saruul Gan" uid="3328620" lat="47.9064795" lon="106.9337552"/>
 <node id="1772220823" visible="true" version="1" changeset="11764052" timestamp="2012-06-01T05:21:26Z" user="mongoltweets" uid="254455" lat="47.9065021" lon="106.9317291"/>
 <node id="1772220824" visible="true" version="4" changeset="104676062" timestamp="2021-05-14T09:15:26Z" user="Saruul Gan" uid="3328620" lat="47.9064904" lon="106.9340019"/>
 <node id="1772220825" visible="true" version="1" changeset="11764052" timestamp="2012-06-01T05:21:27Z" user="mongoltweets" uid="254455" lat="47.9065050" lon="106.9280825"/>
 <node id="1772220826" visible="true" version="6" changeset="104676062" timestamp="2021-05-14T09:15:26Z" user="Saruul Gan" uid="3328620" lat="47.9065151" lon="106.9344365"/>
 <node id="1772220827" visible="true" version="6" changeset="104676062" timestamp="2021-05-14T09:15:26Z" user="Saruul Gan" uid="3328620" lat="47.9065270" lon="106.9346975"/>
 <node id="1772220829" visible="true" version="1" changeset="11764052" timestamp="2012-06-01T05:21:27Z" user="mongoltweets" uid="254455" lat="47.9065411" lon="106.9402779"/>
 <node id="1772220830" visible="true" version="1" changeset="11764052" timestamp="2012-06-01T05:21:27Z" user="mongoltweets" uid="254455" lat="47.9065555" lon="106.9307453"/>
 <node id="1772220831" visible="true" version="1" changeset="11764052" timestamp="2012-06-01T05:21:27Z" user="mongoltweets" uid="254455" lat="47.9065657" lon="106.9406177"/>
 <node id="1772220832" visible="true" version="4" changeset="98889651" timestamp="2021-02-08T07:44:32Z" user="PeteM" uid="26847" lat="47.9063199" lon="106.9252217"/>
 <node id="1772220833" visible="true" version="1" changeset="11764052" timestamp="2012-06-01T05:21:27Z" user="mongoltweets" uid="254455" lat="47.9065779" lon="106.9326125"/>
 <node id="1772220835" visible="true" version="1" changeset="11764052" timestamp="2012-06-01T05:21:27Z" user="mongoltweets" uid="254455" lat="47.9065984" lon="106.9412696"/>
 <node id="1772220836" visible="true" version="4" changeset="98889651" timestamp="2021-02-08T07:44:32Z" user="PeteM" uid="26847" lat="47.9062027" lon="106.9222701"/>
 <node id="1772220839" visible="true" version="4" changeset="98889651" timestamp="2021-02-08T07:44:32Z" user="PeteM" uid="26847" lat="47.9062080" lon="106.9229245"/>
 <node id="1772220840" visible="true" version="1" changeset="11764052" timestamp="2012-06-01T05:21:27Z" user="mongoltweets" uid="254455" lat="47.9068068" lon="106.9405906"/>
 <node id="1772220843" visible="true" version="1" changeset="11764052" timestamp="2012-06-01T05:21:27Z" user="mongoltweets" uid="254455" lat="47.9068465" lon="106.9412390"/>
 <node id="1772220846" visible="true" version="5" changeset="104676062" timestamp="2021-05-14T09:15:26Z" user="Saruul Gan" uid="3328620" lat="47.9068835" lon="106.9343714"/>
 <node id="1772220848" visible="true" version="5" changeset="104676062" timestamp="2021-05-14T09:15:26Z" user="Saruul Gan" uid="3328620" lat="47.9069175" lon="106.9350142"/>
 <node id="1772220849" visible="true" version="6" changeset="99697203" timestamp="2021-02-21T20:14:39Z" user="cstripling" uid="10082100" lat="47.9069522" lon="106.9403406"/>
 <node id="1772220850" visible="true" version="6" changeset="99697203" timestamp="2021-02-21T20:14:39Z" user="cstripling" uid="10082100" lat="47.9070027" lon="106.9414250"/>
 <node id="1772220853" visible="true" version="4" changeset="104676062" timestamp="2021-05-14T09:15:26Z" user="Saruul Gan" uid="3328620" lat="47.9070138" lon="106.9337030"/>
 <node id="1772220856" visible="true" version="4" changeset="104676062" timestamp="2021-05-14T09:15:26Z" user="Saruul Gan" uid="3328620" lat="47.9070246" lon="106.9339495"/>
 <node id="1772220858" visible="true" version="6" changeset="99697203" timestamp="2021-02-21T20:14:39Z" user="cstripling" uid="10082100" lat="47.9070733" lon="106.9403281"/>
 <node id="1772220860" visible="true" version="5" changeset="104676062" timestamp="2021-05-14T09:15:26Z" user="Saruul Gan" uid="3328620" lat="47.9070459" lon="106.9343523"/>
 <node id="1772220863" visible="true" version="3" changeset="104676062" timestamp="2021-05-14T09:15:26Z" user="Saruul Gan" uid="3328620" lat="47.9070792" lon="106.9351692"/>
 <node id="1772220865" visible="true" version="5" changeset="104676062" timestamp="2021-05-14T09:15:26Z" user="Saruul Gan" uid="3328620" lat="47.9070800" lon="106.9349951"/>
 <node id="1772220867" visible="true" version="3" changeset="104676062" timestamp="2021-05-14T09:15:26Z" user="Saruul Gan" uid="3328620" lat="47.9070910" lon="106.9354175"/>
 <node id="1772220869" visible="true" version="6" changeset="99697203" timestamp="2021-02-21T20:14:39Z" user="cstripling" uid="10082100" lat="47.9071238" lon="106.9414125"/>
 <node id="1772220873" visible="true" version="1" changeset="11764052" timestamp="2012-06-01T05:21:28Z" user="mongoltweets" uid="254455" lat="47.9071702" lon="106.9340546"/>
 <node id="1772220875" visible="true" version="1" changeset="11764052" timestamp="2012-06-01T05:21:28Z" user="mongoltweets" uid="254455" lat="47.9071731" lon="106.9337427"/>
 <node id="1772220879" visible="true" version="1" changeset="11764052" timestamp="2012-06-01T05:21:28Z" user="mongoltweets" uid="254455" lat="47.9071815" lon="106.9343853"/>
 <node id="1772220880" visible="true" version="1" changeset="11764052" timestamp="2012-06-01T05:21:28Z" user="mongoltweets" uid="254455" lat="47.9071871" lon="106.9340378"/>
 <node id="1772220882" visible="true" version="1" changeset="11764052" timestamp="2012-06-01T05:21:28Z" user="mongoltweets" uid="254455" lat="47.9072674" lon="106.9340472"/>
 <node id="1772220886" visible="true" version="1" changeset="11764052" timestamp="2012-06-01T05:21:28Z" user="mongoltweets" uid="254455" lat="47.9072766" lon="106.9337317"/>
 <node id="1772220888" visible="true" version="1" changeset="11764052" timestamp="2012-06-01T05:21:28Z" user="mongoltweets" uid="254455" lat="47.9072786" lon="106.9343780"/>
 <node id="1772220890" visible="true" version="1" changeset="11764052" timestamp="2012-06-01T05:21:28Z" user="mongoltweets" uid="254455" lat="47.9072906" lon="106.9340269"/>
 <node id="1772497837" visible="true" version="2" changeset="67310126" timestamp="2019-02-18T10:44:46Z" user="munkhbayar b" uid="2851175" lat="47.9030758" lon="106.8841985"/>
 <node id="1772497839" visible="true" version="3" changeset="93769237" timestamp="2020-11-09T05:20:16Z" user="oronzai" uid="11925487" lat="47.9031294" lon="106.8856704"/>
 <node id="1772497842" visible="true" version="2" changeset="67310126" timestamp="2019-02-18T10:44:46Z" user="munkhbayar b" uid="2851175" lat="47.9033821" lon="106.8826131"/>
 <node id="1772497846" visible="true" version="2" changeset="67310126" timestamp="2019-02-18T10:44:46Z" user="munkhbayar b" uid="2851175" lat="47.9036205" lon="106.8802488"/>
 <node id="1772497848" visible="true" version="2" changeset="67310126" timestamp="2019-02-18T10:44:46Z" user="munkhbayar b" uid="2851175" lat="47.9037655" lon="106.8780461"/>
 <node id="1772497873" visible="true" version="1" changeset="11765425" timestamp="2012-06-01T08:48:17Z" user="mongoltweets" uid="254455" lat="47.9046307" lon="106.8644618"/>
 <node id="1772497874" visible="true" version="1" changeset="11765425" timestamp="2012-06-01T08:48:17Z" user="mongoltweets" uid="254455" lat="47.9046679" lon="106.8655486"/>
 <node id="1772497895" visible="true" version="1" changeset="11765425" timestamp="2012-06-01T08:48:17Z" user="mongoltweets" uid="254455" lat="47.9057793" lon="106.8697608"/>
 <node id="1772497896" visible="true" version="2" changeset="67310126" timestamp="2019-02-18T10:44:46Z" user="munkhbayar b" uid="2851175" lat="47.9058379" lon="106.8690768"/>
 <node id="1827538596" visible="true" version="3" changeset="24710103" timestamp="2014-08-12T20:08:27Z" user="mongoltweets" uid="254455" lat="47.9001073" lon="106.9320667"/>
 <node id="1827538609" visible="true" version="6" changeset="116280543" timestamp="2022-01-18T05:26:59Z" user="Ochbayar Ganbold" uid="4727667" lat="47.8999833" lon="106.9312414"/>
 <node id="1827538612" visible="true" version="4" changeset="169124694" timestamp="2025-07-18T19:05:56Z" user="Ochbayar Ganbold" uid="4727667" lat="47.9048218" lon="106.9436423"/>
 <node id="2010678602" visible="true" version="3" changeset="22938454" timestamp="2014-06-15T06:57:35Z" user="mongoltweets" uid="254455" lat="47.9000251" lon="106.9318023"/>
 <node id="2230958043" visible="true" version="6" changeset="99697483" timestamp="2021-02-21T20:22:35Z" user="cstripling" uid="10082100" lat="47.9049802" lon="106.9377571"/>
 <node id="2230958059" visible="true" version="6" changeset="42683814" timestamp="2016-10-06T13:03:40Z" user="Баатар" uid="2700224" lat="47.9051515" lon="106.9405900"/>
 <node id="2230958060" visible="true" version="6" changeset="99697483" timestamp="2021-02-21T20:22:35Z" user="cstripling" uid="10082100" lat="47.9050262" lon="106.9385601"/>
 <node id="2230958074" visible="true" version="6" changeset="99697483" timestamp="2021-02-21T20:22:35Z" user="cstripling" uid="10082100" lat="47.9052269" lon="106.9377226"/>
 <node id="2230958078" visible="true" version="6" changeset="99697483" timestamp="2021-02-21T20:22:35Z" user="cstripling" uid="10082100" lat="47.9052738" lon="106.9385243"/>
 <node id="2230958094" visible="true" version="6" changeset="99697483" timestamp="2021-02-21T20:22:35Z" user="cstripling" uid="10082100" lat="47.9050543" lon="106.9389925"/>
 <node id="2230958113" visible="true" version="6" changeset="42683814" timestamp="2016-10-06T13:03:40Z" user="Баатар" uid="2700224" lat="47.9050019" lon="106.9406052"/>
 <node id="2230958120" visible="true" version="6" changeset="42683814" timestamp="2016-10-06T13:03:40Z" user="Баатар" uid="2700224" lat="47.9050510" lon="106.9416774"/>
 <node id="2230958122" visible="true" version="6" changeset="42683814" timestamp="2016-10-06T13:03:40Z" user="Баатар" uid="2700224" lat="47.9052006" lon="106.9416621"/>
 <node id="2230958123" visible="true" version="6" changeset="99697483" timestamp="2021-02-21T20:22:35Z" user="cstripling" uid="10082100" lat="47.9053019" lon="106.9389567"/>
 <node id="2230958148" visible="true" version="6" changeset="99697483" timestamp="2021-02-21T20:22:35Z" user="cstripling" uid="10082100" lat="47.9050058" lon="106.9381647"/>
 <node id="2230958149" visible="true" version="6" changeset="99697483" timestamp="2021-02-21T20:22:35Z" user="cstripling" uid="10082100" lat="47.9052525" lon="106.9381302"/>
 <node id="2268076503" visible="true" version="5" changeset="170284917" timestamp="2025-08-11T10:24:16Z" user="mtmail" uid="8339" lat="47.9047302" lon="106.9349341">
  <tag k="addr:district" v="khan-uul"/>
  <tag k="addr:province" v="ulaanbaatar"/>
  <tag k="addr:subdistrict" v="khoroo 26"/>
  <tag k="amenity" v="pharmacy"/>
  <tag k="facebook" v="https://www.facebook.com/monosemiinsan"/>
  <tag k="insurance" v="yes"/>
  <tag k="name" v="Монос Баянмонгол"/>
  <tag k="name:en" v="Monos Bayanmongol"/>
  <tag k="opening_hours" v="N/A"/>
  <tag k="operator" v="монос улаанбаатар трейд ххк"/>
  <tag k="phone:mobile" v="77990017"/>
  <tag k="website" v="https://emonos.mn/"/>
  <tag k="wheelchair" v="N/A"/>
 </node>
 <node id="2268077795" visible="true" version="5" changeset="104676062" timestamp="2021-05-14T09:15:26Z" user="Saruul Gan" uid="3328620" lat="47.9048731" lon="106.9349044"/>
 <node id="2268077796" visible="true" version="5" changeset="104676062" timestamp="2021-05-14T09:15:26Z" user="Saruul Gan" uid="3328620" lat="47.9049003" lon="106.9353942"/>
 <node id="2268077973" visible="true" version="3" changeset="104676062" timestamp="2021-05-14T09:15:26Z" user="Saruul Gan" uid="3328620" lat="47.9047903" lon="106.9332170"/>
 <node id="2268077974" visible="true" version="3" changeset="104676062" timestamp="2021-05-14T09:15:26Z" user="Saruul Gan" uid="3328620" lat="47.9048134" lon="106.9337231"/>
 <node id="2268078632" visible="true" version="3" changeset="104676062" timestamp="2021-05-14T09:15:26Z" user="Saruul Gan" uid="3328620" lat="47.9047772" lon="106.9329728"/>
 <node id="2268078633" visible="true" version="3" changeset="104676062" timestamp="2021-05-14T09:15:26Z" user="Saruul Gan" uid="3328620" lat="47.9047527" lon="106.9324484"/>
 <node id="2268082568" visible="true" version="4" changeset="108280699" timestamp="2021-07-20T03:01:15Z" user="Sumiyasuren" uid="11925653" lat="47.9059686" lon="106.9319095"/>
 <node id="2268082570" visible="true" version="4" changeset="108280699" timestamp="2021-07-20T03:01:15Z" user="Sumiyasuren" uid="11925653" lat="47.9059757" lon="106.9320383"/>
 <node id="2268082572" visible="true" version="4" changeset="108280699" timestamp="2021-07-20T03:01:15Z" user="Sumiyasuren" uid="11925653" lat="47.9061052" lon="106.9318961"/>
 <node id="2268082594" visible="true" version="4" changeset="108280699" timestamp="2021-07-20T03:01:15Z" user="Sumiyasuren" uid="11925653" lat="47.9061124" lon="106.9320222"/>
 <node id="2282811624" visible="true" version="1" changeset="15880103" timestamp="2013-04-27T07:13:59Z" user="Tsenge Kh" uid="673530" lat="47.9048912" lon="106.9336299"/>
 <node id="2282811625" visible="true" version="1" changeset="15880103" timestamp="2013-04-27T07:13:59Z" user="Tsenge Kh" uid="673530" lat="47.9055973" lon="106.9324921"/>
 <node id="2282811627" visible="true" version="1" changeset="15880103" timestamp="2013-04-27T07:13:59Z" user="Tsenge Kh" uid="673530" lat="47.9056151" lon="106.9327776"/>
 <node id="2282811628" visible="true" version="2" changeset="108665522" timestamp="2021-07-27T07:11:32Z" user="purevbayr" uid="10561069" lat="47.9071507" lon="106.9341555"/>
 <node id="2282811629" visible="true" version="1" changeset="15880103" timestamp="2013-04-27T07:13:59Z" user="Tsenge Kh" uid="673530" lat="47.9057797" lon="106.9333328"/>
 <node id="2282811630" visible="true" version="3" changeset="101224730" timestamp="2021-03-18T04:37:05Z" user="Erdenetsogt Sumiyasuren" uid="9357108" lat="47.9056528" lon="106.9333562"/>
 <node id="2282811631" visible="true" version="1" changeset="15880103" timestamp="2013-04-27T07:13:59Z" user="Tsenge Kh" uid="673530" lat="47.9048428" lon="106.9328851"/>
 <node id="2282811632" visible="true" version="5" changeset="164415706" timestamp="2025-04-02T11:04:21Z" user="saruul04" uid="21972502" lat="47.9064388" lon="106.9341340"/>
 <node id="2282811633" visible="true" version="1" changeset="15880103" timestamp="2013-04-27T07:13:59Z" user="Tsenge Kh" uid="673530" lat="47.9056071" lon="106.9326496"/>
 <node id="2282811635" visible="true" version="1" changeset="15880103" timestamp="2013-04-27T07:13:59Z" user="Tsenge Kh" uid="673530" lat="47.9057132" lon="106.9319354"/>
 <node id="2282811636" visible="true" version="2" changeset="101224730" timestamp="2021-03-18T04:37:05Z" user="Erdenetsogt Sumiyasuren" uid="9357108" lat="47.9056257" lon="106.9335340"/>
 <node id="2282811637" visible="true" version="1" changeset="15880103" timestamp="2013-04-27T07:13:59Z" user="Tsenge Kh" uid="673530" lat="47.9057472" lon="106.9326322"/>
 <node id="2282811639" visible="true" version="2" changeset="101224730" timestamp="2021-03-18T04:37:05Z" user="Erdenetsogt Sumiyasuren" uid="9357108" lat="47.9056113" lon="106.9332666"/>
 <node id="2282811640" visible="true" version="1" changeset="15880103" timestamp="2013-04-27T07:13:59Z" user="Tsenge Kh" uid="673530" lat="47.9048733" lon="106.9333293"/>
 <node id="2282811641" visible="true" version="2" changeset="104676062" timestamp="2021-05-14T09:15:26Z" user="Saruul Gan" uid="3328620" lat="47.9045140" lon="106.9320815"/>
 <node id="2282811643" visible="true" version="3" changeset="104676062" timestamp="2021-05-14T09:15:26Z" user="Saruul Gan" uid="3328620" lat="47.9071999" lon="106.9355363"/>
 <node id="2282811649" visible="true" version="1" changeset="15880103" timestamp="2013-04-27T07:13:59Z" user="Tsenge Kh" uid="673530" lat="47.9048250" lon="106.9325996"/>
 <node id="2282812561" visible="true" version="2" changeset="104676062" timestamp="2021-05-14T09:15:26Z" user="Saruul Gan" uid="3328620" lat="47.9046253" lon="106.9342011"/>
 <node id="2282812562" visible="true" version="1" changeset="15880103" timestamp="2013-04-27T07:16:35Z" user="Tsenge Kh" uid="673530" lat="47.9053895" lon="106.9343869"/>
 <node id="2282812563" visible="true" version="2" changeset="104676062" timestamp="2021-05-14T09:15:26Z" user="Saruul Gan" uid="3328620" lat="47.9046379" lon="106.9344783"/>
 <node id="2282812565" visible="true" version="3" changeset="104676062" timestamp="2021-05-14T09:15:26Z" user="Saruul Gan" uid="3328620" lat="47.9058151" lon="106.9340686"/>
 <node id="2282812968" visible="true" version="3" changeset="104676062" timestamp="2021-05-14T09:15:26Z" user="Saruul Gan" uid="3328620" lat="47.9058699" lon="106.9350805"/>
 <node id="2282812969" visible="true" version="2" changeset="97102425" timestamp="2021-01-07T10:35:44Z" user="tseku" uid="6905150" lat="47.9057138" lon="106.9349585"/>
 <node id="2282812970" visible="true" version="1" changeset="15880103" timestamp="2013-04-27T07:17:57Z" user="Tsenge Kh" uid="673530" lat="47.9049707" lon="106.9353018"/>
 <node id="2282812971" visible="true" version="2" changeset="97102425" timestamp="2021-01-07T10:35:44Z" user="tseku" uid="6905150" lat="47.9049611" lon="106.9350353"/>
 <node id="2282812972" visible="true" version="1" changeset="15880103" timestamp="2013-04-27T07:17:57Z" user="Tsenge Kh" uid="673530" lat="47.9057234" lon="106.9352089"/>
 <node id="2282812973" visible="true" version="2" changeset="104676062" timestamp="2021-05-14T09:15:26Z" user="Saruul Gan" uid="3328620" lat="47.9057219" lon="106.9350918"/>
 <node id="2282813045" visible="true" version="1" changeset="15880103" timestamp="2013-04-27T07:18:44Z" user="Tsenge Kh" uid="673530" lat="47.9067161" lon="106.9341933"/>
 <node id="2282813046" visible="true" version="2" changeset="27559484" timestamp="2014-12-18T21:45:38Z" user="Luis36995" uid="1829683" lat="47.9058687" lon="106.9350207"/>
 <node id="2282813047" visible="true" version="2" changeset="108665522" timestamp="2021-07-27T07:11:32Z" user="purevbayr" uid="10561069" lat="47.9067514" lon="106.9349581"/>
 <node id="2282813379" visible="true" version="2" changeset="101224730" timestamp="2021-03-18T04:37:05Z" user="Erdenetsogt Sumiyasuren" uid="9357108" lat="47.9055007" lon="106.9340986"/>
 <node id="2282813380" visible="true" version="2" changeset="101224730" timestamp="2021-03-18T04:37:05Z" user="Erdenetsogt Sumiyasuren" uid="9357108" lat="47.9055180" lon="106.9343742"/>
 <node id="2282814031" visible="true" version="2" changeset="104676062" timestamp="2021-05-14T09:15:26Z" user="Saruul Gan" uid="3328620" lat="47.9062957" lon="106.9318117"/>
 <node id="2282814033" visible="true" version="1" changeset="15880103" timestamp="2013-04-27T07:23:30Z" user="Tsenge Kh" uid="673530" lat="47.9070185" lon="106.9332896"/>
 <node id="2282814035" visible="true" version="1" changeset="15880103" timestamp="2013-04-27T07:23:30Z" user="Tsenge Kh" uid="673530" lat="47.9071336" lon="106.9333057"/>
 <node id="2282814037" visible="true" version="1" changeset="15880103" timestamp="2013-04-27T07:23:30Z" user="Tsenge Kh" uid="673530" lat="47.9064000" lon="106.9325010"/>
 <node id="2282814039" visible="true" version="3" changeset="104676062" timestamp="2021-05-14T09:15:26Z" user="Saruul Gan" uid="3328620" lat="47.9073187" lon="106.9354449"/>
 <node id="2282814041" visible="true" version="1" changeset="15880103" timestamp="2013-04-27T07:23:30Z" user="Tsenge Kh" uid="673530" lat="47.9068747" lon="106.9332467"/>
 <node id="2282814043" visible="true" version="1" changeset="15880103" timestamp="2013-04-27T07:23:30Z" user="Tsenge Kh" uid="673530" lat="47.9064827" lon="106.9327883"/>
 <node id="2282814044" visible="true" version="1" changeset="15880103" timestamp="2013-04-27T07:23:30Z" user="Tsenge Kh" uid="673530" lat="47.9063425" lon="106.9321875"/>
 <node id="2282814046" visible="true" version="1" changeset="15880103" timestamp="2013-04-27T07:23:30Z" user="Tsenge Kh" uid="673530" lat="47.9067273" lon="106.9331126"/>
 <node id="2282814048" visible="true" version="1" changeset="15880103" timestamp="2013-04-27T07:23:30Z" user="Tsenge Kh" uid="673530" lat="47.9073170" lon="106.9332896"/>
 <node id="2282814054" visible="true" version="1" changeset="15880103" timestamp="2013-04-27T07:23:30Z" user="Tsenge Kh" uid="673530" lat="47.9065906" lon="106.9329624"/>
 <node id="2282815537" visible="true" version="2" changeset="23059794" timestamp="2014-06-21T11:19:20Z" user="mongoltweets" uid="254455" lat="47.9072577" lon="106.9414319"/>
 <node id="2282815538" visible="true" version="2" changeset="104676062" timestamp="2021-05-14T09:15:26Z" user="Saruul Gan" uid="3328620" lat="47.9049039" lon="106.9416627"/>
 <node id="2282815539" visible="true" version="2" changeset="104676062" timestamp="2021-05-14T09:15:26Z" user="Saruul Gan" uid="3328620" lat="47.9048729" lon="106.9403629"/>
 <node id="2282815540" visible="true" version="3" changeset="104676062" timestamp="2021-05-14T09:15:26Z" user="Saruul Gan" uid="3328620" lat="47.9072638" lon="106.9401332"/>
 <node id="2282821615" visible="true" version="9" changeset="154023728" timestamp="2024-07-16T16:29:12Z" user="Saruul Gan" uid="3328620" lat="47.9034824" lon="106.9302556"/>
 <node id="2282821616" visible="true" version="9" changeset="154023728" timestamp="2024-07-16T16:29:12Z" user="Saruul Gan" uid="3328620" lat="47.9041831" lon="106.9299458"/>
 <node id="2282821617" visible="true" version="9" changeset="154023728" timestamp="2024-07-16T16:29:12Z" user="Saruul Gan" uid="3328620" lat="47.9034730" lon="106.9300160"/>
 <node id="2282821618" visible="true" version="9" changeset="154023728" timestamp="2024-07-16T16:29:12Z" user="Saruul Gan" uid="3328620" lat="47.9041931" lon="106.9301860"/>
 <node id="2291722158" visible="true" version="1" changeset="15975437" timestamp="2013-05-04T18:51:08Z" user="rknbg" uid="152464" lat="47.9056522" lon="106.9081861"/>
 <node id="2299650100" visible="true" version="2" changeset="99697203" timestamp="2021-02-21T20:14:39Z" user="cstripling" uid="10082100" lat="47.9069452" lon="106.9374880"/>
 <node id="2299650101" visible="true" version="2" changeset="99697203" timestamp="2021-02-21T20:14:39Z" user="cstripling" uid="10082100" lat="47.9069444" lon="106.9373915"/>
 <node id="2299650102" visible="true" version="2" changeset="99697203" timestamp="2021-02-21T20:14:39Z" user="cstripling" uid="10082100" lat="47.9068059" lon="106.9374908"/>
 <node id="2299650103" visible="true" version="2" changeset="99697203" timestamp="2021-02-21T20:14:39Z" user="cstripling" uid="10082100" lat="47.9067969" lon="106.9381000"/>
 <node id="2299650104" visible="true" version="2" changeset="99697203" timestamp="2021-02-21T20:14:39Z" user="cstripling" uid="10082100" lat="47.9068050" lon="106.9373942"/>
 <node id="2299650110" visible="true" version="2" changeset="99697203" timestamp="2021-02-21T20:14:39Z" user="cstripling" uid="10082100" lat="47.9067887" lon="106.9378921"/>
 <node id="2299650111" visible="true" version="2" changeset="99697203" timestamp="2021-02-21T20:14:39Z" user="cstripling" uid="10082100" lat="47.9068696" lon="106.9380936"/>
 <node id="2299650113" visible="true" version="2" changeset="99697203" timestamp="2021-02-21T20:14:39Z" user="cstripling" uid="10082100" lat="47.9068613" lon="106.9378857"/>
 <node id="2309450901" visible="true" version="5" changeset="109466671" timestamp="2021-08-10T13:38:58Z" user="kartonage" uid="1497225" lat="47.9040757" lon="106.9303984"/>
 <node id="2309451085" visible="true" version="5" changeset="109466671" timestamp="2021-08-10T13:38:58Z" user="kartonage" uid="1497225" lat="47.9041948" lon="106.9306417"/>
 <node id="2309451118" visible="true" version="5" changeset="109466671" timestamp="2021-08-10T13:38:58Z" user="kartonage" uid="1497225" lat="47.9040844" lon="106.9306502"/>
 <node id="2309451137" visible="true" version="5" changeset="109466671" timestamp="2021-08-10T13:38:58Z" user="kartonage" uid="1497225" lat="47.9041860" lon="106.9303899"/>
 <node id="2321612869" visible="true" version="1" changeset="16305924" timestamp="2013-05-27T08:05:54Z" user="Dashzegve" uid="629718" lat="47.9049141" lon="106.9339249">
  <tag k="amenity" v="fast_food"/>
  <tag k="name" v="Pizza Pazza"/>
 </node>
 <node id="2321612873" visible="true" version="1" changeset="16305924" timestamp="2013-05-27T08:05:54Z" user="Dashzegve" uid="629718" lat="47.9053529" lon="106.9342575">
  <tag k="name" v="Fresco Bayan Mongol"/>
  <tag k="tourism" v="viewpoint"/>
 </node>
 <node id="2323953974" visible="true" version="2" changeset="101878240" timestamp="2021-03-28T15:18:57Z" user="MacDurk" uid="2517759" lat="47.8838412" lon="106.8140911"/>
 <node id="2357441876" visible="true" version="4" changeset="110380438" timestamp="2021-08-28T13:22:55Z" user="lwcc_enhee" uid="11777926" lat="47.8998151" lon="106.9310631">
  <tag k="highway" v="crossing"/>
 </node>
 <node id="2357441883" visible="true" version="4" changeset="119938113" timestamp="2022-04-20T07:27:02Z" user="Ochbayar Ganbold" uid="4727667" lat="47.8999203" lon="106.9314414"/>
 <node id="2357441897" visible="true" version="3" changeset="110380438" timestamp="2021-08-28T13:22:55Z" user="lwcc_enhee" uid="11777926" lat="47.8999198" lon="106.9309946">
  <tag k="highway" v="crossing"/>
 </node>
 <node id="2357441923" visible="true" version="4" changeset="144538185" timestamp="2023-11-28T08:53:33Z" user="Batubileg" uid="18216995" lat="47.9000165" lon="106.9308619"/>
 <node id="2497053729" visible="true" version="3" changeset="23059794" timestamp="2014-06-21T11:19:26Z" user="mongoltweets" uid="254455" lat="47.9073969" lon="106.9356016"/>
 <node id="2699995717" visible="true" version="1" changeset="20889942" timestamp="2014-03-03T14:56:39Z" user="mongoltweets" uid="254455" lat="47.9066319" lon="106.9107876"/>
 <node id="2699995719" visible="true" version="1" changeset="20889942" timestamp="2014-03-03T14:56:39Z" user="mongoltweets" uid="254455" lat="47.9066554" lon="106.9110880"/>
 <node id="2699995721" visible="true" version="1" changeset="20889942" timestamp="2014-03-03T14:56:39Z" user="mongoltweets" uid="254455" lat="47.9066580" lon="106.9109515"/>
 <node id="2699995722" visible="true" version="1" changeset="20889942" timestamp="2014-03-03T14:56:39Z" user="mongoltweets" uid="254455" lat="47.9066607" lon="106.9115601"/>
 <node id="2699995724" visible="true" version="1" changeset="20889942" timestamp="2014-03-03T14:56:39Z" user="mongoltweets" uid="254455" lat="47.9066659" lon="106.9113455"/>
 <node id="2699995725" visible="true" version="1" changeset="20889942" timestamp="2014-03-03T14:56:39Z" user="mongoltweets" uid="254455" lat="47.9066842" lon="106.9114313"/>
 <node id="2699995727" visible="true" version="1" changeset="20889942" timestamp="2014-03-03T14:56:39Z" user="mongoltweets" uid="254455" lat="47.9066894" lon="106.9111895"/>
 <node id="2912400647" visible="true" version="4" changeset="25552909" timestamp="2014-09-20T04:21:06Z" user="Seandebasti" uid="550560" lat="47.9015325" lon="106.9391740"/>
 <node id="2912400651" visible="true" version="5" changeset="25552909" timestamp="2014-09-20T04:21:06Z" user="Seandebasti" uid="550560" lat="47.9017409" lon="106.9388291"/>
 <node id="2912400653" visible="true" version="4" changeset="25552909" timestamp="2014-09-20T04:21:06Z" user="Seandebasti" uid="550560" lat="47.9018465" lon="106.9403725"/>
 <node id="2916981069" visible="true" version="3" changeset="110380438" timestamp="2021-08-28T13:22:55Z" user="lwcc_enhee" uid="11777926" lat="47.8998850" lon="106.9310736"/>
 <node id="2916981084" visible="true" version="1" changeset="22938454" timestamp="2014-06-15T06:57:26Z" user="mongoltweets" uid="254455" lat="47.9004529" lon="106.9332220"/>
 <node id="2916981164" visible="true" version="2" changeset="24710103" timestamp="2014-08-12T20:08:28Z" user="mongoltweets" uid="254455" lat="47.9012031" lon="106.9360948"/>
 <node id="2916981220" visible="true" version="2" changeset="25552909" timestamp="2014-09-20T04:21:06Z" user="Seandebasti" uid="550560" lat="47.9015680" lon="106.9391504"/>
 <node id="2916981221" visible="true" version="3" changeset="25552909" timestamp="2014-09-20T04:21:06Z" user="Seandebasti" uid="550560" lat="47.9016160" lon="106.9389605"/>
 <node id="2916981225" visible="true" version="3" changeset="25552909" timestamp="2014-09-20T04:21:06Z" user="Seandebasti" uid="550560" lat="47.9016388" lon="106.9391266"/>
 <node id="2916981226" visible="true" version="3" changeset="25552909" timestamp="2014-09-20T04:21:07Z" user="Seandebasti" uid="550560" lat="47.9016631" lon="106.9390478"/>
 <node id="2916981228" visible="true" version="3" changeset="25552909" timestamp="2014-09-20T04:21:06Z" user="Seandebasti" uid="550560" lat="47.9016417" lon="106.9392245"/>
 <node id="2916981230" visible="true" version="3" changeset="25552909" timestamp="2014-09-20T04:21:06Z" user="Seandebasti" uid="550560" lat="47.9016408" lon="106.9394414"/>
 <node id="2916981232" visible="true" version="3" changeset="25552909" timestamp="2014-09-20T04:21:06Z" user="Seandebasti" uid="550560" lat="47.9017116" lon="106.9389009"/>
 <node id="2916981233" visible="true" version="9" changeset="109466671" timestamp="2021-08-10T13:38:58Z" user="kartonage" uid="1497225" lat="47.9020081" lon="106.9309806"/>
 <node id="2916981236" visible="true" version="4" changeset="25552909" timestamp="2014-09-20T04:21:07Z" user="Seandebasti" uid="550560" lat="47.9017658" lon="106.9389563"/>
 <node id="2916981238" visible="true" version="4" changeset="99219318" timestamp="2021-02-13T16:07:46Z" user="Saruul Gan" uid="3328620" lat="47.9018200" lon="106.9386027"/>
 <node id="2916981239" visible="true" version="4" changeset="25552909" timestamp="2014-09-20T04:21:06Z" user="Seandebasti" uid="550560" lat="47.9017715" lon="106.9396439"/>
 <node id="2916981246" visible="true" version="3" changeset="25552909" timestamp="2014-09-20T04:21:07Z" user="Seandebasti" uid="550560" lat="47.9018502" lon="106.9389630"/>
 <node id="2916981250" visible="true" version="9" changeset="109466671" timestamp="2021-08-10T13:38:58Z" user="kartonage" uid="1497225" lat="47.9020893" lon="106.9314560"/>
 <node id="2916981251" visible="true" version="3" changeset="25552909" timestamp="2014-09-20T04:21:06Z" user="Seandebasti" uid="550560" lat="47.9018643" lon="106.9397461"/>
 <node id="2916981252" visible="true" version="3" changeset="25552909" timestamp="2014-09-20T04:21:06Z" user="Seandebasti" uid="550560" lat="47.9019273" lon="106.9390126"/>
 <node id="2916981255" visible="true" version="2" changeset="24710103" timestamp="2014-08-12T20:08:28Z" user="mongoltweets" uid="254455" lat="47.9019003" lon="106.9387541"/>
 <node id="2916981256" visible="true" version="2" changeset="25552909" timestamp="2014-09-20T04:21:06Z" user="Seandebasti" uid="550560" lat="47.9017558" lon="106.9399100"/>
 <node id="2916981258" visible="true" version="4" changeset="25552909" timestamp="2014-09-20T04:21:06Z" user="Seandebasti" uid="550560" lat="47.9021383" lon="106.9406466"/>
 <node id="2916981269" visible="true" version="7" changeset="109466671" timestamp="2021-08-10T13:38:58Z" user="kartonage" uid="1497225" lat="47.9023893" lon="106.9308175"/>
 <node id="2916981270" visible="true" version="4" changeset="25552909" timestamp="2014-09-20T04:21:06Z" user="Seandebasti" uid="550560" lat="47.9022725" lon="106.9417536"/>
 <node id="2916981272" visible="true" version="4" changeset="25552909" timestamp="2014-09-20T04:21:06Z" user="Seandebasti" uid="550560" lat="47.9021791" lon="106.9418798"/>
 <node id="2916981273" visible="true" version="4" changeset="144120527" timestamp="2023-11-17T03:30:53Z" user="Batubileg" uid="18216995" lat="47.9021676" lon="106.9400369"/>
 <node id="2916981275" visible="true" version="7" changeset="109466671" timestamp="2021-08-10T13:38:58Z" user="kartonage" uid="1497225" lat="47.9024706" lon="106.9312812"/>
 <node id="2916981278" visible="true" version="5" changeset="25552909" timestamp="2014-09-20T04:21:07Z" user="Seandebasti" uid="550560" lat="47.9025722" lon="106.9416173"/>
 <node id="2916981279" visible="true" version="2" changeset="24710103" timestamp="2014-08-12T20:08:28Z" user="mongoltweets" uid="254455" lat="47.9025728" lon="106.9413057"/>
 <node id="2916981288" visible="true" version="4" changeset="25552909" timestamp="2014-09-20T04:21:07Z" user="Seandebasti" uid="550560" lat="47.9027206" lon="106.9422156"/>
 <node id="2916981292" visible="true" version="2" changeset="23044331" timestamp="2014-06-20T13:31:59Z" user="mongoltweets" uid="254455" lat="47.9029779" lon="106.9428487"/>
 <node id="2916981296" visible="true" version="3" changeset="23058932" timestamp="2014-06-21T10:16:09Z" user="mongoltweets" uid="254455" lat="47.9031001" lon="106.9432438"/>
 <node id="2916981304" visible="true" version="2" changeset="23044331" timestamp="2014-06-20T13:31:59Z" user="mongoltweets" uid="254455" lat="47.9032898" lon="106.9435330"/>
 <node id="2916981309" visible="true" version="2" changeset="23044331" timestamp="2014-06-20T13:31:59Z" user="mongoltweets" uid="254455" lat="47.9035394" lon="106.9436879"/>
 <node id="2924678418" visible="true" version="3" changeset="25552909" timestamp="2014-09-20T04:21:06Z" user="Seandebasti" uid="550560" lat="47.9017980" lon="106.9404023"/>
 <node id="2924678419" visible="true" version="4" changeset="25552909" timestamp="2014-09-20T04:21:06Z" user="Seandebasti" uid="550560" lat="47.9024973" lon="106.9416733"/>
 <node id="2924704917" visible="true" version="2" changeset="25552909" timestamp="2014-09-20T04:21:06Z" user="Seandebasti" uid="550560" lat="47.9015716" lon="106.9390471"/>
 <node id="2924704919" visible="true" version="2" changeset="25552909" timestamp="2014-09-20T04:21:06Z" user="Seandebasti" uid="550560" lat="47.9016669" lon="106.9395433"/>
 <node id="2924704924" visible="true" version="2" changeset="25552909" timestamp="2014-09-20T04:21:06Z" user="Seandebasti" uid="550560" lat="47.9016802" lon="106.9393969"/>
 <node id="2924704925" visible="true" version="2" changeset="25552909" timestamp="2014-09-20T04:21:06Z" user="Seandebasti" uid="550560" lat="47.9017137" lon="106.9397217"/>
 <node id="2924704926" visible="true" version="2" changeset="25552909" timestamp="2014-09-20T04:21:06Z" user="Seandebasti" uid="550560" lat="47.9017316" lon="106.9395843"/>
 <node id="2924704927" visible="true" version="3" changeset="25552909" timestamp="2014-09-20T04:21:06Z" user="Seandebasti" uid="550560" lat="47.9017715" lon="106.9388328"/>
 <node id="2924704928" visible="true" version="3" changeset="25552909" timestamp="2014-09-20T04:21:06Z" user="Seandebasti" uid="550560" lat="47.9019699" lon="106.9407488"/>
 <node id="2924704929" visible="true" version="3" changeset="25552909" timestamp="2014-09-20T04:21:06Z" user="Seandebasti" uid="550560" lat="47.9022225" lon="106.9417302"/>
 <node id="2924704932" visible="true" version="3" changeset="25552909" timestamp="2014-09-20T04:21:06Z" user="Seandebasti" uid="550560" lat="47.9023752" lon="106.9416897"/>
 <node id="2924704937" visible="true" version="3" changeset="25552909" timestamp="2014-09-20T04:21:04Z" user="Seandebasti" uid="550560" lat="47.9026274" lon="106.9418396"/>
 <node id="2924704947" visible="true" version="3" changeset="25552909" timestamp="2014-09-20T04:21:04Z" user="Seandebasti" uid="550560" lat="47.9027033" lon="106.9421456"/>
 <node id="2924704955" visible="true" version="1" changeset="23044331" timestamp="2014-06-20T13:31:56Z" user="mongoltweets" uid="254455" lat="47.9030287" lon="106.9430465"/>
 <node id="2924704959" visible="true" version="2" changeset="24710103" timestamp="2014-08-12T20:08:28Z" user="mongoltweets" uid="254455" lat="47.9031089" lon="106.9431117"/>
 <node id="2924704961" visible="true" version="2" changeset="25552909" timestamp="2014-09-20T04:21:07Z" user="Seandebasti" uid="550560" lat="47.9031576" lon="106.9434698"/>
 <node id="2924704962" visible="true" version="1" changeset="23044331" timestamp="2014-06-20T13:31:56Z" user="mongoltweets" uid="254455" lat="47.9031714" lon="106.9433761"/>
 <node id="2924704969" visible="true" version="1" changeset="23044331" timestamp="2014-06-20T13:31:56Z" user="mongoltweets" uid="254455" lat="47.9033494" lon="106.9434685"/>
 <node id="2924704971" visible="true" version="1" changeset="23044331" timestamp="2014-06-20T13:31:56Z" user="mongoltweets" uid="254455" lat="47.9033766" lon="106.9436943"/>
 <node id="2924704974" visible="true" version="1" changeset="23044331" timestamp="2014-06-20T13:31:56Z" user="mongoltweets" uid="254455" lat="47.9034154" lon="106.9436263"/>
 <node id="2924704978" visible="true" version="1" changeset="23044331" timestamp="2014-06-20T13:31:56Z" user="mongoltweets" uid="254455" lat="47.9034974" lon="106.9437532"/>
 <node id="2924704979" visible="true" version="1" changeset="23044331" timestamp="2014-06-20T13:31:56Z" user="mongoltweets" uid="254455" lat="47.9036275" lon="106.9437061"/>
 <node id="2924704980" visible="true" version="1" changeset="23044331" timestamp="2014-06-20T13:31:56Z" user="mongoltweets" uid="254455" lat="47.9036317" lon="106.9437848"/>
 <node id="2924704981" visible="true" version="1" changeset="23044331" timestamp="2014-06-20T13:31:56Z" user="mongoltweets" uid="254455" lat="47.9037628" lon="106.9437061"/>
 <node id="2924704982" visible="true" version="1" changeset="23044331" timestamp="2014-06-20T13:31:56Z" user="mongoltweets" uid="254455" lat="47.9039114" lon="106.9436884"/>
 <node id="2925739550" visible="true" version="2" changeset="25552909" timestamp="2014-09-20T04:21:06Z" user="Seandebasti" uid="550560" lat="47.9016702" lon="106.9391585"/>
 <node id="2925739552" visible="true" version="3" changeset="25552909" timestamp="2014-09-20T04:21:06Z" user="Seandebasti" uid="550560" lat="47.9016952" lon="106.9390803"/>
 <node id="2925739553" visible="true" version="2" changeset="25552909" timestamp="2014-09-20T04:21:06Z" user="Seandebasti" uid="550560" lat="47.9019249" lon="106.9397735"/>
 <node id="2925739554" visible="true" version="3" changeset="25552909" timestamp="2014-09-20T04:21:06Z" user="Seandebasti" uid="550560" lat="47.9018408" lon="106.9390100"/>
 <node id="2925739556" visible="true" version="2" changeset="25552909" timestamp="2014-09-20T04:21:07Z" user="Seandebasti" uid="550560" lat="47.9019795" lon="106.9397381"/>
 <node id="2925739562" visible="true" version="1" changeset="23058932" timestamp="2014-06-21T10:16:04Z" user="mongoltweets" uid="254455" lat="47.9021171" lon="106.9403099"/>
 <node id="2925739564" visible="true" version="2" changeset="25552909" timestamp="2014-09-20T04:21:06Z" user="Seandebasti" uid="550560" lat="47.9024009" lon="106.9415961"/>
 <node id="2925788844" visible="true" version="1" changeset="23059794" timestamp="2014-06-21T11:18:53Z" user="mongoltweets" uid="254455" lat="47.9071883" lon="106.9432008"/>
 <node id="3013058998" visible="true" version="2" changeset="25552909" timestamp="2014-09-20T04:21:07Z" user="Seandebasti" uid="550560" lat="47.9017230" lon="106.9389861"/>
 <node id="3013059000" visible="true" version="2" changeset="25552909" timestamp="2014-09-20T04:21:07Z" user="Seandebasti" uid="550560" lat="47.9021469" lon="106.9402293"/>
 <node id="3013059001" visible="true" version="2" changeset="25552909" timestamp="2014-09-20T04:21:07Z" user="Seandebasti" uid="550560" lat="47.9022357" lon="106.9405681"/>
 <node id="3013059002" visible="true" version="2" changeset="25552909" timestamp="2014-09-20T04:21:07Z" user="Seandebasti" uid="550560" lat="47.9023410" lon="106.9407722"/>
 <node id="3086969440" visible="true" version="2" changeset="115014545" timestamp="2021-12-16T15:29:25Z" user="munkhbayar b" uid="2851175" lat="47.9021523" lon="106.9418448"/>
 <node id="3086969648" visible="true" version="1" changeset="25552909" timestamp="2014-09-20T04:20:54Z" user="Seandebasti" uid="550560" lat="47.9015225" lon="106.9390377"/>
 <node id="3086969649" visible="true" version="1" changeset="25552909" timestamp="2014-09-20T04:20:54Z" user="Seandebasti" uid="550560" lat="47.9015853" lon="106.9389249"/>
 <node id="3086969650" visible="true" version="1" changeset="25552909" timestamp="2014-09-20T04:20:54Z" user="Seandebasti" uid="550560" lat="47.9016539" lon="106.9388823"/>
 <node id="3086969651" visible="true" version="1" changeset="25552909" timestamp="2014-09-20T04:20:54Z" user="Seandebasti" uid="550560" lat="47.9017737" lon="106.9387610"/>
 <node id="3086969652" visible="true" version="1" changeset="25552909" timestamp="2014-09-20T04:20:54Z" user="Seandebasti" uid="550560" lat="47.9017609" lon="106.9390079"/>
 <node id="3086969653" visible="true" version="1" changeset="25552909" timestamp="2014-09-20T04:20:54Z" user="Seandebasti" uid="550560" lat="47.9019214" lon="106.9398163"/>
 <node id="3086969654" visible="true" version="1" changeset="25552909" timestamp="2014-09-20T04:20:54Z" user="Seandebasti" uid="550560" lat="47.9021627" lon="106.9414976"/>
 <node id="3086969655" visible="true" version="1" changeset="25552909" timestamp="2014-09-20T04:20:54Z" user="Seandebasti" uid="550560" lat="47.9023424" lon="106.9413844"/>
 <node id="3086969656" visible="true" version="2" changeset="115014545" timestamp="2021-12-16T15:29:25Z" user="munkhbayar b" uid="2851175" lat="47.9021699" lon="106.9419071"/>
 <node id="3086969667" visible="true" version="1" changeset="25552909" timestamp="2014-09-20T04:20:54Z" user="Seandebasti" uid="550560" lat="47.9027081" lon="106.9422833"/>
 <node id="3086969668" visible="true" version="1" changeset="25552909" timestamp="2014-09-20T04:20:54Z" user="Seandebasti" uid="550560" lat="47.9023465" lon="106.9425662"/>
 <node id="3086969669" visible="true" version="1" changeset="25552909" timestamp="2014-09-20T04:20:54Z" user="Seandebasti" uid="550560" lat="47.9029943" lon="106.9430441"/>
 <node id="3086969670" visible="true" version="1" changeset="25552909" timestamp="2014-09-20T04:20:54Z" user="Seandebasti" uid="550560" lat="47.9030451" lon="106.9432305"/>
 <node id="3086969671" visible="true" version="1" changeset="25552909" timestamp="2014-09-20T04:20:54Z" user="Seandebasti" uid="550560" lat="47.9025193" lon="106.9417130"/>
 <node id="3086969672" visible="true" version="1" changeset="25552909" timestamp="2014-09-20T04:20:54Z" user="Seandebasti" uid="550560" lat="47.9022179" lon="106.9405805"/>
 <node id="3086969673" visible="true" version="1" changeset="25552909" timestamp="2014-09-20T04:20:54Z" user="Seandebasti" uid="550560" lat="47.9021278" lon="106.9402389"/>
 <node id="3086969674" visible="true" version="1" changeset="25552909" timestamp="2014-09-20T04:20:54Z" user="Seandebasti" uid="550560" lat="47.9019842" lon="106.9397027"/>
 <node id="3086969675" visible="true" version="1" changeset="25552909" timestamp="2014-09-20T04:20:54Z" user="Seandebasti" uid="550560" lat="47.9019285" lon="106.9397381"/>
 <node id="3086969676" visible="true" version="1" changeset="25552909" timestamp="2014-09-20T04:20:54Z" user="Seandebasti" uid="550560" lat="47.9017873" lon="106.9395806"/>
 <node id="3086969677" visible="true" version="1" changeset="25552909" timestamp="2014-09-20T04:20:55Z" user="Seandebasti" uid="550560" lat="47.9017505" lon="106.9394833"/>
 <node id="3086969678" visible="true" version="1" changeset="25552909" timestamp="2014-09-20T04:20:55Z" user="Seandebasti" uid="550560" lat="47.9017043" lon="106.9393134"/>
 <node id="3086969679" visible="true" version="1" changeset="25552909" timestamp="2014-09-20T04:20:55Z" user="Seandebasti" uid="550560" lat="47.9016829" lon="106.9391595"/>
 <node id="3086969680" visible="true" version="1" changeset="25552909" timestamp="2014-09-20T04:20:55Z" user="Seandebasti" uid="550560" lat="47.9017066" lon="106.9390887"/>
 <node id="3086969681" visible="true" version="1" changeset="25552909" timestamp="2014-09-20T04:20:55Z" user="Seandebasti" uid="550560" lat="47.9017695" lon="106.9390250"/>
 <node id="3086969682" visible="true" version="1" changeset="25552909" timestamp="2014-09-20T04:20:55Z" user="Seandebasti" uid="550560" lat="47.9018668" lon="106.9390391"/>
 <node id="3086969683" visible="true" version="1" changeset="25552909" timestamp="2014-09-20T04:20:55Z" user="Seandebasti" uid="550560" lat="47.9018030" lon="106.9388698"/>
 <node id="3086969685" visible="true" version="2" changeset="144120527" timestamp="2023-11-17T03:30:53Z" user="Batubileg" uid="18216995" lat="47.9019478" lon="106.9391765"/>
 <node id="3086969686" visible="true" version="1" changeset="25552909" timestamp="2014-09-20T04:20:55Z" user="Seandebasti" uid="550560" lat="47.9018181" lon="106.9390214"/>
 <node id="3086969687" visible="true" version="1" changeset="25552909" timestamp="2014-09-20T04:20:55Z" user="Seandebasti" uid="550560" lat="47.9018941" lon="106.9390692"/>
 <node id="3086969688" visible="true" version="1" changeset="25552909" timestamp="2014-09-20T04:20:55Z" user="Seandebasti" uid="550560" lat="47.9016912" lon="106.9393187"/>
 <node id="3086969689" visible="true" version="1" changeset="25552909" timestamp="2014-09-20T04:20:55Z" user="Seandebasti" uid="550560" lat="47.9017363" lon="106.9394922"/>
 <node id="3086969690" visible="true" version="1" changeset="25552909" timestamp="2014-09-20T04:20:55Z" user="Seandebasti" uid="550560" lat="47.9017778" lon="106.9396019"/>
 <node id="3086969692" visible="true" version="1" changeset="25552909" timestamp="2014-09-20T04:20:55Z" user="Seandebasti" uid="550560" lat="47.9015485" lon="106.9389736"/>
 <node id="3086969694" visible="true" version="1" changeset="25552909" timestamp="2014-09-20T04:20:55Z" user="Seandebasti" uid="550560" lat="47.9022434" lon="106.9417551"/>
 <node id="3086969695" visible="true" version="1" changeset="25552909" timestamp="2014-09-20T04:20:55Z" user="Seandebasti" uid="550560" lat="47.9026832" lon="106.9423456"/>
 <node id="3086969704" visible="true" version="1" changeset="25552909" timestamp="2014-09-20T04:20:55Z" user="Seandebasti" uid="550560" lat="47.9030987" lon="106.9433604"/>
 <node id="3148982849" visible="true" version="2" changeset="104676062" timestamp="2021-05-14T09:15:26Z" user="Saruul Gan" uid="3328620" lat="47.9072670" lon="106.9354707"/>
 <node id="3241759705" visible="true" version="2" changeset="104676062" timestamp="2021-05-14T09:15:26Z" user="Saruul Gan" uid="3328620" lat="47.9058219" lon="106.9342045"/>
 <node id="3241759706" visible="true" version="1" changeset="27559484" timestamp="2014-12-18T21:45:38Z" user="Luis36995" uid="1829683" lat="47.9058298" lon="106.9343412"/>
 <node id="3241759707" visible="true" version="1" changeset="27559484" timestamp="2014-12-18T21:45:38Z" user="Luis36995" uid="1829683" lat="47.9058326" lon="106.9343914"/>
 <node id="3782794833" visible="true" version="5" changeset="109466671" timestamp="2021-08-10T13:38:58Z" user="kartonage" uid="1497225" lat="47.9036803" lon="106.9411305"/>
 <node id="3782794834" visible="true" version="5" changeset="109466671" timestamp="2021-08-10T13:38:58Z" user="kartonage" uid="1497225" lat="47.9036964" lon="106.9414149"/>
 <node id="3782794835" visible="true" version="5" changeset="109466671" timestamp="2021-08-10T13:38:58Z" user="kartonage" uid="1497225" lat="47.9035036" lon="106.9414392"/>
 <node id="3782794836" visible="true" version="5" changeset="109466671" timestamp="2021-08-10T13:38:58Z" user="kartonage" uid="1497225" lat="47.9034875" lon="106.9411548"/>
 <node id="3792265702" visible="true" version="8" changeset="110380438" timestamp="2021-08-28T13:22:55Z" user="lwcc_enhee" uid="11777926" lat="47.9068140" lon="106.9303142"/>
 <node id="3792265703" visible="true" version="5" changeset="143676951" timestamp="2023-11-06T05:48:30Z" user="LakeTumba" uid="19895058" lat="47.9074982" lon="106.9303029"/>
 <node id="3887078067" visible="true" version="1" changeset="35877102" timestamp="2015-12-11T02:43:55Z" user="Билгүүн" uid="3445875" lat="47.9055391" lon="106.9339510">
  <tag k="name" v="Orange"/>
  <tag k="shop" v="supermarket"/>
 </node>
 <node id="3891462744" visible="true" version="3" changeset="104676062" timestamp="2021-05-14T09:15:26Z" user="Saruul Gan" uid="3328620" lat="47.9045857" lon="106.9319938"/>
 <node id="3891462745" visible="true" version="2" changeset="46260465" timestamp="2017-02-21T00:54:11Z" user="Lexi Johnson" uid="4803526" lat="47.9044441" lon="106.9296042"/>
 <node id="3891462746" visible="true" version="2" changeset="46260465" timestamp="2017-02-21T00:54:11Z" user="Lexi Johnson" uid="4803526" lat="47.9060774" lon="106.9294084"/>
 <node id="3891462747" visible="true" version="2" changeset="46260465" timestamp="2017-02-21T00:54:11Z" user="Lexi Johnson" uid="4803526" lat="47.9061877" lon="106.9318073"/>
 <node id="3891462980" visible="true" version="3" changeset="100061857" timestamp="2021-02-26T16:07:10Z" user="jma364" uid="12720746" lat="47.9059530" lon="106.9298808"/>
 <node id="3891462981" visible="true" version="3" changeset="100061857" timestamp="2021-02-26T16:07:10Z" user="jma364" uid="12720746" lat="47.9057755" lon="106.9299073"/>
 <node id="3891462982" visible="true" version="3" changeset="100061857" timestamp="2021-02-26T16:07:10Z" user="jma364" uid="12720746" lat="47.9058220" lon="106.9306008"/>
 <node id="3891462983" visible="true" version="3" changeset="100061857" timestamp="2021-02-26T16:07:10Z" user="jma364" uid="12720746" lat="47.9059996" lon="106.9305743"/>
 <node id="3894571183" visible="true" version="2" changeset="36193245" timestamp="2015-12-27T12:06:59Z" user="Oyungerel" uid="3483329" lat="47.9049553" lon="106.9385797">
  <tag k="name" v="цуурай"/>
  <tag k="shop" v="supermarket"/>
 </node>
 <node id="3894576988" visible="true" version="2" changeset="36104409" timestamp="2015-12-22T12:30:27Z" user="BilguunM" uid="3443800" lat="47.9021243" lon="106.9390080">
  <tag k="highway" v="bus_stop"/>
 </node>
 <node id="3894584315" visible="true" version="7" changeset="109466671" timestamp="2021-08-10T13:38:58Z" user="kartonage" uid="1497225" lat="47.9018291" lon="106.9310532"/>
 <node id="3894584316" visible="true" version="7" changeset="109466671" timestamp="2021-08-10T13:38:58Z" user="kartonage" uid="1497225" lat="47.9019146" lon="106.9315208"/>
 <node id="3894615944" visible="true" version="8" changeset="154023728" timestamp="2024-07-16T16:29:12Z" user="Saruul Gan" uid="3328620" lat="47.9032391" lon="106.9311272"/>
 <node id="3894615945" visible="true" version="8" changeset="154023728" timestamp="2024-07-16T16:29:12Z" user="Saruul Gan" uid="3328620" lat="47.9032283" lon="106.9309554"/>
 <node id="3894615946" visible="true" version="8" changeset="154023728" timestamp="2024-07-16T16:29:12Z" user="Saruul Gan" uid="3328620" lat="47.9026272" lon="106.9304230"/>
 <node id="3894615947" visible="true" version="8" changeset="154023728" timestamp="2024-07-16T16:29:12Z" user="Saruul Gan" uid="3328620" lat="47.9026761" lon="106.9312055"/>
 <node id="3894621221" visible="true" version="7" changeset="154023728" timestamp="2024-07-16T16:29:12Z" user="Saruul Gan" uid="3328620" lat="47.9032823" lon="106.9295862"/>
 <node id="3894621222" visible="true" version="8" changeset="154023728" timestamp="2024-07-16T16:29:12Z" user="Saruul Gan" uid="3328620" lat="47.9033593" lon="106.9308253"/>
 <node id="3894621223" visible="true" version="8" changeset="154023728" timestamp="2024-07-16T16:29:12Z" user="Saruul Gan" uid="3328620" lat="47.9032415" lon="106.9308416"/>
 <node id="3894621224" visible="true" version="7" changeset="154023728" timestamp="2024-07-16T16:29:12Z" user="Saruul Gan" uid="3328620" lat="47.9031787" lon="106.9298332"/>
 <node id="3894621226" visible="true" version="8" changeset="154023728" timestamp="2024-07-16T16:29:12Z" user="Saruul Gan" uid="3328620" lat="47.9025889" lon="106.9296822"/>
 <node id="3894621227" visible="true" version="8" changeset="154023728" timestamp="2024-07-16T16:29:12Z" user="Saruul Gan" uid="3328620" lat="47.9026032" lon="106.9299129"/>
 <node id="3895195065" visible="true" version="2" changeset="36103913" timestamp="2015-12-22T12:08:19Z" user="BilguunM" uid="3443800" lat="47.9043169" lon="106.9351427">
  <tag k="amenity" v="bank"/>
  <tag k="name" v="Хаан банк"/>
 </node>
 <node id="3901084344" visible="true" version="2" changeset="36062567" timestamp="2015-12-20T10:39:48Z" user="Temuulen_13b1sit2499" uid="3455039" lat="47.9028511" lon="106.9421200"/>
 <node id="3901084345" visible="true" version="5" changeset="114606334" timestamp="2021-12-06T07:34:47Z" user="Saruul Gan" uid="3328620" lat="47.9030138" lon="106.9419786"/>
 <node id="3901084346" visible="true" version="5" changeset="114606334" timestamp="2021-12-06T07:34:47Z" user="Saruul Gan" uid="3328620" lat="47.9033939" lon="106.9419311"/>
 <node id="3901115807" visible="true" version="4" changeset="136196285" timestamp="2023-05-17T06:45:58Z" user="Batuyanga" uid="8684333" lat="47.9029288" lon="106.9413453">
  <tag k="addr:postcode" v="13312"/>
  <tag k="amenity" v="restaurant"/>
  <tag k="cuisine" v="american"/>
  <tag k="diet:chicken" v="yes"/>
  <tag k="diet:meat" v="yes"/>
  <tag k="name" v="Brothers restaurant"/>
 </node>
 <node id="3901142958" visible="true" version="2" changeset="48561536" timestamp="2017-05-10T13:01:23Z" user="Shigemura Yoshiro" uid="5579168" lat="47.9025820" lon="106.9411017"/>
 <node id="3901142960" visible="true" version="4" changeset="135323147" timestamp="2023-04-25T01:14:33Z" user="LakeVostok" uid="16853710" lat="47.9036910" lon="106.9409891"/>
 <node id="3902479450" visible="true" version="1" changeset="36077677" timestamp="2015-12-21T04:59:28Z" user="Temuulen_13b1sit2499" uid="3455039" lat="47.9048886" lon="106.9412213">
  <tag k="amenity" v="restaurant"/>
  <tag k="name" v="Crystal Restaurant"/>
 </node>
 <node id="3902482692" visible="true" version="1" changeset="36077687" timestamp="2015-12-21T05:00:42Z" user="Temuulen_13b1sit2499" uid="3455039" lat="47.9048886" lon="106.9412616">
  <tag k="name" v="Crystal Minimarket"/>
  <tag k="shop" v="supermarket"/>
 </node>
 <node id="3902483121" visible="true" version="1" changeset="36077700" timestamp="2015-12-21T05:02:10Z" user="Temuulen_13b1sit2499" uid="3455039" lat="47.9047099" lon="106.9410933">
  <tag k="name" v="Toystrore"/>
  <tag k="shop" v="toys"/>
 </node>
 <node id="3902483148" visible="true" version="2" changeset="157831439" timestamp="2024-10-13T11:54:00Z" user="adster546" uid="18624923" lat="47.9028509" lon="106.9410508">
  <tag k="amenity" v="atm"/>
 </node>
 <node id="3902501049" visible="true" version="3" changeset="54179943" timestamp="2017-11-29T14:53:20Z" user="Temulen Choijav" uid="7103949" lat="47.9049336" lon="106.9382555">
  <tag k="name" v="seven 11"/>
  <tag k="shop" v="supermarket"/>
 </node>
 <node id="3904517929" visible="true" version="1" changeset="36103816" timestamp="2015-12-22T12:03:22Z" user="BilguunM" uid="3443800" lat="47.9042302" lon="106.9300981">
  <tag k="shop" v="yes"/>
 </node>
 <node id="3904522191" visible="true" version="4" changeset="104676062" timestamp="2021-05-14T09:15:26Z" user="Saruul Gan" uid="3328620" lat="47.9043671" lon="106.9312244"/>
 <node id="3904523419" visible="true" version="3" changeset="144538185" timestamp="2023-11-28T08:53:33Z" user="Batubileg" uid="18216995" lat="47.9021886" lon="106.9289462"/>
 <node id="3904523420" visible="true" version="2" changeset="90554651" timestamp="2020-09-08T03:31:51Z" user="lwcc_enhee" uid="11777926" lat="47.9034172" lon="106.9284937"/>
 <node id="3904523421" visible="true" version="1" changeset="36103854" timestamp="2015-12-22T12:05:15Z" user="BilguunM" uid="3443800" lat="47.9042093" lon="106.9283319"/>
 <node id="3904523422" visible="true" version="1" changeset="36103854" timestamp="2015-12-22T12:05:15Z" user="BilguunM" uid="3443800" lat="47.9043126" lon="106.9298108"/>
 <node id="3904523423" visible="true" version="1" changeset="36103854" timestamp="2015-12-22T12:05:15Z" user="BilguunM" uid="3443800" lat="47.9044489" lon="106.9329041"/>
 <node id="3904523424" visible="true" version="2" changeset="104676062" timestamp="2021-05-14T09:15:26Z" user="Saruul Gan" uid="3328620" lat="47.9047350" lon="106.9398858"/>
 <node id="3904530518" visible="true" version="2" changeset="104676062" timestamp="2021-05-14T09:15:26Z" user="Saruul Gan" uid="3328620" lat="47.9049151" lon="106.9386176"/>
 <node id="3904530535" visible="true" version="2" changeset="104676062" timestamp="2021-05-14T09:15:26Z" user="Saruul Gan" uid="3328620" lat="47.9048392" lon="106.9376294"/>
 <node id="3904530536" visible="true" version="1" changeset="36104002" timestamp="2015-12-22T12:12:12Z" user="BilguunM" uid="3443800" lat="47.9047448" lon="106.9358607"/>
 <node id="3904532309" visible="true" version="1" changeset="36104014" timestamp="2015-12-22T12:12:49Z" user="BilguunM" uid="3443800" lat="47.9046829" lon="106.9346314"/>
 <node id="3904532785" visible="true" version="1" changeset="36104030" timestamp="2015-12-22T12:13:39Z" user="BilguunM" uid="3443800" lat="47.9045548" lon="106.9320125"/>
 <node id="3904532786" visible="true" version="1" changeset="36104030" timestamp="2015-12-22T12:13:39Z" user="BilguunM" uid="3443800" lat="47.9044102" lon="106.9292457"/>
 <node id="3904533005" visible="true" version="1" changeset="36104024" timestamp="2015-12-22T12:13:18Z" user="BilguunM" uid="3443800" lat="47.9046808" lon="106.9340429"/>
 <node id="3904533430" visible="true" version="3" changeset="156747226" timestamp="2024-09-17T20:57:13Z" user="Saruul Gan" uid="3328620" lat="47.9048615" lon="106.9432876"/>
 <node id="3904552605" visible="true" version="1" changeset="36104399" timestamp="2015-12-22T12:29:57Z" user="BilguunM" uid="3443800" lat="47.9000438" lon="106.9311097"/>
 <node id="3904552606" visible="true" version="1" changeset="36104399" timestamp="2015-12-22T12:29:57Z" user="BilguunM" uid="3443800" lat="47.9012990" lon="106.9359431"/>
 <node id="3904552607" visible="true" version="1" changeset="36104399" timestamp="2015-12-22T12:29:57Z" user="BilguunM" uid="3443800" lat="47.9025649" lon="106.9408032"/>
 <node id="3904552608" visible="true" version="2" changeset="125890666" timestamp="2022-09-07T08:51:13Z" user="Ochbayar Ganbold" uid="4727667" lat="47.9032157" lon="106.9432034"/>
 <node id="3904552609" visible="true" version="2" changeset="125890666" timestamp="2022-09-07T08:51:13Z" user="Ochbayar Ganbold" uid="4727667" lat="47.9037393" lon="106.9435508"/>
 <node id="3912519353" visible="true" version="3" changeset="36193536" timestamp="2015-12-27T12:23:06Z" user="Oyungerel" uid="3483329" lat="47.9062720" lon="106.9362568">
  <tag k="amenity" v="kindergarten"/>
  <tag k="name" v="маргад хотхоны үрс"/>
 </node>
 <node id="3912534108" visible="true" version="2" changeset="99697428" timestamp="2021-02-21T20:20:55Z" user="cstripling" uid="10082100" lat="47.9071854" lon="106.9356939"/>
 <node id="3912534109" visible="true" version="3" changeset="99697428" timestamp="2021-02-21T20:20:55Z" user="cstripling" uid="10082100" lat="47.9070543" lon="106.9357099"/>
 <node id="3912534112" visible="true" version="3" changeset="99697428" timestamp="2021-02-21T20:20:55Z" user="cstripling" uid="10082100" lat="47.9071167" lon="106.9368519"/>
 <node id="3912534113" visible="true" version="3" changeset="99697428" timestamp="2021-02-21T20:20:55Z" user="cstripling" uid="10082100" lat="47.9072476" lon="106.9368360"/>
 <node id="3912535132" visible="true" version="2" changeset="99697428" timestamp="2021-02-21T20:20:55Z" user="cstripling" uid="10082100" lat="47.9071305" lon="106.9369833"/>
 <node id="3912535133" visible="true" version="2" changeset="99697428" timestamp="2021-02-21T20:20:55Z" user="cstripling" uid="10082100" lat="47.9071407" lon="106.9371740"/>
 <node id="3912535134" visible="true" version="2" changeset="99697428" timestamp="2021-02-21T20:20:55Z" user="cstripling" uid="10082100" lat="47.9066020" lon="106.9372383"/>
 <node id="3912535135" visible="true" version="2" changeset="99697428" timestamp="2021-02-21T20:20:55Z" user="cstripling" uid="10082100" lat="47.9065918" lon="106.9370475"/>
 <node id="3912535721" visible="true" version="2" changeset="99697428" timestamp="2021-02-21T20:20:55Z" user="cstripling" uid="10082100" lat="47.9065405" lon="106.9357740"/>
 <node id="3912535722" visible="true" version="2" changeset="99697428" timestamp="2021-02-21T20:20:55Z" user="cstripling" uid="10082100" lat="47.9066003" lon="106.9369038"/>
 <node id="3912535723" visible="true" version="2" changeset="99697428" timestamp="2021-02-21T20:20:55Z" user="cstripling" uid="10082100" lat="47.9064765" lon="106.9369184"/>
 <node id="3912535724" visible="true" version="2" changeset="99697428" timestamp="2021-02-21T20:20:55Z" user="cstripling" uid="10082100" lat="47.9064165" lon="106.9357886"/>
 <node id="3912538043" visible="true" version="3" changeset="104676062" timestamp="2021-05-14T09:15:26Z" user="Saruul Gan" uid="3328620" lat="47.9064429" lon="106.9370584"/>
 <node id="3912538044" visible="true" version="3" changeset="104676062" timestamp="2021-05-14T09:15:26Z" user="Saruul Gan" uid="3328620" lat="47.9064509" lon="106.9372446"/>
 <node id="3912538045" visible="true" version="3" changeset="104676062" timestamp="2021-05-14T09:15:26Z" user="Saruul Gan" uid="3328620" lat="47.9061832" lon="106.9372703"/>
 <node id="3912538046" visible="true" version="3" changeset="104676062" timestamp="2021-05-14T09:15:26Z" user="Saruul Gan" uid="3328620" lat="47.9061752" lon="106.9370840"/>
 <node id="3912544226" visible="true" version="4" changeset="104676062" timestamp="2021-05-14T09:15:26Z" user="Saruul Gan" uid="3328620" lat="47.9056805" lon="106.9358653"/>
 <node id="3912544227" visible="true" version="4" changeset="104676062" timestamp="2021-05-14T09:15:26Z" user="Saruul Gan" uid="3328620" lat="47.9057392" lon="106.9370012"/>
 <node id="3912544228" visible="true" version="4" changeset="104676062" timestamp="2021-05-14T09:15:26Z" user="Saruul Gan" uid="3328620" lat="47.9056102" lon="106.9370160"/>
 <node id="3912544229" visible="true" version="4" changeset="104676062" timestamp="2021-05-14T09:15:26Z" user="Saruul Gan" uid="3328620" lat="47.9055515" lon="106.9358802"/>
 <node id="3912548307" visible="true" version="2" changeset="99697428" timestamp="2021-02-21T20:20:55Z" user="cstripling" uid="10082100" lat="47.9062392" lon="106.9364834"/>
 <node id="3912548308" visible="true" version="2" changeset="99697428" timestamp="2021-02-21T20:20:55Z" user="cstripling" uid="10082100" lat="47.9062446" lon="106.9367367"/>
 <node id="3912548309" visible="true" version="2" changeset="99697428" timestamp="2021-02-21T20:20:55Z" user="cstripling" uid="10082100" lat="47.9061490" lon="106.9367541"/>
 <node id="3912548310" visible="true" version="2" changeset="99697428" timestamp="2021-02-21T20:20:55Z" user="cstripling" uid="10082100" lat="47.9061381" lon="106.9364884"/>
 <node id="3912548362" visible="true" version="2" changeset="99697428" timestamp="2021-02-21T20:20:55Z" user="cstripling" uid="10082100" lat="47.9062746" lon="106.9361625"/>
 <node id="3912548364" visible="true" version="2" changeset="99697428" timestamp="2021-02-21T20:20:55Z" user="cstripling" uid="10082100" lat="47.9060977" lon="106.9361768"/>
 <node id="3912548365" visible="true" version="2" changeset="99697428" timestamp="2021-02-21T20:20:55Z" user="cstripling" uid="10082100" lat="47.9061100" lon="106.9363857"/>
 <node id="3912548366" visible="true" version="2" changeset="99697428" timestamp="2021-02-21T20:20:55Z" user="cstripling" uid="10082100" lat="47.9062828" lon="106.9363690"/>
 <node id="3912549876" visible="true" version="2" changeset="36193643" timestamp="2015-12-27T12:29:02Z" user="Oyungerel" uid="3483329" lat="47.9054295" lon="106.9345949">
  <tag k="name" v="bakery"/>
  <tag k="shop" v="bakery"/>
 </node>
 <node id="3912550981" visible="true" version="1" changeset="36193623" timestamp="2015-12-27T12:28:11Z" user="Oyungerel" uid="3483329" lat="47.9050860" lon="106.9339989">
  <tag k="name" v="piano classes"/>
 </node>
 <node id="3912553875" visible="true" version="1" changeset="36193609" timestamp="2015-12-27T12:27:12Z" user="Oyungerel" uid="3483329" lat="47.9052736" lon="106.9346070">
  <tag k="amenity" v="restaurant"/>
  <tag k="name" v="doner kebab"/>
 </node>
 <node id="3912554222" visible="true" version="2" changeset="36211805" timestamp="2015-12-28T05:25:33Z" user="Tse TsEno" uid="3466839" lat="47.9047098" lon="106.9333427">
  <tag k="amenity" v="fast_food"/>
  <tag k="name" v="Mr Pizza"/>
 </node>
 <node id="3912559345" visible="true" version="1" changeset="36193793" timestamp="2015-12-27T12:36:17Z" user="Oyungerel" uid="3483329" lat="47.9047296" lon="106.9413144">
  <tag k="name" v="хатагтай бэлэн хувцас"/>
  <tag k="shop" v="boutique"/>
 </node>
 <node id="3912578272" visible="true" version="1" changeset="36194125" timestamp="2015-12-27T12:50:58Z" user="Oyungerel" uid="3483329" lat="47.9069386" lon="106.9362062">
  <tag k="natural" v="tree"/>
 </node>
 <node id="3912578450" visible="true" version="2" changeset="99697428" timestamp="2021-02-21T20:20:55Z" user="cstripling" uid="10082100" lat="47.9069452" lon="106.9359358"/>
 <node id="3912578451" visible="true" version="2" changeset="99697428" timestamp="2021-02-21T20:20:55Z" user="cstripling" uid="10082100" lat="47.9069855" lon="106.9368195"/>
 <node id="3912578452" visible="true" version="2" changeset="99697428" timestamp="2021-02-21T20:20:55Z" user="cstripling" uid="10082100" lat="47.9067365" lon="106.9368619"/>
 <node id="3912578453" visible="true" version="2" changeset="99697428" timestamp="2021-02-21T20:20:55Z" user="cstripling" uid="10082100" lat="47.9067062" lon="106.9359243"/>
 <node id="3912578454" visible="true" version="2" changeset="99697428" timestamp="2021-02-21T20:20:55Z" user="cstripling" uid="10082100" lat="47.9068007" lon="106.9359190"/>
 <node id="3912578455" visible="true" version="3" changeset="104676062" timestamp="2021-05-14T09:15:26Z" user="Saruul Gan" uid="3328620" lat="47.9067885" lon="106.9355759"/>
 <node id="3912578465" visible="true" version="2" changeset="99697428" timestamp="2021-02-21T20:20:55Z" user="cstripling" uid="10082100" lat="47.9069030" lon="106.9360037"/>
 <node id="3912578466" visible="true" version="2" changeset="99697428" timestamp="2021-02-21T20:20:55Z" user="cstripling" uid="10082100" lat="47.9069301" lon="106.9367114"/>
 <node id="3912578467" visible="true" version="2" changeset="99697428" timestamp="2021-02-21T20:20:55Z" user="cstripling" uid="10082100" lat="47.9067673" lon="106.9367252"/>
 <node id="3912578468" visible="true" version="2" changeset="99697428" timestamp="2021-02-21T20:20:55Z" user="cstripling" uid="10082100" lat="47.9067404" lon="106.9360176"/>
 <node id="3912579214" visible="true" version="1" changeset="36194137" timestamp="2015-12-27T12:51:32Z" user="Oyungerel" uid="3483329" lat="47.9069551" lon="106.9365390">
  <tag k="natural" v="tree"/>
 </node>
 <node id="3912579215" visible="true" version="2" changeset="36194142" timestamp="2015-12-27T12:51:48Z" user="Oyungerel" uid="3483329" lat="47.9068477" lon="106.9362062">
  <tag k="natural" v="tree"/>
 </node>
 <node id="3912579216" visible="true" version="2" changeset="36194150" timestamp="2015-12-27T12:52:02Z" user="Oyungerel" uid="3483329" lat="47.9068477" lon="106.9365451">
  <tag k="natural" v="tree"/>
 </node>
 <node id="3912580075" visible="true" version="2" changeset="99697428" timestamp="2021-02-21T20:20:55Z" user="cstripling" uid="10082100" lat="47.9069272" lon="106.9357164"/>
 <node id="3912580907" visible="true" version="2" changeset="104676062" timestamp="2021-05-14T09:15:26Z" user="Saruul Gan" uid="3328620" lat="47.9060521" lon="106.9356687"/>
 <node id="3912580908" visible="true" version="2" changeset="104676062" timestamp="2021-05-14T09:15:26Z" user="Saruul Gan" uid="3328620" lat="47.9060521" lon="106.9360318"/>
 <node id="3912580909" visible="true" version="2" changeset="99697428" timestamp="2021-02-21T20:20:55Z" user="cstripling" uid="10082100" lat="47.9062945" lon="106.9360072"/>
 <node id="3912580910" visible="true" version="3" changeset="104676062" timestamp="2021-05-14T09:15:26Z" user="Saruul Gan" uid="3328620" lat="47.9063328" lon="106.9368683"/>
 <node id="3912580911" visible="true" version="2" changeset="99697428" timestamp="2021-02-21T20:20:55Z" user="cstripling" uid="10082100" lat="47.9060655" lon="106.9369020"/>
 <node id="3912580912" visible="true" version="1" changeset="36194196" timestamp="2015-12-27T12:54:28Z" user="Oyungerel" uid="3483329" lat="47.9060175" lon="106.9358735"/>
 <node id="3912580913" visible="true" version="2" changeset="104676062" timestamp="2021-05-14T09:15:26Z" user="Saruul Gan" uid="3328620" lat="47.9059630" lon="106.9358439"/>
 <node id="3912580914" visible="true" version="2" changeset="104676062" timestamp="2021-05-14T09:15:26Z" user="Saruul Gan" uid="3328620" lat="47.9059577" lon="106.9356785"/>
 <node id="3912819874" visible="true" version="2" changeset="114641552" timestamp="2021-12-07T03:58:41Z" user="Laugavegur35" uid="10142206" lat="47.9025704" lon="106.9434078"/>
 <node id="3912943028" visible="true" version="1" changeset="36199722" timestamp="2015-12-27T16:26:59Z" user="miniwark" uid="1818060" lat="47.9020321" lon="106.8958579"/>
 <node id="3912943029" visible="true" version="1" changeset="36199722" timestamp="2015-12-27T16:26:59Z" user="miniwark" uid="1818060" lat="47.9020503" lon="106.8952701"/>
 <node id="3912943031" visible="true" version="1" changeset="36199722" timestamp="2015-12-27T16:26:59Z" user="miniwark" uid="1818060" lat="47.9020959" lon="106.8955317"/>
 <node id="3912943035" visible="true" version="1" changeset="36199722" timestamp="2015-12-27T16:26:59Z" user="miniwark" uid="1818060" lat="47.9022098" lon="106.8964626"/>
 <node id="3912943037" visible="true" version="1" changeset="36199722" timestamp="2015-12-27T16:26:59Z" user="miniwark" uid="1818060" lat="47.9023145" lon="106.8968397"/>
 <node id="3912943038" visible="true" version="2" changeset="71966203" timestamp="2019-07-06T19:01:37Z" user="munkhbayar b" uid="2851175" lat="47.9023239" lon="106.8939963"/>
 <node id="3912943043" visible="true" version="1" changeset="36199722" timestamp="2015-12-27T16:26:59Z" user="miniwark" uid="1818060" lat="47.9024239" lon="106.8971862"/>
 <node id="3912943044" visible="true" version="2" changeset="71966203" timestamp="2019-07-06T19:01:37Z" user="munkhbayar b" uid="2851175" lat="47.9024153" lon="106.8935476"/>
 <node id="3912943048" visible="true" version="1" changeset="36199722" timestamp="2015-12-27T16:27:00Z" user="miniwark" uid="1818060" lat="47.9025810" lon="106.8974410"/>
 <node id="3912943050" visible="true" version="1" changeset="36199722" timestamp="2015-12-27T16:27:00Z" user="miniwark" uid="1818060" lat="47.9026152" lon="106.8981068"/>
 <node id="3912943051" visible="true" version="1" changeset="36199722" timestamp="2015-12-27T16:27:00Z" user="miniwark" uid="1818060" lat="47.9026197" lon="106.8988950"/>
 <node id="3912943052" visible="true" version="1" changeset="36199722" timestamp="2015-12-27T16:27:00Z" user="miniwark" uid="1818060" lat="47.9026266" lon="106.8987353"/>
 <node id="3912943561" visible="true" version="1" changeset="36199722" timestamp="2015-12-27T16:27:00Z" user="miniwark" uid="1818060" lat="47.9032802" lon="106.9006616"/>
 <node id="3912943564" visible="true" version="1" changeset="36199722" timestamp="2015-12-27T16:27:00Z" user="miniwark" uid="1818060" lat="47.9034396" lon="106.9009945"/>
 <node id="3912943570" visible="true" version="1" changeset="36199722" timestamp="2015-12-27T16:27:00Z" user="miniwark" uid="1818060" lat="47.9037767" lon="106.9019559"/>
 <node id="3912943572" visible="true" version="1" changeset="36199722" timestamp="2015-12-27T16:27:00Z" user="miniwark" uid="1818060" lat="47.9039202" lon="106.9028664"/>
 <node id="3912943582" visible="true" version="1" changeset="36199722" timestamp="2015-12-27T16:27:00Z" user="miniwark" uid="1818060" lat="47.9047901" lon="106.9062331"/>
 <node id="3912943583" visible="true" version="1" changeset="36199722" timestamp="2015-12-27T16:27:00Z" user="miniwark" uid="1818060" lat="47.9047947" lon="106.9064267"/>
 <node id="3912943584" visible="true" version="1" changeset="36199722" timestamp="2015-12-27T16:27:00Z" user="miniwark" uid="1818060" lat="47.9049086" lon="106.9069499"/>
 <node id="3912943586" visible="true" version="1" changeset="36199722" timestamp="2015-12-27T16:27:00Z" user="miniwark" uid="1818060" lat="47.9050725" lon="106.9074187"/>
 <node id="3912943594" visible="true" version="1" changeset="36199722" timestamp="2015-12-27T16:27:00Z" user="miniwark" uid="1818060" lat="47.9060381" lon="106.9088082"/>
 <node id="3913956888" visible="true" version="2" changeset="49022493" timestamp="2017-05-27T11:26:46Z" user="Bagana" uid="4436599" lat="47.9046769" lon="106.9334531">
  <tag k="leisure" v="sports_centre"/>
  <tag k="name" v="Хар Ирвэс"/>
  <tag k="name:en" v="Khar Irves"/>
 </node>
 <node id="3918561018" visible="true" version="3" changeset="41340800" timestamp="2016-08-09T09:13:35Z" user="BáthoryPéter" uid="408450" lat="47.9053757" lon="106.9307447">
  <tag k="natural" v="tree"/>
 </node>
 <node id="3918561543" visible="true" version="1" changeset="36262084" timestamp="2015-12-30T13:23:23Z" user="batgun" uid="3448695" lat="47.9050558" lon="106.9308362">
  <tag k="natural" v="tree"/>
 </node>
 <node id="3918561552" visible="true" version="1" changeset="36262091" timestamp="2015-12-30T13:23:35Z" user="batgun" uid="3448695" lat="47.9052252" lon="106.9307930">
  <tag k="natural" v="tree"/>
 </node>
 <node id="3918562757" visible="true" version="1" changeset="36262079" timestamp="2015-12-30T13:23:13Z" user="batgun" uid="3448695" lat="47.9049113" lon="106.9308608">
  <tag k="natural" v="tree"/>
 </node>
 <node id="3918563336" visible="true" version="1" changeset="36262102" timestamp="2015-12-30T13:23:55Z" user="batgun" uid="3448695" lat="47.9053685" lon="106.9303156">
  <tag k="natural" v="tree"/>
 </node>
 <node id="3918563380" visible="true" version="1" changeset="36262110" timestamp="2015-12-30T13:24:11Z" user="batgun" uid="3448695" lat="47.9052103" lon="106.9303424">
  <tag k="natural" v="tree"/>
 </node>
 <node id="3918564508" visible="true" version="2" changeset="36262128" timestamp="2015-12-30T13:24:37Z" user="batgun" uid="3448695" lat="47.9050377" lon="106.9303907">
  <tag k="natural" v="tree"/>
 </node>
 <node id="3918564509" visible="true" version="1" changeset="36262128" timestamp="2015-12-30T13:24:37Z" user="batgun" uid="3448695" lat="47.9048794" lon="106.9304068">
  <tag k="natural" v="tree"/>
 </node>
 <node id="3985521035" visible="true" version="3" changeset="110380438" timestamp="2021-08-28T13:22:55Z" user="lwcc_enhee" uid="11777926" lat="47.9061749" lon="106.9303809"/>
 <node id="4099907961" visible="true" version="2" changeset="104676062" timestamp="2021-05-14T09:15:26Z" user="Saruul Gan" uid="3328620" lat="47.9073265" lon="106.9359740"/>
 <node id="4196467397" visible="true" version="2" changeset="104676062" timestamp="2021-05-14T09:15:26Z" user="Saruul Gan" uid="3328620" lat="47.9043896" lon="106.9296829"/>
 <node id="4196467400" visible="true" version="3" changeset="104676062" timestamp="2021-05-14T09:15:26Z" user="Saruul Gan" uid="3328620" lat="47.9058482" lon="106.9295130"/>
 <node id="4196467401" visible="true" version="2" changeset="99069935" timestamp="2021-02-11T01:59:45Z" user="SirTopRamen" uid="12628966" lat="47.9059739" lon="106.9295847"/>
 <node id="4196467402" visible="true" version="2" changeset="55394387" timestamp="2018-01-12T22:27:15Z" user="whatmeinfallible" uid="7150022" lat="47.9060048" lon="106.9302286"/>
 <node id="4196467403" visible="true" version="2" changeset="55394387" timestamp="2018-01-12T22:27:15Z" user="whatmeinfallible" uid="7150022" lat="47.9060393" lon="106.9303111"/>
 <node id="4223113315" visible="true" version="2" changeset="42115423" timestamp="2016-09-13T04:21:39Z" user="Баатар" uid="2700224" lat="47.9045928" lon="106.9331702">
  <tag k="amenity" v="bank"/>
  <tag k="name" v="Төрийн Банк"/>
 </node>
 <node id="4223116695" visible="true" version="1" changeset="39769364" timestamp="2016-06-03T04:03:06Z" user="PilotFrank" uid="4048791" lat="47.9046031" lon="106.9327586">
  <tag k="name" v="Metro Express"/>
  <tag k="shop" v="dry_cleaning"/>
 </node>
 <node id="4342704913" visible="true" version="3" changeset="99221148" timestamp="2021-02-13T16:52:12Z" user="Saruul Gan" uid="3328620" lat="47.8895213" lon="106.9391757">
  <tag k="power" v="tower"/>
 </node>
 <node id="4696470305" visible="true" version="1" changeset="46260465" timestamp="2017-02-21T00:54:11Z" user="Lexi Johnson" uid="4803526" lat="47.9061198" lon="106.9306050"/>
 <node id="4696533694" visible="true" version="3" changeset="109466671" timestamp="2021-08-10T13:38:58Z" user="kartonage" uid="1497225" lat="47.9043750" lon="106.9404104"/>
 <node id="4696533695" visible="true" version="3" changeset="109466671" timestamp="2021-08-10T13:38:58Z" user="kartonage" uid="1497225" lat="47.9043921" lon="106.9407946"/>
 <node id="4696533696" visible="true" version="3" changeset="109466671" timestamp="2021-08-10T13:38:58Z" user="kartonage" uid="1497225" lat="47.9045664" lon="106.9407773"/>
 <node id="4696533697" visible="true" version="3" changeset="109466671" timestamp="2021-08-10T13:38:58Z" user="kartonage" uid="1497225" lat="47.9045600" lon="106.9406338"/>
 <node id="4696533698" visible="true" version="3" changeset="109466671" timestamp="2021-08-10T13:38:58Z" user="kartonage" uid="1497225" lat="47.9045403" lon="106.9406357"/>
 <node id="4696533699" visible="true" version="3" changeset="109466671" timestamp="2021-08-10T13:38:58Z" user="kartonage" uid="1497225" lat="47.9045354" lon="106.9405264"/>
 <node id="4696533700" visible="true" version="3" changeset="109466671" timestamp="2021-08-10T13:38:58Z" user="kartonage" uid="1497225" lat="47.9045543" lon="106.9405245"/>
 <node id="4696533701" visible="true" version="3" changeset="109466671" timestamp="2021-08-10T13:38:58Z" user="kartonage" uid="1497225" lat="47.9045485" lon="106.9403932"/>
 <node id="4696533702" visible="true" version="3" changeset="109466671" timestamp="2021-08-10T13:38:58Z" user="kartonage" uid="1497225" lat="47.9044622" lon="106.9412151"/>
 <node id="4696533703" visible="true" version="3" changeset="109466671" timestamp="2021-08-10T13:38:58Z" user="kartonage" uid="1497225" lat="47.9044819" lon="106.9412131"/>
 <node id="4696533704" visible="true" version="3" changeset="109466671" timestamp="2021-08-10T13:38:58Z" user="kartonage" uid="1497225" lat="47.9044573" lon="106.9411057"/>
 <node id="4696533705" visible="true" version="3" changeset="109466671" timestamp="2021-08-10T13:38:58Z" user="kartonage" uid="1497225" lat="47.9044762" lon="106.9411039"/>
 <node id="4696533706" visible="true" version="3" changeset="109466671" timestamp="2021-08-10T13:38:58Z" user="kartonage" uid="1497225" lat="47.9044883" lon="106.9413567"/>
 <node id="4696533707" visible="true" version="3" changeset="109466671" timestamp="2021-08-10T13:38:58Z" user="kartonage" uid="1497225" lat="47.9043140" lon="106.9413739"/>
 <node id="4696533708" visible="true" version="3" changeset="109466671" timestamp="2021-08-10T13:38:58Z" user="kartonage" uid="1497225" lat="47.9042969" lon="106.9409898"/>
 <node id="4696533709" visible="true" version="3" changeset="109466671" timestamp="2021-08-10T13:38:58Z" user="kartonage" uid="1497225" lat="47.9044704" lon="106.9409725"/>
 <node id="4748292823" visible="true" version="1" changeset="47059893" timestamp="2017-03-22T07:24:12Z" user="cmj123" uid="5510923" lat="47.9055016" lon="106.9301443">
  <tag k="tourism" v="chalet"/>
 </node>
 <node id="4804810941" visible="true" version="1" changeset="47955423" timestamp="2017-04-20T00:26:05Z" user="Baagii3699" uid="5460010" lat="47.9054617" lon="106.9309603">
  <tag k="name" v="Баярцэнгэл Батсайхан"/>
  <tag k="name:mn" v="Баярцэнгэл Батсайхан"/>
  <tag k="shop" v="supermarket"/>
 </node>
 <node id="4845664910" visible="true" version="4" changeset="109466671" timestamp="2021-08-10T13:38:58Z" user="kartonage" uid="1497225" lat="47.9033482" lon="106.9369705"/>
 <node id="4845664911" visible="true" version="4" changeset="109466671" timestamp="2021-08-10T13:38:58Z" user="kartonage" uid="1497225" lat="47.9033602" lon="106.9372371"/>
 <node id="4845664912" visible="true" version="4" changeset="109466671" timestamp="2021-08-10T13:38:58Z" user="kartonage" uid="1497225" lat="47.9028966" lon="106.9372838"/>
 <node id="4845664913" visible="true" version="4" changeset="109466671" timestamp="2021-08-10T13:38:58Z" user="kartonage" uid="1497225" lat="47.9028845" lon="106.9370171"/>
 <node id="4845664914" visible="true" version="4" changeset="109466671" timestamp="2021-08-10T13:38:58Z" user="kartonage" uid="1497225" lat="47.9045654" lon="106.9364455"/>
 <node id="4845664915" visible="true" version="4" changeset="109466671" timestamp="2021-08-10T13:38:58Z" user="kartonage" uid="1497225" lat="47.9046051" lon="106.9371051"/>
 <node id="4845664916" visible="true" version="4" changeset="109466671" timestamp="2021-08-10T13:38:58Z" user="kartonage" uid="1497225" lat="47.9044873" lon="106.9371180"/>
 <node id="4845664917" visible="true" version="4" changeset="109466671" timestamp="2021-08-10T13:38:58Z" user="kartonage" uid="1497225" lat="47.9044752" lon="106.9368514"/>
 <node id="4845664918" visible="true" version="4" changeset="109466671" timestamp="2021-08-10T13:38:58Z" user="kartonage" uid="1497225" lat="47.9043061" lon="106.9368684"/>
 <node id="4845664920" visible="true" version="4" changeset="109466671" timestamp="2021-08-10T13:38:58Z" user="kartonage" uid="1497225" lat="47.9043479" lon="106.9364701"/>
 <node id="4845665421" visible="true" version="4" changeset="109466671" timestamp="2021-08-10T13:38:58Z" user="kartonage" uid="1497225" lat="47.9040655" lon="106.9365361"/>
 <node id="4845665422" visible="true" version="4" changeset="109466671" timestamp="2021-08-10T13:38:58Z" user="kartonage" uid="1497225" lat="47.9040728" lon="106.9367369"/>
 <node id="4845665423" visible="true" version="4" changeset="109466671" timestamp="2021-08-10T13:38:58Z" user="kartonage" uid="1497225" lat="47.9038084" lon="106.9367582"/>
 <node id="4845665424" visible="true" version="4" changeset="109466671" timestamp="2021-08-10T13:38:58Z" user="kartonage" uid="1497225" lat="47.9038011" lon="106.9365574"/>
 <node id="4845665425" visible="true" version="5" changeset="109466671" timestamp="2021-08-10T13:38:58Z" user="kartonage" uid="1497225" lat="47.9035092" lon="106.9365883"/>
 <node id="4845665427" visible="true" version="5" changeset="109466671" timestamp="2021-08-10T13:38:58Z" user="kartonage" uid="1497225" lat="47.9032366" lon="106.9366909"/>
 <node id="4845665428" visible="true" version="5" changeset="109466671" timestamp="2021-08-10T13:38:58Z" user="kartonage" uid="1497225" lat="47.9032896" lon="106.9366873"/>
 <node id="4845665429" visible="true" version="5" changeset="109466671" timestamp="2021-08-10T13:38:58Z" user="kartonage" uid="1497225" lat="47.9032926" lon="106.9367837"/>
 <node id="4845665430" visible="true" version="5" changeset="109466671" timestamp="2021-08-10T13:38:58Z" user="kartonage" uid="1497225" lat="47.9034795" lon="106.9367710"/>
 <node id="4845665431" visible="true" version="5" changeset="109466671" timestamp="2021-08-10T13:38:58Z" user="kartonage" uid="1497225" lat="47.9034765" lon="106.9366742"/>
 <node id="4845665432" visible="true" version="5" changeset="109466671" timestamp="2021-08-10T13:38:58Z" user="kartonage" uid="1497225" lat="47.9035117" lon="106.9366718"/>
 <node id="4845665433" visible="true" version="4" changeset="109466671" timestamp="2021-08-10T13:38:58Z" user="kartonage" uid="1497225" lat="47.9031040" lon="106.9366290"/>
 <node id="4845665434" visible="true" version="4" changeset="109466671" timestamp="2021-08-10T13:38:58Z" user="kartonage" uid="1497225" lat="47.9030512" lon="106.9355223"/>
 <node id="4845665435" visible="true" version="4" changeset="109466671" timestamp="2021-08-10T13:38:58Z" user="kartonage" uid="1497225" lat="47.9028923" lon="106.9355391"/>
 <node id="4845665436" visible="true" version="4" changeset="109466671" timestamp="2021-08-10T13:38:58Z" user="kartonage" uid="1497225" lat="47.9029451" lon="106.9366459"/>
 <node id="4845665437" visible="true" version="4" changeset="109466671" timestamp="2021-08-10T13:38:58Z" user="kartonage" uid="1497225" lat="47.9040222" lon="106.9343040"/>
 <node id="4845665440" visible="true" version="4" changeset="109466671" timestamp="2021-08-10T13:38:58Z" user="kartonage" uid="1497225" lat="47.9040455" lon="106.9348412"/>
 <node id="4845665441" visible="true" version="4" changeset="109466671" timestamp="2021-08-10T13:38:58Z" user="kartonage" uid="1497225" lat="47.9038293" lon="106.9341166"/>
 <node id="4845665442" visible="true" version="4" changeset="109466671" timestamp="2021-08-10T13:38:58Z" user="kartonage" uid="1497225" lat="47.9033675" lon="106.9341687"/>
 <node id="4845665443" visible="true" version="4" changeset="109466671" timestamp="2021-08-10T13:38:58Z" user="kartonage" uid="1497225" lat="47.9033792" lon="106.9344085"/>
 <node id="4845665444" visible="true" version="4" changeset="109466671" timestamp="2021-08-10T13:38:58Z" user="kartonage" uid="1497225" lat="47.9038404" lon="106.9343565"/>
 <node id="4845665458" visible="true" version="3" changeset="104676062" timestamp="2021-05-14T09:15:26Z" user="Saruul Gan" uid="3328620" lat="47.9029090" lon="106.9346253"/>
 <node id="4845665459" visible="true" version="3" changeset="104676062" timestamp="2021-05-14T09:15:26Z" user="Saruul Gan" uid="3328620" lat="47.9028648" lon="106.9346292"/>
 <node id="4845665460" visible="true" version="5" changeset="109466671" timestamp="2021-08-10T13:38:58Z" user="kartonage" uid="1497225" lat="47.9028583" lon="106.9344637"/>
 <node id="4845665461" visible="true" version="3" changeset="104676062" timestamp="2021-05-14T09:15:26Z" user="Saruul Gan" uid="3328620" lat="47.9027303" lon="106.9345651"/>
 <node id="4845665462" visible="true" version="3" changeset="104676062" timestamp="2021-05-14T09:15:26Z" user="Saruul Gan" uid="3328620" lat="47.9027415" lon="106.9348516"/>
 <node id="4845665463" visible="true" version="5" changeset="109466671" timestamp="2021-08-10T13:38:58Z" user="kartonage" uid="1497225" lat="47.9028930" lon="106.9349308"/>
 <node id="4845665464" visible="true" version="3" changeset="104676062" timestamp="2021-05-14T09:15:26Z" user="Saruul Gan" uid="3328620" lat="47.9028721" lon="106.9347734"/>
 <node id="4845665465" visible="true" version="3" changeset="104676062" timestamp="2021-05-14T09:15:26Z" user="Saruul Gan" uid="3328620" lat="47.9029146" lon="106.9347697"/>
 <node id="4845665482" visible="true" version="6" changeset="154255887" timestamp="2024-07-22T10:35:10Z" user="Saruul Gan" uid="3328620" lat="47.9043730" lon="106.9333462"/>
 <node id="4845665483" visible="true" version="6" changeset="154255887" timestamp="2024-07-22T10:35:10Z" user="Saruul Gan" uid="3328620" lat="47.9036225" lon="106.9334297"/>
 <node id="4845665484" visible="true" version="6" changeset="154255887" timestamp="2024-07-22T10:35:10Z" user="Saruul Gan" uid="3328620" lat="47.9036348" lon="106.9336754"/>
 <node id="4845665485" visible="true" version="6" changeset="154255887" timestamp="2024-07-22T10:35:10Z" user="Saruul Gan" uid="3328620" lat="47.9043853" lon="106.9335918"/>
 <node id="4845665486" visible="true" version="6" changeset="154255887" timestamp="2024-07-22T10:35:10Z" user="Saruul Gan" uid="3328620" lat="47.9043543" lon="106.9329106"/>
 <node id="4845665487" visible="true" version="6" changeset="154255887" timestamp="2024-07-22T10:35:10Z" user="Saruul Gan" uid="3328620" lat="47.9043428" lon="106.9326650"/>
 <node id="4845665488" visible="true" version="6" changeset="154255887" timestamp="2024-07-22T10:35:10Z" user="Saruul Gan" uid="3328620" lat="47.9035898" lon="106.9327439"/>
 <node id="4845665489" visible="true" version="6" changeset="154255887" timestamp="2024-07-22T10:35:10Z" user="Saruul Gan" uid="3328620" lat="47.9036013" lon="106.9329894"/>
 <node id="4845665494" visible="true" version="4" changeset="109466671" timestamp="2021-08-10T13:38:58Z" user="kartonage" uid="1497225" lat="47.9043326" lon="106.9315168"/>
 <node id="4845665495" visible="true" version="4" changeset="109466671" timestamp="2021-08-10T13:38:58Z" user="kartonage" uid="1497225" lat="47.9041621" lon="106.9315351"/>
 <node id="4845665496" visible="true" version="4" changeset="109466671" timestamp="2021-08-10T13:38:58Z" user="kartonage" uid="1497225" lat="47.9041985" lon="106.9322895"/>
 <node id="4845665497" visible="true" version="4" changeset="109466671" timestamp="2021-08-10T13:38:58Z" user="kartonage" uid="1497225" lat="47.9043689" lon="106.9322712"/>
 <node id="4845665498" visible="true" version="4" changeset="109466671" timestamp="2021-08-10T13:38:58Z" user="kartonage" uid="1497225" lat="47.9040924" lon="106.9324574"/>
 <node id="4845665499" visible="true" version="4" changeset="109466671" timestamp="2021-08-10T13:38:58Z" user="kartonage" uid="1497225" lat="47.9040828" lon="106.9321909"/>
 <node id="4845665500" visible="true" version="4" changeset="109466671" timestamp="2021-08-10T13:38:58Z" user="kartonage" uid="1497225" lat="47.9035630" lon="106.9322329"/>
 <node id="4845665501" visible="true" version="4" changeset="109466671" timestamp="2021-08-10T13:38:58Z" user="kartonage" uid="1497225" lat="47.9035726" lon="106.9324992"/>
 <node id="4845665502" visible="true" version="4" changeset="109466671" timestamp="2021-08-10T13:38:58Z" user="kartonage" uid="1497225" lat="47.9040673" lon="106.9316794"/>
 <node id="4845665503" visible="true" version="4" changeset="109466671" timestamp="2021-08-10T13:38:58Z" user="kartonage" uid="1497225" lat="47.9040549" lon="106.9314150"/>
 <node id="4845665504" visible="true" version="4" changeset="109466671" timestamp="2021-08-10T13:38:58Z" user="kartonage" uid="1497225" lat="47.9035384" lon="106.9314689"/>
 <node id="4845665505" visible="true" version="4" changeset="109466671" timestamp="2021-08-10T13:38:58Z" user="kartonage" uid="1497225" lat="47.9035508" lon="106.9317332"/>
 <node id="4845665506" visible="true" version="5" changeset="109466671" timestamp="2021-08-10T13:38:58Z" user="kartonage" uid="1497225" lat="47.9034665" lon="106.9314885"/>
 <node id="4845665507" visible="true" version="5" changeset="109466671" timestamp="2021-08-10T13:38:58Z" user="kartonage" uid="1497225" lat="47.9034748" lon="106.9317211"/>
 <node id="4845665508" visible="true" version="5" changeset="109466671" timestamp="2021-08-10T13:38:58Z" user="kartonage" uid="1497225" lat="47.9030271" lon="106.9317569"/>
 <node id="4845665509" visible="true" version="5" changeset="109466671" timestamp="2021-08-10T13:38:58Z" user="kartonage" uid="1497225" lat="47.9030187" lon="106.9315242"/>
 <node id="4845665510" visible="true" version="4" changeset="109466671" timestamp="2021-08-10T13:38:58Z" user="kartonage" uid="1497225" lat="47.9034671" lon="106.9322978"/>
 <node id="4845665511" visible="true" version="4" changeset="109466671" timestamp="2021-08-10T13:38:58Z" user="kartonage" uid="1497225" lat="47.9034756" lon="106.9325220"/>
 <node id="4845665512" visible="true" version="4" changeset="109466671" timestamp="2021-08-10T13:38:58Z" user="kartonage" uid="1497225" lat="47.9030414" lon="106.9325583"/>
 <node id="4845665513" visible="true" version="4" changeset="109466671" timestamp="2021-08-10T13:38:58Z" user="kartonage" uid="1497225" lat="47.9030329" lon="106.9323342"/>
 <node id="4845665514" visible="true" version="5" changeset="109466671" timestamp="2021-08-10T13:38:58Z" user="kartonage" uid="1497225" lat="47.9027616" lon="106.9315172"/>
 <node id="4845665515" visible="true" version="5" changeset="109466671" timestamp="2021-08-10T13:38:58Z" user="kartonage" uid="1497225" lat="47.9026141" lon="106.9315296"/>
 <node id="4845665516" visible="true" version="5" changeset="109466671" timestamp="2021-08-10T13:38:58Z" user="kartonage" uid="1497225" lat="47.9026360" lon="106.9321814"/>
 <node id="4845665517" visible="true" version="5" changeset="109466671" timestamp="2021-08-10T13:38:58Z" user="kartonage" uid="1497225" lat="47.9027866" lon="106.9321645"/>
 <node id="4845665518" visible="true" version="5" changeset="109466671" timestamp="2021-08-10T13:38:58Z" user="kartonage" uid="1497225" lat="47.9027892" lon="106.9323174"/>
 <node id="4845665519" visible="true" version="5" changeset="109466671" timestamp="2021-08-10T13:38:58Z" user="kartonage" uid="1497225" lat="47.9026424" lon="106.9323348"/>
 <node id="4845665520" visible="true" version="5" changeset="109466671" timestamp="2021-08-10T13:38:58Z" user="kartonage" uid="1497225" lat="47.9026596" lon="106.9326576"/>
 <node id="4845665521" visible="true" version="5" changeset="109466671" timestamp="2021-08-10T13:38:58Z" user="kartonage" uid="1497225" lat="47.9028063" lon="106.9326402"/>
 <node id="4845665522" visible="true" version="5" changeset="154255887" timestamp="2024-07-22T10:35:10Z" user="Saruul Gan" uid="3328620" lat="47.9034087" lon="106.9327833"/>
 <node id="4845665523" visible="true" version="5" changeset="154255887" timestamp="2024-07-22T10:35:10Z" user="Saruul Gan" uid="3328620" lat="47.9034202" lon="106.9330184"/>
 <node id="4845665524" visible="true" version="5" changeset="154255887" timestamp="2024-07-22T10:35:10Z" user="Saruul Gan" uid="3328620" lat="47.9027851" lon="106.9330874"/>
 <node id="4845665525" visible="true" version="5" changeset="154255887" timestamp="2024-07-22T10:35:10Z" user="Saruul Gan" uid="3328620" lat="47.9027736" lon="106.9328525"/>
 <node id="4845665526" visible="true" version="5" changeset="154255887" timestamp="2024-07-22T10:35:10Z" user="Saruul Gan" uid="3328620" lat="47.9034826" lon="106.9334448"/>
 <node id="4845665527" visible="true" version="5" changeset="154255887" timestamp="2024-07-22T10:35:10Z" user="Saruul Gan" uid="3328620" lat="47.9034948" lon="106.9336872"/>
 <node id="4845665528" visible="true" version="5" changeset="154255887" timestamp="2024-07-22T10:35:10Z" user="Saruul Gan" uid="3328620" lat="47.9028181" lon="106.9337632"/>
 <node id="4845665529" visible="true" version="5" changeset="154255887" timestamp="2024-07-22T10:35:10Z" user="Saruul Gan" uid="3328620" lat="47.9028059" lon="106.9335206"/>
 <node id="4845743348" visible="true" version="6" changeset="154023728" timestamp="2024-07-16T16:29:12Z" user="Saruul Gan" uid="3328620" lat="47.9027465" lon="106.9304064"/>
 <node id="4845743349" visible="true" version="6" changeset="154023728" timestamp="2024-07-16T16:29:12Z" user="Saruul Gan" uid="3328620" lat="47.9027847" lon="106.9310172"/>
 <node id="4845743356" visible="true" version="4" changeset="104676062" timestamp="2021-05-14T09:15:26Z" user="Saruul Gan" uid="3328620" lat="47.9025607" lon="106.9308110"/>
 <node id="4845743375" visible="true" version="4" changeset="109466671" timestamp="2021-08-10T13:38:58Z" user="kartonage" uid="1497225" lat="47.9024588" lon="106.9384473"/>
 <node id="4845743376" visible="true" version="4" changeset="109466671" timestamp="2021-08-10T13:38:58Z" user="kartonage" uid="1497225" lat="47.9023982" lon="106.9382210"/>
 <node id="4845743377" visible="true" version="4" changeset="109466671" timestamp="2021-08-10T13:38:58Z" user="kartonage" uid="1497225" lat="47.9022915" lon="106.9382845"/>
 <node id="4845743378" visible="true" version="4" changeset="109466671" timestamp="2021-08-10T13:38:58Z" user="kartonage" uid="1497225" lat="47.9022740" lon="106.9382192"/>
 <node id="4845743379" visible="true" version="4" changeset="109466671" timestamp="2021-08-10T13:38:58Z" user="kartonage" uid="1497225" lat="47.9021051" lon="106.9383199"/>
 <node id="4845743380" visible="true" version="4" changeset="109466671" timestamp="2021-08-10T13:38:58Z" user="kartonage" uid="1497225" lat="47.9021569" lon="106.9385135"/>
 <node id="4845743381" visible="true" version="4" changeset="109466671" timestamp="2021-08-10T13:38:58Z" user="kartonage" uid="1497225" lat="47.9023143" lon="106.9384197"/>
 <node id="4845743382" visible="true" version="4" changeset="109466671" timestamp="2021-08-10T13:38:58Z" user="kartonage" uid="1497225" lat="47.9023406" lon="106.9385177"/>
 <node id="4845743383" visible="true" version="4" changeset="109466671" timestamp="2021-08-10T13:38:58Z" user="kartonage" uid="1497225" lat="47.9024573" lon="106.9385919"/>
 <node id="4845743384" visible="true" version="4" changeset="109466671" timestamp="2021-08-10T13:38:58Z" user="kartonage" uid="1497225" lat="47.9022333" lon="106.9386085"/>
 <node id="4845743385" visible="true" version="4" changeset="109466671" timestamp="2021-08-10T13:38:58Z" user="kartonage" uid="1497225" lat="47.9022419" lon="106.9388672"/>
 <node id="4845743386" visible="true" version="4" changeset="109466671" timestamp="2021-08-10T13:38:58Z" user="kartonage" uid="1497225" lat="47.9024659" lon="106.9388506"/>
 <node id="4845743391" visible="true" version="4" changeset="109466671" timestamp="2021-08-10T13:38:58Z" user="kartonage" uid="1497225" lat="47.9040440" lon="106.9404510"/>
 <node id="4845743392" visible="true" version="4" changeset="109466671" timestamp="2021-08-10T13:38:58Z" user="kartonage" uid="1497225" lat="47.9038712" lon="106.9404822"/>
 <node id="4845743393" visible="true" version="4" changeset="109466671" timestamp="2021-08-10T13:38:58Z" user="kartonage" uid="1497225" lat="47.9038906" lon="106.9408479"/>
 <node id="4845743394" visible="true" version="4" changeset="109466671" timestamp="2021-08-10T13:38:58Z" user="kartonage" uid="1497225" lat="47.9039240" lon="106.9408436"/>
 <node id="4845743395" visible="true" version="4" changeset="109466671" timestamp="2021-08-10T13:38:58Z" user="kartonage" uid="1497225" lat="47.9039267" lon="106.9408908"/>
 <node id="4845743396" visible="true" version="4" changeset="109466671" timestamp="2021-08-10T13:38:58Z" user="kartonage" uid="1497225" lat="47.9040673" lon="106.9408506"/>
 <node id="4845743400" visible="true" version="4" changeset="109466671" timestamp="2021-08-10T13:38:58Z" user="kartonage" uid="1497225" lat="47.9034774" lon="106.9409596"/>
 <node id="4845743401" visible="true" version="4" changeset="109466671" timestamp="2021-08-10T13:38:58Z" user="kartonage" uid="1497225" lat="47.9034663" lon="106.9407236"/>
 <node id="4845743402" visible="true" version="4" changeset="109466671" timestamp="2021-08-10T13:38:58Z" user="kartonage" uid="1497225" lat="47.9029593" lon="106.9407768"/>
 <node id="4845743403" visible="true" version="4" changeset="109466671" timestamp="2021-08-10T13:38:58Z" user="kartonage" uid="1497225" lat="47.9029704" lon="106.9410127"/>
 <node id="4867306725" visible="true" version="1" changeset="48853435" timestamp="2017-05-21T01:24:40Z" user="Baagii3699" uid="5460010" lat="47.9026346" lon="106.9361273">
  <tag k="name" v="Ука"/>
  <tag k="name:mn" v="Ука"/>
  <tag k="shop" v="supermarket"/>
 </node>
 <node id="4907708810" visible="true" version="1" changeset="49422692" timestamp="2017-06-10T15:09:27Z" user="Baagii3699" uid="5460010" lat="47.9037985" lon="106.9331550">
  <tag k="name" v="elizabeth"/>
  <tag k="name:mn" v="elizabeth"/>
  <tag k="shop" v="supermarket"/>
 </node>
 <node id="4907708811" visible="true" version="1" changeset="49422692" timestamp="2017-06-10T15:09:29Z" user="Baagii3699" uid="5460010" lat="47.9045266" lon="106.9407121">
  <tag k="name" v="L mart"/>
  <tag k="name:mn" v="L mart"/>
  <tag k="shop" v="supermarket"/>
 </node>
 <node id="4907708813" visible="true" version="1" changeset="49422692" timestamp="2017-06-10T15:09:31Z" user="Baagii3699" uid="5460010" lat="47.9033844" lon="106.9410372">
  <tag k="name" v="нарлаг"/>
  <tag k="name:mn" v="нарлаг"/>
  <tag k="shop" v="supermarket"/>
 </node>
 <node id="4907708814" visible="true" version="1" changeset="49422692" timestamp="2017-06-10T15:09:33Z" user="Baagii3699" uid="5460010" lat="47.9049732" lon="106.9303003">
  <tag k="name" v="фреш"/>
  <tag k="name:mn" v="фреш"/>
  <tag k="shop" v="supermarket"/>
 </node>
 <node id="4907708815" visible="true" version="1" changeset="49422692" timestamp="2017-06-10T15:09:34Z" user="Baagii3699" uid="5460010" lat="47.9051697" lon="106.9302562">
  <tag k="name" v="888"/>
  <tag k="name:mn" v="888"/>
  <tag k="shop" v="supermarket"/>
 </node>
 <node id="4907708816" visible="true" version="1" changeset="49422692" timestamp="2017-06-10T15:09:35Z" user="Baagii3699" uid="5460010" lat="47.9052994" lon="106.9305252">
  <tag k="name" v="нова"/>
  <tag k="name:mn" v="нова"/>
  <tag k="shop" v="supermarket"/>
 </node>
 <node id="4907708817" visible="true" version="1" changeset="49422692" timestamp="2017-06-10T15:09:36Z" user="Baagii3699" uid="5460010" lat="47.9057870" lon="106.9302545">
  <tag k="name" v="Алтай"/>
  <tag k="name:mn" v="Алтай"/>
  <tag k="shop" v="supermarket"/>
 </node>
 <node id="4907708819" visible="true" version="1" changeset="49422692" timestamp="2017-06-10T15:09:38Z" user="Baagii3699" uid="5460010" lat="47.9049046" lon="106.9412866">
  <tag k="name" v="Аз"/>
  <tag k="name:mn" v="Аз"/>
  <tag k="shop" v="supermarket"/>
 </node>
 <node id="4907708916" visible="true" version="1" changeset="49422692" timestamp="2017-06-10T15:09:23Z" user="Baagii3699" uid="5460010" lat="47.9042320" lon="106.9308288">
  <tag k="name" v="олимп хайрхан"/>
  <tag k="name:mn" v="олимп хайрхан"/>
  <tag k="shop" v="supermarket"/>
 </node>
 <node id="4907708917" visible="true" version="1" changeset="49422692" timestamp="2017-06-10T15:09:24Z" user="Baagii3699" uid="5460010" lat="47.9038518" lon="106.9308611">
  <tag k="name" v="гурван сайхан"/>
  <tag k="name:mn" v="гурван сайхан"/>
  <tag k="shop" v="supermarket"/>
 </node>
 <node id="4907708918" visible="true" version="2" changeset="141867524" timestamp="2023-09-28T14:35:48Z" user="Idre" uid="20307712" lat="47.9027607" lon="106.9320490">
  <tag k="name" v="Green Mart"/>
  <tag k="name:mn" v="green mart"/>
  <tag k="shop" v="supermarket"/>
 </node>
 <node id="4907708920" visible="true" version="1" changeset="49422692" timestamp="2017-06-10T15:09:27Z" user="Baagii3699" uid="5460010" lat="47.9035532" lon="106.9332084">
  <tag k="name" v="full"/>
  <tag k="name:mn" v="full"/>
  <tag k="shop" v="supermarket"/>
 </node>
 <node id="4907713254" visible="true" version="2" changeset="102813041" timestamp="2021-04-12T15:06:54Z" user="chunchuntsai" uid="13062030" lat="47.9034551" lon="106.9350579">
  <tag k="name" v="dream"/>
  <tag k="name:mn" v="dream"/>
  <tag k="shop" v="supermarket"/>
 </node>
 <node id="4907713255" visible="true" version="2" changeset="102853989" timestamp="2021-04-13T13:00:45Z" user="wheelmap_visitor" uid="290680" lat="47.9038504" lon="106.9367328">
  <tag k="name" v="пенни"/>
  <tag k="name:mn" v="пенни"/>
  <tag k="shop" v="supermarket"/>
  <tag k="wheelchair" v="limited"/>
 </node>
 <node id="4907713256" visible="true" version="1" changeset="49422692" timestamp="2017-06-10T15:09:36Z" user="Baagii3699" uid="5460010" lat="47.9058160" lon="106.9304405">
  <tag k="name" v="саруул"/>
  <tag k="name:mn" v="саруул"/>
  <tag k="shop" v="supermarket"/>
 </node>
 <node id="4907713257" visible="true" version="1" changeset="49422692" timestamp="2017-06-10T15:09:39Z" user="Baagii3699" uid="5460010" lat="47.9066309" lon="106.9352343">
  <tag k="name" v="organic"/>
  <tag k="name:mn" v="organic"/>
  <tag k="shop" v="supermarket"/>
 </node>
 <node id="4907713639" visible="true" version="1" changeset="49422692" timestamp="2017-06-10T15:09:26Z" user="Baagii3699" uid="5460010" lat="47.9044172" lon="106.9328820">
  <tag k="name" v="шинэ хүнс"/>
  <tag k="name:mn" v="шинэ хүнс"/>
  <tag k="shop" v="supermarket"/>
 </node>
 <node id="4907713640" visible="true" version="2" changeset="52085347" timestamp="2017-09-16T03:00:00Z" user="Bagana" uid="4436599" lat="47.9050258" lon="106.9346959">
  <tag k="name" v="Фреско"/>
  <tag k="name:en" v="Fresco"/>
  <tag k="name:mn" v="fresco"/>
  <tag k="shop" v="supermarket"/>
 </node>
 <node id="4907716621" visible="true" version="1" changeset="49422692" timestamp="2017-06-10T15:09:32Z" user="Baagii3699" uid="5460010" lat="47.9054630" lon="106.9309765">
  <tag k="name" v="30"/>
  <tag k="name:mn" v="30"/>
  <tag k="shop" v="supermarket"/>
 </node>
 <node id="4907716622" visible="true" version="1" changeset="49422692" timestamp="2017-06-10T15:09:33Z" user="Baagii3699" uid="5460010" lat="47.9050365" lon="106.9306443">
  <tag k="name" v="номин цэнгэл"/>
  <tag k="name:mn" v="номин цэнгэл"/>
  <tag k="shop" v="supermarket"/>
 </node>
 <node id="4974703023" visible="true" version="2" changeset="50342619" timestamp="2017-07-17T07:34:51Z" user="Boroldoi" uid="6330944" lat="47.9021389" lon="106.9358854">
  <tag k="name" v="BB SUNSHINE VILLAGE"/>
  <tag k="office" v="lawyer"/>
 </node>
 <node id="5043159121" visible="true" version="2" changeset="102853989" timestamp="2021-04-13T13:00:29Z" user="wheelmap_visitor" uid="290680" lat="47.9039840" lon="106.9369761">
  <tag k="name" v="Анар"/>
  <tag k="name:mn" v="Анар"/>
  <tag k="shop" v="supermarket"/>
  <tag k="wheelchair" v="no"/>
 </node>
 <node id="5215776739" visible="true" version="1" changeset="53575042" timestamp="2017-11-07T08:25:32Z" user="Baagii3699" uid="5460010" lat="47.9048726" lon="106.9374784">
  <tag k="name" v="Сүмбэр орд түц"/>
  <tag k="name:mn" v="Сүмбэр орд түц"/>
  <tag k="shop" v="supermarket"/>
 </node>
 <node id="5232397763" visible="true" version="2" changeset="98889651" timestamp="2021-02-08T07:44:32Z" user="PeteM" uid="26847" lat="47.9061746" lon="106.9225321"/>
 <node id="5232397764" visible="true" version="2" changeset="98889651" timestamp="2021-02-08T07:44:32Z" user="PeteM" uid="26847" lat="47.9062973" lon="106.9232153"/>
 <node id="5232397765" visible="true" version="2" changeset="98889651" timestamp="2021-02-08T07:44:32Z" user="PeteM" uid="26847" lat="47.9062787" lon="106.9237246"/>
 <node id="5232397766" visible="true" version="2" changeset="98889651" timestamp="2021-02-08T07:44:32Z" user="PeteM" uid="26847" lat="47.9061841" lon="106.9242547"/>
 <node id="5232397767" visible="true" version="2" changeset="98889651" timestamp="2021-02-08T07:44:32Z" user="PeteM" uid="26847" lat="47.9062535" lon="106.9251672"/>
 <node id="5305810923" visible="true" version="2" changeset="105725149" timestamp="2021-06-02T14:13:07Z" user="Migmagnai" uid="13469867" lat="47.9028587" lon="106.9347483">
  <tag k="addr:city" v="Улаанбаатар"/>
  <tag k="addr:housenumber" v="420"/>
  <tag k="addr:street" v="Хүннүгийн гудамж"/>
  <tag k="name" v="Сансар"/>
  <tag k="name:mn" v="Сансар"/>
  <tag k="shop" v="supermarket"/>
 </node>
 <node id="5335785542" visible="true" version="3" changeset="104676062" timestamp="2021-05-14T09:15:26Z" user="Saruul Gan" uid="3328620" lat="47.9059084" lon="106.9295153"/>
 <node id="5335785544" visible="true" version="3" changeset="110380438" timestamp="2021-08-28T13:22:55Z" user="lwcc_enhee" uid="11777926" lat="47.9067378" lon="106.9303264"/>
 <node id="5335785545" visible="true" version="1" changeset="55394387" timestamp="2018-01-12T22:27:14Z" user="whatmeinfallible" uid="7150022" lat="47.9060827" lon="106.9303367"/>
 <node id="5466041485" visible="true" version="1" changeset="57020198" timestamp="2018-03-09T05:08:43Z" user="Баатар" uid="2700224" lat="47.9009743" lon="106.9350241"/>
 <node id="5466041486" visible="true" version="1" changeset="57020198" timestamp="2018-03-09T05:08:43Z" user="Баатар" uid="2700224" lat="47.9008958" lon="106.9350701"/>
 <node id="5542637629" visible="true" version="1" changeset="57968936" timestamp="2018-04-10T11:13:48Z" user="Баатар" uid="2700224" lat="47.9025485" lon="106.9409750"/>
 <node id="5542637630" visible="true" version="1" changeset="57968936" timestamp="2018-04-10T11:13:48Z" user="Баатар" uid="2700224" lat="47.9024619" lon="106.9410271"/>
 <node id="5542674113" visible="true" version="1" changeset="57969352" timestamp="2018-04-10T11:27:41Z" user="Баатар" uid="2700224" lat="47.9026530" lon="106.9417474">
  <tag k="crossing" v="traffic_signals"/>
  <tag k="highway" v="crossing"/>
 </node>
 <node id="5542674114" visible="true" version="1" changeset="57969352" timestamp="2018-04-10T11:27:41Z" user="Баатар" uid="2700224" lat="47.9027346" lon="106.9416791">
  <tag k="crossing" v="traffic_signals"/>
  <tag k="highway" v="crossing"/>
 </node>
 <node id="5719261021" visible="true" version="2" changeset="90049376" timestamp="2020-08-28T00:08:24Z" user="Amgalan Bat-Erdene" uid="7257244" lat="47.9028700" lon="106.9357754">
  <tag k="amenity" v="restaurant"/>
  <tag k="name:en" v="Kim’s Kitchen"/>
 </node>
 <node id="5819504023" visible="true" version="2" changeset="104676062" timestamp="2021-05-14T09:15:26Z" user="Saruul Gan" uid="3328620" lat="47.9026235" lon="106.9326884"/>
 <node id="5819504135" visible="true" version="2" changeset="104676062" timestamp="2021-05-14T09:15:26Z" user="Saruul Gan" uid="3328620" lat="47.9034080" lon="106.9299764"/>
 <node id="5819504136" visible="true" version="3" changeset="104676062" timestamp="2021-05-14T09:15:26Z" user="Saruul Gan" uid="3328620" lat="47.9034586" lon="106.9311996"/>
 <node id="5825338453" visible="true" version="2" changeset="145170550" timestamp="2023-12-16T00:33:18Z" user="mtmail" uid="8339" lat="47.9038722" lon="106.9301929">
  <tag k="addr:housenumber" v="202"/>
  <tag k="addr:street" v="Хүннүгийн гудамж"/>
  <tag k="name" v="Olymp Village"/>
  <tag k="tourism" v="apartment"/>
 </node>
 <node id="5854594083" visible="true" version="4" changeset="109466671" timestamp="2021-08-10T13:38:58Z" user="kartonage" uid="1497225" lat="47.9032341" lon="106.9366070"/>
 <node id="5862396460" visible="true" version="3" changeset="157545687" timestamp="2024-10-06T15:22:45Z" user="saruul04" uid="21972502" lat="47.9067501" lon="106.9285462"/>
 <node id="6124460911" visible="true" version="1" changeset="65285109" timestamp="2018-12-08T04:43:24Z" user="лакистрайк1989" uid="8352405" lat="47.9036958" lon="106.9437853"/>
 <node id="6236071390" visible="true" version="1" changeset="66631273" timestamp="2019-01-25T13:08:12Z" user="Tamir G" uid="6272859" lat="47.9058644" lon="106.9403619">
  <tag k="shop" v="car_repair"/>
 </node>
 <node id="6269327793" visible="true" version="5" changeset="115013995" timestamp="2021-12-16T15:13:51Z" user="munkhbayar b" uid="2851175" lat="47.8997383" lon="106.9312616"/>
 <node id="6269327794" visible="true" version="2" changeset="99219318" timestamp="2021-02-13T16:07:46Z" user="Saruul Gan" uid="3328620" lat="47.8914750" lon="106.9382807"/>
 <node id="6269327796" visible="true" version="2" changeset="99221148" timestamp="2021-02-13T16:52:12Z" user="Saruul Gan" uid="3328620" lat="47.8918856" lon="106.9490566"/>
 <node id="6269327797" visible="true" version="2" changeset="99221148" timestamp="2021-02-13T16:52:12Z" user="Saruul Gan" uid="3328620" lat="47.8911663" lon="106.9578758"/>
 <node id="6269327798" visible="true" version="2" changeset="99219318" timestamp="2021-02-13T16:07:46Z" user="Saruul Gan" uid="3328620" lat="47.9054877" lon="106.9643774"/>
 <node id="6269327799" visible="true" version="3" changeset="101838540" timestamp="2021-03-27T14:08:31Z" user="munkhbayar b" uid="2851175" lat="47.9052408" lon="106.9608915"/>
 <node id="6269327800" visible="true" version="3" changeset="101838540" timestamp="2021-03-27T14:08:31Z" user="munkhbayar b" uid="2851175" lat="47.9045974" lon="106.9537148"/>
 <node id="6269327801" visible="true" version="2" changeset="99219318" timestamp="2021-02-13T16:07:46Z" user="Saruul Gan" uid="3328620" lat="47.9042105" lon="106.9537118"/>
 <node id="6269327802" visible="true" version="1" changeset="67068217" timestamp="2019-02-10T10:37:02Z" user="ToatO" uid="9348136" lat="47.9037302" lon="106.9498334"/>
 <node id="6269327803" visible="true" version="2" changeset="99219318" timestamp="2021-02-13T16:07:46Z" user="Saruul Gan" uid="3328620" lat="47.9031637" lon="106.9462139"/>
 <node id="6269327806" visible="true" version="2" changeset="115013995" timestamp="2021-12-16T15:13:51Z" user="munkhbayar b" uid="2851175" lat="47.9014117" lon="106.9372967"/>
 <node id="6285709766" visible="true" version="1" changeset="67309217" timestamp="2019-02-18T10:18:22Z" user="munkhbayar b" uid="2851175" lat="47.9025008" lon="106.8532356"/>
 <node id="6285709767" visible="true" version="1" changeset="67309217" timestamp="2019-02-18T10:18:22Z" user="munkhbayar b" uid="2851175" lat="47.9025660" lon="106.8534724"/>
 <node id="6285709768" visible="true" version="1" changeset="67309217" timestamp="2019-02-18T10:18:22Z" user="munkhbayar b" uid="2851175" lat="47.9025614" lon="106.8537294"/>
 <node id="6285709769" visible="true" version="1" changeset="67309217" timestamp="2019-02-18T10:18:22Z" user="munkhbayar b" uid="2851175" lat="47.9025699" lon="106.8536070"/>
 <node id="6285709770" visible="true" version="1" changeset="67309217" timestamp="2019-02-18T10:18:22Z" user="munkhbayar b" uid="2851175" lat="47.9025656" lon="106.8536682"/>
 <node id="6285709771" visible="true" version="1" changeset="67309217" timestamp="2019-02-18T10:18:22Z" user="munkhbayar b" uid="2851175" lat="47.9025508" lon="106.8542030"/>
 <node id="6285709772" visible="true" version="1" changeset="67309217" timestamp="2019-02-18T10:18:22Z" user="munkhbayar b" uid="2851175" lat="47.9025951" lon="106.8544305"/>
 <node id="6285709773" visible="true" version="1" changeset="67309217" timestamp="2019-02-18T10:18:22Z" user="munkhbayar b" uid="2851175" lat="47.9026545" lon="106.8545197"/>
 <node id="6285709774" visible="true" version="1" changeset="67309217" timestamp="2019-02-18T10:18:22Z" user="munkhbayar b" uid="2851175" lat="47.9025688" lon="106.8543322"/>
 <node id="6285709775" visible="true" version="1" changeset="67309217" timestamp="2019-02-18T10:18:22Z" user="munkhbayar b" uid="2851175" lat="47.9027998" lon="106.8545889"/>
 <node id="6285709776" visible="true" version="1" changeset="67309217" timestamp="2019-02-18T10:18:22Z" user="munkhbayar b" uid="2851175" lat="47.9028353" lon="106.8546081"/>
 <node id="6285709777" visible="true" version="1" changeset="67309217" timestamp="2019-02-18T10:18:22Z" user="munkhbayar b" uid="2851175" lat="47.9028386" lon="106.8547317"/>
 <node id="6285709778" visible="true" version="1" changeset="67309217" timestamp="2019-02-18T10:18:22Z" user="munkhbayar b" uid="2851175" lat="47.9028774" lon="106.8548089"/>
 <node id="6285709779" visible="true" version="1" changeset="67309217" timestamp="2019-02-18T10:18:22Z" user="munkhbayar b" uid="2851175" lat="47.9033757" lon="106.8581508"/>
 <node id="6285709780" visible="true" version="1" changeset="67309217" timestamp="2019-02-18T10:18:22Z" user="munkhbayar b" uid="2851175" lat="47.9038997" lon="106.8601372"/>
 <node id="6285709781" visible="true" version="1" changeset="67309217" timestamp="2019-02-18T10:18:22Z" user="munkhbayar b" uid="2851175" lat="47.9036367" lon="106.8589730"/>
 <node id="6285709782" visible="true" version="1" changeset="67309217" timestamp="2019-02-18T10:18:22Z" user="munkhbayar b" uid="2851175" lat="47.9034804" lon="106.8585789"/>
 <node id="6285709783" visible="true" version="1" changeset="67309217" timestamp="2019-02-18T10:18:22Z" user="munkhbayar b" uid="2851175" lat="47.9035502" lon="106.8587544"/>
 <node id="6285709784" visible="true" version="1" changeset="67309217" timestamp="2019-02-18T10:18:22Z" user="munkhbayar b" uid="2851175" lat="47.9036058" lon="106.8588637"/>
 <node id="6285709785" visible="true" version="1" changeset="67309217" timestamp="2019-02-18T10:18:22Z" user="munkhbayar b" uid="2851175" lat="47.9034538" lon="106.8583202"/>
 <node id="6285709786" visible="true" version="1" changeset="67309217" timestamp="2019-02-18T10:18:22Z" user="munkhbayar b" uid="2851175" lat="47.9034609" lon="106.8584495"/>
 <node id="6285709787" visible="true" version="1" changeset="67309217" timestamp="2019-02-18T10:18:22Z" user="munkhbayar b" uid="2851175" lat="47.9034371" lon="106.8570888"/>
 <node id="6285709788" visible="true" version="1" changeset="67309217" timestamp="2019-02-18T10:18:22Z" user="munkhbayar b" uid="2851175" lat="47.9034374" lon="106.8573795"/>
 <node id="6285709789" visible="true" version="1" changeset="67309217" timestamp="2019-02-18T10:18:22Z" user="munkhbayar b" uid="2851175" lat="47.9034189" lon="106.8576697"/>
 <node id="6285709790" visible="true" version="1" changeset="67309217" timestamp="2019-02-18T10:18:22Z" user="munkhbayar b" uid="2851175" lat="47.9034035" lon="106.8579133"/>
 <node id="6285709791" visible="true" version="1" changeset="67309217" timestamp="2019-02-18T10:18:22Z" user="munkhbayar b" uid="2851175" lat="47.9033524" lon="106.8580629"/>
 <node id="6285709792" visible="true" version="1" changeset="67309217" timestamp="2019-02-18T10:18:22Z" user="munkhbayar b" uid="2851175" lat="47.9034214" lon="106.8567836"/>
 <node id="6285709793" visible="true" version="1" changeset="67309217" timestamp="2019-02-18T10:18:22Z" user="munkhbayar b" uid="2851175" lat="47.9030924" lon="106.8559427"/>
 <node id="6285709794" visible="true" version="1" changeset="67309217" timestamp="2019-02-18T10:18:22Z" user="munkhbayar b" uid="2851175" lat="47.9032548" lon="106.8564802"/>
 <node id="6285709795" visible="true" version="1" changeset="67309217" timestamp="2019-02-18T10:18:22Z" user="munkhbayar b" uid="2851175" lat="47.9033629" lon="106.8566011"/>
 <node id="6285709796" visible="true" version="1" changeset="67309217" timestamp="2019-02-18T10:18:22Z" user="munkhbayar b" uid="2851175" lat="47.9033006" lon="106.8565314"/>
 <node id="6285709797" visible="true" version="1" changeset="67309217" timestamp="2019-02-18T10:18:22Z" user="munkhbayar b" uid="2851175" lat="47.9031592" lon="106.8562053"/>
 <node id="6285709798" visible="true" version="1" changeset="67309217" timestamp="2019-02-18T10:18:22Z" user="munkhbayar b" uid="2851175" lat="47.9029816" lon="106.8551679"/>
 <node id="6285709799" visible="true" version="1" changeset="67309217" timestamp="2019-02-18T10:18:22Z" user="munkhbayar b" uid="2851175" lat="47.9029874" lon="106.8555553"/>
 <node id="6285709800" visible="true" version="1" changeset="67309217" timestamp="2019-02-18T10:18:22Z" user="munkhbayar b" uid="2851175" lat="47.9029928" lon="106.8553708"/>
 <node id="6285709801" visible="true" version="1" changeset="67309217" timestamp="2019-02-18T10:18:22Z" user="munkhbayar b" uid="2851175" lat="47.9029913" lon="106.8552694"/>
 <node id="6285709802" visible="true" version="1" changeset="67309217" timestamp="2019-02-18T10:18:22Z" user="munkhbayar b" uid="2851175" lat="47.9030007" lon="106.8556627"/>
 <node id="6285709803" visible="true" version="1" changeset="67309217" timestamp="2019-02-18T10:18:22Z" user="munkhbayar b" uid="2851175" lat="47.9030486" lon="106.8557966"/>
 <node id="6285709804" visible="true" version="1" changeset="67309217" timestamp="2019-02-18T10:18:22Z" user="munkhbayar b" uid="2851175" lat="47.9030288" lon="106.8557081"/>
 <node id="6285741669" visible="true" version="1" changeset="67310126" timestamp="2019-02-18T10:44:45Z" user="munkhbayar b" uid="2851175" lat="47.9057247" lon="106.8686116"/>
 <node id="6285741670" visible="true" version="1" changeset="67310126" timestamp="2019-02-18T10:44:45Z" user="munkhbayar b" uid="2851175" lat="47.9057174" lon="106.8683487"/>
 <node id="6285741671" visible="true" version="1" changeset="67310126" timestamp="2019-02-18T10:44:45Z" user="munkhbayar b" uid="2851175" lat="47.9057273" lon="106.8684871"/>
 <node id="6285741672" visible="true" version="1" changeset="67310126" timestamp="2019-02-18T10:44:45Z" user="munkhbayar b" uid="2851175" lat="47.9057414" lon="106.8687602"/>
 <node id="6285741673" visible="true" version="1" changeset="67310126" timestamp="2019-02-18T10:44:45Z" user="munkhbayar b" uid="2851175" lat="47.9057936" lon="106.8689115"/>
 <node id="6285741674" visible="true" version="1" changeset="67310126" timestamp="2019-02-18T10:44:45Z" user="munkhbayar b" uid="2851175" lat="47.9058236" lon="106.8689965"/>
 <node id="6285741675" visible="true" version="1" changeset="67310126" timestamp="2019-02-18T10:44:45Z" user="munkhbayar b" uid="2851175" lat="47.9058446" lon="106.8693044"/>
 <node id="6285741676" visible="true" version="1" changeset="67310126" timestamp="2019-02-18T10:44:45Z" user="munkhbayar b" uid="2851175" lat="47.9058460" lon="106.8691906"/>
 <node id="6285741677" visible="true" version="1" changeset="67310126" timestamp="2019-02-18T10:44:45Z" user="munkhbayar b" uid="2851175" lat="47.9058339" lon="106.8695209"/>
 <node id="6285741678" visible="true" version="1" changeset="67310126" timestamp="2019-02-18T10:44:45Z" user="munkhbayar b" uid="2851175" lat="47.9058965" lon="106.8702991"/>
 <node id="6285741679" visible="true" version="1" changeset="67310126" timestamp="2019-02-18T10:44:45Z" user="munkhbayar b" uid="2851175" lat="47.9057659" lon="106.8699646"/>
 <node id="6285741680" visible="true" version="1" changeset="67310126" timestamp="2019-02-18T10:44:45Z" user="munkhbayar b" uid="2851175" lat="47.9058249" lon="106.8701272"/>
 <node id="6285741681" visible="true" version="1" changeset="67310126" timestamp="2019-02-18T10:44:45Z" user="munkhbayar b" uid="2851175" lat="47.9058988" lon="106.8705939"/>
 <node id="6285741682" visible="true" version="1" changeset="67310126" timestamp="2019-02-18T10:44:45Z" user="munkhbayar b" uid="2851175" lat="47.9059102" lon="106.8704045"/>
 <node id="6285741683" visible="true" version="1" changeset="67310126" timestamp="2019-02-18T10:44:45Z" user="munkhbayar b" uid="2851175" lat="47.9058686" lon="106.8702061"/>
 <node id="6285741684" visible="true" version="1" changeset="67310126" timestamp="2019-02-18T10:44:45Z" user="munkhbayar b" uid="2851175" lat="47.9057184" lon="106.8716682"/>
 <node id="6285744885" visible="true" version="1" changeset="67310126" timestamp="2019-02-18T10:44:45Z" user="munkhbayar b" uid="2851175" lat="47.9058019" lon="106.8712925"/>
 <node id="6285744886" visible="true" version="1" changeset="67310126" timestamp="2019-02-18T10:44:45Z" user="munkhbayar b" uid="2851175" lat="47.9058546" lon="106.8711117"/>
 <node id="6285744887" visible="true" version="1" changeset="67310126" timestamp="2019-02-18T10:44:45Z" user="munkhbayar b" uid="2851175" lat="47.9056287" lon="106.8720089"/>
 <node id="6285744888" visible="true" version="1" changeset="67310126" timestamp="2019-02-18T10:44:45Z" user="munkhbayar b" uid="2851175" lat="47.9052246" lon="106.8732905"/>
 <node id="6285744889" visible="true" version="1" changeset="67310126" timestamp="2019-02-18T10:44:45Z" user="munkhbayar b" uid="2851175" lat="47.9054647" lon="106.8726893"/>
 <node id="6285744890" visible="true" version="1" changeset="67310126" timestamp="2019-02-18T10:44:45Z" user="munkhbayar b" uid="2851175" lat="47.9053853" lon="106.8729806"/>
 <node id="6285744891" visible="true" version="1" changeset="67310126" timestamp="2019-02-18T10:44:45Z" user="munkhbayar b" uid="2851175" lat="47.9050987" lon="106.8735475"/>
 <node id="6285744892" visible="true" version="1" changeset="67310126" timestamp="2019-02-18T10:44:45Z" user="munkhbayar b" uid="2851175" lat="47.9048685" lon="106.8741688"/>
 <node id="6285744893" visible="true" version="1" changeset="67310126" timestamp="2019-02-18T10:44:45Z" user="munkhbayar b" uid="2851175" lat="47.9049397" lon="106.8740240"/>
 <node id="6285744894" visible="true" version="1" changeset="67310126" timestamp="2019-02-18T10:44:45Z" user="munkhbayar b" uid="2851175" lat="47.9049973" lon="106.8738138"/>
 <node id="6285744895" visible="true" version="1" changeset="67310126" timestamp="2019-02-18T10:44:45Z" user="munkhbayar b" uid="2851175" lat="47.9044635" lon="106.8750892"/>
 <node id="6285744896" visible="true" version="1" changeset="67310126" timestamp="2019-02-18T10:44:45Z" user="munkhbayar b" uid="2851175" lat="47.9043455" lon="106.8756871"/>
 <node id="6285744897" visible="true" version="1" changeset="67310126" timestamp="2019-02-18T10:44:45Z" user="munkhbayar b" uid="2851175" lat="47.9048147" lon="106.8744142"/>
 <node id="6285744898" visible="true" version="1" changeset="67310126" timestamp="2019-02-18T10:44:45Z" user="munkhbayar b" uid="2851175" lat="47.9046845" lon="106.8746770"/>
 <node id="6285744899" visible="true" version="1" changeset="67310126" timestamp="2019-02-18T10:44:45Z" user="munkhbayar b" uid="2851175" lat="47.9045890" lon="106.8748725"/>
 <node id="6285744900" visible="true" version="1" changeset="67310126" timestamp="2019-02-18T10:44:45Z" user="munkhbayar b" uid="2851175" lat="47.9043857" lon="106.8753309"/>
 <node id="6285744901" visible="true" version="1" changeset="67310126" timestamp="2019-02-18T10:44:45Z" user="munkhbayar b" uid="2851175" lat="47.9043640" lon="106.8754518"/>
 <node id="6285744902" visible="true" version="1" changeset="67310126" timestamp="2019-02-18T10:44:45Z" user="munkhbayar b" uid="2851175" lat="47.9040730" lon="106.8769249"/>
 <node id="6285744903" visible="true" version="1" changeset="67310126" timestamp="2019-02-18T10:44:45Z" user="munkhbayar b" uid="2851175" lat="47.9041549" lon="106.8764742"/>
 <node id="6285744904" visible="true" version="1" changeset="67310126" timestamp="2019-02-18T10:44:45Z" user="munkhbayar b" uid="2851175" lat="47.9043155" lon="106.8758413"/>
 <node id="6285744905" visible="true" version="1" changeset="67310126" timestamp="2019-02-18T10:44:45Z" user="munkhbayar b" uid="2851175" lat="47.9039099" lon="106.8774085"/>
 <node id="6285744906" visible="true" version="1" changeset="67310126" timestamp="2019-02-18T10:44:45Z" user="munkhbayar b" uid="2851175" lat="47.9038299" lon="106.8777343"/>
 <node id="6285744907" visible="true" version="1" changeset="67310126" timestamp="2019-02-18T10:44:45Z" user="munkhbayar b" uid="2851175" lat="47.9037322" lon="106.8791439"/>
 <node id="6285744908" visible="true" version="1" changeset="67310126" timestamp="2019-02-18T10:44:45Z" user="munkhbayar b" uid="2851175" lat="47.9037629" lon="106.8786931"/>
 <node id="6285744909" visible="true" version="1" changeset="67310126" timestamp="2019-02-18T10:44:45Z" user="munkhbayar b" uid="2851175" lat="47.9037251" lon="106.8783182"/>
 <node id="6285744910" visible="true" version="1" changeset="67310126" timestamp="2019-02-18T10:44:45Z" user="munkhbayar b" uid="2851175" lat="47.9037328" lon="106.8781752"/>
 <node id="6285744911" visible="true" version="1" changeset="67310126" timestamp="2019-02-18T10:44:45Z" user="munkhbayar b" uid="2851175" lat="47.9037346" lon="106.8785080"/>
 <node id="6285744912" visible="true" version="1" changeset="67310126" timestamp="2019-02-18T10:44:45Z" user="munkhbayar b" uid="2851175" lat="47.9036638" lon="106.8796894"/>
 <node id="6285744913" visible="true" version="1" changeset="67310126" timestamp="2019-02-18T10:44:45Z" user="munkhbayar b" uid="2851175" lat="47.9036802" lon="106.8809772"/>
 <node id="6285744914" visible="true" version="1" changeset="67310126" timestamp="2019-02-18T10:44:45Z" user="munkhbayar b" uid="2851175" lat="47.9036848" lon="106.8805943"/>
 <node id="6285744915" visible="true" version="1" changeset="67310126" timestamp="2019-02-18T10:44:45Z" user="munkhbayar b" uid="2851175" lat="47.9036652" lon="106.8804473"/>
 <node id="6285744916" visible="true" version="1" changeset="67310126" timestamp="2019-02-18T10:44:45Z" user="munkhbayar b" uid="2851175" lat="47.9036288" lon="106.8803527"/>
 <node id="6285744917" visible="true" version="1" changeset="67310126" timestamp="2019-02-18T10:44:45Z" user="munkhbayar b" uid="2851175" lat="47.9036566" lon="106.8813190"/>
 <node id="6285744918" visible="true" version="1" changeset="67310126" timestamp="2019-02-18T10:44:45Z" user="munkhbayar b" uid="2851175" lat="47.9036011" lon="106.8814678"/>
 <node id="6285744919" visible="true" version="1" changeset="67310126" timestamp="2019-02-18T10:44:45Z" user="munkhbayar b" uid="2851175" lat="47.9033978" lon="106.8823463"/>
 <node id="6285744920" visible="true" version="1" changeset="67310126" timestamp="2019-02-18T10:44:45Z" user="munkhbayar b" uid="2851175" lat="47.9035774" lon="106.8818648"/>
 <node id="6285744921" visible="true" version="1" changeset="67310126" timestamp="2019-02-18T10:44:45Z" user="munkhbayar b" uid="2851175" lat="47.9032749" lon="106.8831713"/>
 <node id="6285744922" visible="true" version="1" changeset="67310126" timestamp="2019-02-18T10:44:45Z" user="munkhbayar b" uid="2851175" lat="47.9034615" lon="106.8820808"/>
 <node id="6285744923" visible="true" version="1" changeset="67310126" timestamp="2019-02-18T10:44:45Z" user="munkhbayar b" uid="2851175" lat="47.9031647" lon="106.8836725"/>
 <node id="6285752056" visible="true" version="2" changeset="93769237" timestamp="2020-11-09T05:20:16Z" user="oronzai" uid="11925487" lat="47.9030000" lon="106.8865900"/>
 <node id="6285752057" visible="true" version="1" changeset="67310276" timestamp="2019-02-18T10:48:43Z" user="munkhbayar b" uid="2851175" lat="47.9030563" lon="106.8846657"/>
 <node id="6285752058" visible="true" version="1" changeset="67310276" timestamp="2019-02-18T10:48:43Z" user="munkhbayar b" uid="2851175" lat="47.9030773" lon="106.8852178"/>
 <node id="6285752059" visible="true" version="1" changeset="67310276" timestamp="2019-02-18T10:48:43Z" user="munkhbayar b" uid="2851175" lat="47.9030903" lon="106.8854585"/>
 <node id="6348872582" visible="true" version="3" changeset="101224730" timestamp="2021-03-18T04:37:05Z" user="Erdenetsogt Sumiyasuren" uid="9357108" lat="47.9005011" lon="106.9332398"/>
 <node id="6348872583" visible="true" version="5" changeset="109466671" timestamp="2021-08-10T13:38:58Z" user="kartonage" uid="1497225" lat="47.9006097" lon="106.9331857"/>
 <node id="6348872584" visible="true" version="5" changeset="109466671" timestamp="2021-08-10T13:38:58Z" user="kartonage" uid="1497225" lat="47.9008444" lon="106.9331560"/>
 <node id="6348872785" visible="true" version="6" changeset="135322929" timestamp="2023-04-25T01:00:39Z" user="LakeVostok" uid="16853710" lat="47.9010163" lon="106.9331709"/>
 <node id="6348872786" visible="true" version="3" changeset="135322929" timestamp="2023-04-25T01:00:39Z" user="LakeVostok" uid="16853710" lat="47.9011296" lon="106.9333408"/>
 <node id="6348872791" visible="true" version="6" changeset="109466671" timestamp="2021-08-10T13:38:58Z" user="kartonage" uid="1497225" lat="47.9023161" lon="106.9331000"/>
 <node id="6375458584" visible="true" version="3" changeset="104676062" timestamp="2021-05-14T09:15:26Z" user="Saruul Gan" uid="3328620" lat="47.9048057" lon="106.9376315"/>
 <node id="6375459485" visible="true" version="3" changeset="99697483" timestamp="2021-02-21T20:22:35Z" user="cstripling" uid="10082100" lat="47.9053258" lon="106.9375980"/>
 <node id="6375459542" visible="true" version="2" changeset="99697483" timestamp="2021-02-21T20:22:35Z" user="cstripling" uid="10082100" lat="47.9053410" lon="106.9380931"/>
 <node id="6375460811" visible="true" version="3" changeset="104676062" timestamp="2021-05-14T09:15:26Z" user="Saruul Gan" uid="3328620" lat="47.9048374" lon="106.9390273"/>
 <node id="6375460812" visible="true" version="2" changeset="99697483" timestamp="2021-02-21T20:22:35Z" user="cstripling" uid="10082100" lat="47.9054540" lon="106.9389469"/>
 <node id="6441769986" visible="true" version="1" changeset="69786052" timestamp="2019-05-02T01:33:14Z" user="Ankhbayr" uid="9383908" lat="47.9046716" lon="106.9327711">
  <tag k="name" v="SEOL MART"/>
  <tag k="shop" v="supermarket"/>
 </node>
 <node id="6441770185" visible="true" version="1" changeset="69786052" timestamp="2019-05-02T01:33:15Z" user="Ankhbayr" uid="9383908" lat="47.9051557" lon="106.9339308">
  <tag k="name" v="Oyu"/>
  <tag k="shop" v="supermarket"/>
 </node>
 <node id="6441770285" visible="true" version="3" changeset="104676062" timestamp="2021-05-14T09:15:26Z" user="Saruul Gan" uid="3328620" lat="47.9059122" lon="106.9331777">
  <tag k="name" v="Go mart"/>
  <tag k="shop" v="supermarket"/>
 </node>
 <node id="6448941971" visible="true" version="4" changeset="109466671" timestamp="2021-08-10T13:38:58Z" user="kartonage" uid="1497225" lat="47.9030889" lon="106.9412000"/>
 <node id="6448941972" visible="true" version="4" changeset="109466671" timestamp="2021-08-10T13:38:58Z" user="kartonage" uid="1497225" lat="47.9031041" lon="106.9414912"/>
 <node id="6448941973" visible="true" version="4" changeset="109466671" timestamp="2021-08-10T13:38:58Z" user="kartonage" uid="1497225" lat="47.9032980" lon="106.9414687"/>
 <node id="6448941974" visible="true" version="4" changeset="109466671" timestamp="2021-08-10T13:38:58Z" user="kartonage" uid="1497225" lat="47.9032828" lon="106.9411774"/>
 <node id="6593522823" visible="true" version="1" changeset="71966203" timestamp="2019-07-06T19:01:37Z" user="munkhbayar b" uid="2851175" lat="47.9026175" lon="106.8903877"/>
 <node id="6593522824" visible="true" version="1" changeset="71966203" timestamp="2019-07-06T19:01:37Z" user="munkhbayar b" uid="2851175" lat="47.9025628" lon="106.8908567"/>
 <node id="6593522825" visible="true" version="1" changeset="71966203" timestamp="2019-07-06T19:01:37Z" user="munkhbayar b" uid="2851175" lat="47.9025553" lon="106.8913139"/>
 <node id="6593522826" visible="true" version="1" changeset="71966203" timestamp="2019-07-06T19:01:37Z" user="munkhbayar b" uid="2851175" lat="47.9024922" lon="106.8914539"/>
 <node id="6593522827" visible="true" version="1" changeset="71966203" timestamp="2019-07-06T19:01:37Z" user="munkhbayar b" uid="2851175" lat="47.9024930" lon="106.8916849"/>
 <node id="6593522828" visible="true" version="1" changeset="71966203" timestamp="2019-07-06T19:01:37Z" user="munkhbayar b" uid="2851175" lat="47.9024654" lon="106.8924139"/>
 <node id="6593522829" visible="true" version="2" changeset="125891467" timestamp="2022-09-07T09:08:33Z" user="Ochbayar Ganbold" uid="4727667" lat="47.9024368" lon="106.8927562"/>
 <node id="6593522830" visible="true" version="1" changeset="71966203" timestamp="2019-07-06T19:01:37Z" user="munkhbayar b" uid="2851175" lat="47.9023190" lon="106.8932534"/>
 <node id="6593522831" visible="true" version="1" changeset="71966203" timestamp="2019-07-06T19:01:37Z" user="munkhbayar b" uid="2851175" lat="47.9023780" lon="106.8934085"/>
 <node id="6593522832" visible="true" version="1" changeset="71966203" timestamp="2019-07-06T19:01:37Z" user="munkhbayar b" uid="2851175" lat="47.9023876" lon="106.8937572"/>
 <node id="6593522833" visible="true" version="1" changeset="71966203" timestamp="2019-07-06T19:01:37Z" user="munkhbayar b" uid="2851175" lat="47.9022028" lon="106.8943240"/>
 <node id="6593522834" visible="true" version="1" changeset="71966203" timestamp="2019-07-06T19:01:37Z" user="munkhbayar b" uid="2851175" lat="47.9020696" lon="106.8949891"/>
 <node id="7261315531" visible="true" version="2" changeset="144170037" timestamp="2023-11-18T11:14:50Z" user="Batubileg" uid="18216995" lat="47.9019240" lon="106.9409370"/>
 <node id="7261315549" visible="true" version="5" changeset="109466671" timestamp="2021-08-10T13:38:58Z" user="kartonage" uid="1497225" lat="47.9030648" lon="106.9390711"/>
 <node id="7261315550" visible="true" version="5" changeset="109466671" timestamp="2021-08-10T13:38:58Z" user="kartonage" uid="1497225" lat="47.9025584" lon="106.9391307"/>
 <node id="7261315551" visible="true" version="5" changeset="109466671" timestamp="2021-08-10T13:38:58Z" user="kartonage" uid="1497225" lat="47.9025470" lon="106.9389139"/>
 <node id="7261315552" visible="true" version="5" changeset="109466671" timestamp="2021-08-10T13:38:58Z" user="kartonage" uid="1497225" lat="47.9030533" lon="106.9388543"/>
 <node id="7261315553" visible="true" version="4" changeset="109466671" timestamp="2021-08-10T13:38:58Z" user="kartonage" uid="1497225" lat="47.9033672" lon="106.9390181"/>
 <node id="7261315554" visible="true" version="4" changeset="109466671" timestamp="2021-08-10T13:38:58Z" user="kartonage" uid="1497225" lat="47.9034139" lon="106.9404585"/>
 <node id="7261315555" visible="true" version="4" changeset="109466671" timestamp="2021-08-10T13:38:58Z" user="kartonage" uid="1497225" lat="47.9032671" lon="106.9404691"/>
 <node id="7261315556" visible="true" version="4" changeset="109466671" timestamp="2021-08-10T13:38:58Z" user="kartonage" uid="1497225" lat="47.9032204" lon="106.9390287"/>
 <node id="7261315557" visible="true" version="3" changeset="109466671" timestamp="2021-08-10T13:38:58Z" user="kartonage" uid="1497225" lat="47.9040480" lon="106.9402375"/>
 <node id="7261315558" visible="true" version="3" changeset="109466671" timestamp="2021-08-10T13:38:58Z" user="kartonage" uid="1497225" lat="47.9035265" lon="106.9402884"/>
 <node id="7261315559" visible="true" version="3" changeset="109466671" timestamp="2021-08-10T13:38:58Z" user="kartonage" uid="1497225" lat="47.9035034" lon="106.9397619"/>
 <node id="7261315560" visible="true" version="3" changeset="109466671" timestamp="2021-08-10T13:38:58Z" user="kartonage" uid="1497225" lat="47.9040248" lon="106.9397110"/>
 <node id="7261315561" visible="true" version="3" changeset="104676062" timestamp="2021-05-14T09:15:26Z" user="Saruul Gan" uid="3328620" lat="47.9056400" lon="106.9373406"/>
 <node id="7261315562" visible="true" version="3" changeset="104676062" timestamp="2021-05-14T09:15:26Z" user="Saruul Gan" uid="3328620" lat="47.9051069" lon="106.9373984"/>
 <node id="7261315563" visible="true" version="3" changeset="104676062" timestamp="2021-05-14T09:15:26Z" user="Saruul Gan" uid="3328620" lat="47.9051013" lon="106.9372134"/>
 <node id="7261315564" visible="true" version="3" changeset="104676062" timestamp="2021-05-14T09:15:26Z" user="Saruul Gan" uid="3328620" lat="47.9056281" lon="106.9371544"/>
 <node id="7261315565" visible="true" version="3" changeset="154255887" timestamp="2024-07-22T10:35:10Z" user="Saruul Gan" uid="3328620" lat="47.9025097" lon="106.9338061"/>
 <node id="7261315566" visible="true" version="3" changeset="154255887" timestamp="2024-07-22T10:35:10Z" user="Saruul Gan" uid="3328620" lat="47.9025295" lon="106.9344230"/>
 <node id="7261315567" visible="true" version="3" changeset="154255887" timestamp="2024-07-22T10:35:10Z" user="Saruul Gan" uid="3328620" lat="47.9023820" lon="106.9344335"/>
 <node id="7261315568" visible="true" version="3" changeset="154255887" timestamp="2024-07-22T10:35:10Z" user="Saruul Gan" uid="3328620" lat="47.9023622" lon="106.9338166"/>
 <node id="7261349993" visible="true" version="3" changeset="104676062" timestamp="2021-05-14T09:15:26Z" user="Saruul Gan" uid="3328620" lat="47.9023790" lon="106.9335520"/>
 <node id="7261349994" visible="true" version="2" changeset="104676062" timestamp="2021-05-14T09:15:26Z" user="Saruul Gan" uid="3328620" lat="47.9013663" lon="106.9336676"/>
 <node id="7261349995" visible="true" version="2" changeset="104676062" timestamp="2021-05-14T09:15:26Z" user="Saruul Gan" uid="3328620" lat="47.9013576" lon="106.9334961"/>
 <node id="7261349996" visible="true" version="3" changeset="104676062" timestamp="2021-05-14T09:15:26Z" user="Saruul Gan" uid="3328620" lat="47.9023703" lon="106.9333809"/>
 <node id="7350342420" visible="true" version="3" changeset="144538185" timestamp="2023-11-28T08:53:33Z" user="Batubileg" uid="18216995" lat="47.9024272" lon="106.9287763"/>
 <node id="7640141322" visible="true" version="1" changeset="86933692" timestamp="2020-06-21T12:20:44Z" user="Devansh Dutta" uid="11314474" lat="47.9019261" lon="106.9383505"/>
 <node id="7640141323" visible="true" version="4" changeset="109466671" timestamp="2021-08-10T13:38:58Z" user="kartonage" uid="1497225" lat="47.9022857" lon="106.9332490"/>
 <node id="7838715585" visible="true" version="2" changeset="145170550" timestamp="2023-12-16T00:33:18Z" user="mtmail" uid="8339" lat="47.9031192" lon="106.9408087">
  <tag k="addr:housenumber" v="757-758"/>
  <tag k="addr:street" v="Нийслэл хүрээ өргөн чөлөө"/>
  <tag k="name" v="Парк Вью"/>
  <tag k="name:en" v="Parkview"/>
  <tag k="tourism" v="apartment"/>
 </node>
 <node id="7838715885" visible="true" version="2" changeset="145170550" timestamp="2023-12-16T00:33:18Z" user="mtmail" uid="8339" lat="47.9032340" lon="106.9407998">
  <tag k="addr:housenumber" v="757-758"/>
  <tag k="addr:street" v="Нийслэл хүрээ өргөн чөлөө"/>
  <tag k="name" v="Парк Вью"/>
  <tag k="name:en" v="Parkview"/>
  <tag k="tourism" v="apartment"/>
 </node>
 <node id="7851530385" visible="true" version="1" changeset="90049376" timestamp="2020-08-28T00:08:24Z" user="Amgalan Bat-Erdene" uid="7257244" lat="47.9040129" lon="106.9366362">
  <tag k="email" v="olympfitnessmn@gmail.com"/>
  <tag k="leisure" v="fitness_centre"/>
  <tag k="name" v="Olymp fittness"/>
  <tag k="name:en" v="Олимп фитнэсс"/>
  <tag k="name:mn" v="Olymp fitness"/>
  <tag k="opening_hours" v="Mo-Su 07:00-22:00"/>
  <tag k="phone" v="77070058"/>
  <tag k="website" v="http://www.olympfitness.mn"/>
 </node>
 <node id="7885702102" visible="true" version="2" changeset="110380438" timestamp="2021-08-28T13:22:55Z" user="lwcc_enhee" uid="11777926" lat="47.8998892" lon="106.9308713">
  <tag k="highway" v="traffic_signals"/>
  <tag k="traffic_signals" v="signal"/>
 </node>
 <node id="7885702103" visible="true" version="2" changeset="110380438" timestamp="2021-08-28T13:22:55Z" user="lwcc_enhee" uid="11777926" lat="47.8997895" lon="106.9309556">
  <tag k="highway" v="traffic_signals"/>
  <tag k="traffic_signals" v="signal"/>
 </node>
 <node id="7885702193" visible="true" version="3" changeset="144538185" timestamp="2023-11-28T08:53:33Z" user="Batubileg" uid="18216995" lat="47.9014797" lon="106.9295002">
  <tag k="highway" v="crossing"/>
 </node>
 <node id="8047216365" visible="true" version="1" changeset="93061048" timestamp="2020-10-26T12:21:09Z" user="mytilene" uid="2490007" lat="47.9020710" lon="106.9389067"/>
 <node id="8047245326" visible="true" version="2" changeset="104676062" timestamp="2021-05-14T09:15:26Z" user="Saruul Gan" uid="3328620" lat="47.9047059" lon="106.9358005"/>
 <node id="8047246474" visible="true" version="1" changeset="93061157" timestamp="2020-10-26T12:23:39Z" user="mytilene" uid="2490007" lat="47.9071139" lon="106.9336298"/>
 <node id="8047246475" visible="true" version="1" changeset="93061157" timestamp="2020-10-26T12:23:39Z" user="mytilene" uid="2490007" lat="47.9067687" lon="106.9336459"/>
 <node id="8047246476" visible="true" version="1" changeset="93061157" timestamp="2020-10-26T12:23:39Z" user="mytilene" uid="2490007" lat="47.9064684" lon="106.9335386"/>
 <node id="8047246477" visible="true" version="1" changeset="93061157" timestamp="2020-10-26T12:23:39Z" user="mytilene" uid="2490007" lat="47.9057918" lon="106.9335902"/>
 <node id="8060715520" visible="true" version="1" changeset="93205007" timestamp="2020-10-29T00:11:53Z" user="Sumiyasuren" uid="11925653" lat="47.9037114" lon="106.9490533"/>
 <node id="8060717919" visible="true" version="2" changeset="99219318" timestamp="2021-02-13T16:07:46Z" user="Saruul Gan" uid="3328620" lat="47.9034044" lon="106.9482048"/>
 <node id="8095670241" visible="true" version="1" changeset="93769237" timestamp="2020-11-09T05:20:16Z" user="oronzai" uid="11925487" lat="47.9029294" lon="106.8870914"/>
 <node id="8111770529" visible="true" version="1" changeset="93998612" timestamp="2020-11-12T13:22:13Z" user="oronzai" uid="11925487" lat="47.9042383" lon="106.8631408"/>
 <node id="8111770530" visible="true" version="1" changeset="93998612" timestamp="2020-11-12T13:22:13Z" user="oronzai" uid="11925487" lat="47.9044116" lon="106.8612909"/>
 <node id="8111770531" visible="true" version="1" changeset="93998612" timestamp="2020-11-12T13:22:13Z" user="oronzai" uid="11925487" lat="47.9043553" lon="106.8607175"/>
 <node id="8111770532" visible="true" version="1" changeset="93998612" timestamp="2020-11-12T13:22:13Z" user="oronzai" uid="11925487" lat="47.9036012" lon="106.8594886"/>
 <node id="8111770533" visible="true" version="1" changeset="93998612" timestamp="2020-11-12T13:22:13Z" user="oronzai" uid="11925487" lat="47.9035440" lon="106.8591847"/>
 <node id="8198338072" visible="true" version="1" changeset="95359035" timestamp="2020-12-06T09:28:54Z" user="Erdenetsogt Sumiyasuren" uid="9357108" lat="47.8976221" lon="106.8430590"/>
 <node id="8299578094" visible="true" version="1" changeset="97103185" timestamp="2021-01-07T10:46:29Z" user="tseku" uid="6905150" lat="47.9035577" lon="106.9435170"/>
 <node id="8299578098" visible="true" version="1" changeset="97103185" timestamp="2021-01-07T10:46:29Z" user="tseku" uid="6905150" lat="47.9042264" lon="106.9434990"/>
 <node id="8299578099" visible="true" version="1" changeset="97103185" timestamp="2021-01-07T10:46:29Z" user="tseku" uid="6905150" lat="47.9039693" lon="106.9435325"/>
 <node id="8305221333" visible="true" version="4" changeset="170284917" timestamp="2025-08-11T10:24:16Z" user="mtmail" uid="8339" lat="47.9043917" lon="106.9329249">
  <tag k="addr:district" v="bayanzurkh"/>
  <tag k="addr:province" v="ulaanbaatar"/>
  <tag k="addr:subdistrict" v="khoroo 26"/>
  <tag k="amenity" v="pharmacy"/>
  <tag k="contact:facebook" v="https://www.facebook.com/asiapharmallc"/>
  <tag k="healthcare" v="pharmacy"/>
  <tag k="insurance" v="yes"/>
  <tag k="name" v="Ази Фарм Элизабет"/>
  <tag k="name:en" v="Asia Pharma Elizabet"/>
  <tag k="operator" v="ази фарма ххк"/>
  <tag k="phone:mobile" v="94381177"/>
  <tag k="wheelchair" v="N/A"/>
 </node>
 <node id="8333538447" visible="true" version="5" changeset="170284917" timestamp="2025-08-11T10:24:16Z" user="mtmail" uid="8339" lat="47.9049491" lon="106.9381240">
  <tag k="addr:district" v="bayanzurkh"/>
  <tag k="addr:province" v="ulaanbaatar"/>
  <tag k="addr:subdistrict" v="khoroo 26"/>
  <tag k="amenity" v="pharmacy"/>
  <tag k="facebook" v="https://www.facebook.com/khurmen/"/>
  <tag k="healthcare" v="pharmacy"/>
  <tag k="insurance" v="yes"/>
  <tag k="name" v="Хүрмэн Сүмбэр орд"/>
  <tag k="name:en" v="Khurmen Sumber ord"/>
  <tag k="operator" v="хүрмэн ххк"/>
  <tag k="phone:mobile" v="77112328"/>
  <tag k="wheelchair" v="N/A"/>
 </node>
 <node id="8360489969" visible="true" version="2" changeset="99697203" timestamp="2021-02-21T20:14:39Z" user="cstripling" uid="10082100" lat="47.9071487" lon="106.9397915"/>
 <node id="8360489970" visible="true" version="2" changeset="99697203" timestamp="2021-02-21T20:14:39Z" user="cstripling" uid="10082100" lat="47.9071636" lon="106.9400758"/>
 <node id="8360489971" visible="true" version="2" changeset="99697203" timestamp="2021-02-21T20:14:39Z" user="cstripling" uid="10082100" lat="47.9064806" lon="106.9401556"/>
 <node id="8360489972" visible="true" version="2" changeset="99697203" timestamp="2021-02-21T20:14:39Z" user="cstripling" uid="10082100" lat="47.9064657" lon="106.9398711"/>
 <node id="8360489975" visible="true" version="2" changeset="99697203" timestamp="2021-02-21T20:14:39Z" user="cstripling" uid="10082100" lat="47.9063922" lon="106.9401725"/>
 <node id="8360489978" visible="true" version="2" changeset="99697203" timestamp="2021-02-21T20:14:39Z" user="cstripling" uid="10082100" lat="47.9057216" lon="106.9402484"/>
 <node id="8360489979" visible="true" version="2" changeset="99697203" timestamp="2021-02-21T20:14:39Z" user="cstripling" uid="10082100" lat="47.9057078" lon="106.9399774"/>
 <node id="8360489985" visible="true" version="2" changeset="99697203" timestamp="2021-02-21T20:14:39Z" user="cstripling" uid="10082100" lat="47.9063784" lon="106.9399014"/>
 <node id="8360502297" visible="true" version="2" changeset="99697203" timestamp="2021-02-21T20:14:39Z" user="cstripling" uid="10082100" lat="47.9065677" lon="106.9376096"/>
 <node id="8360502298" visible="true" version="2" changeset="99697203" timestamp="2021-02-21T20:14:39Z" user="cstripling" uid="10082100" lat="47.9064471" lon="106.9376208"/>
 <node id="8360502299" visible="true" version="2" changeset="99697203" timestamp="2021-02-21T20:14:39Z" user="cstripling" uid="10082100" lat="47.9064522" lon="106.9377437"/>
 <node id="8360502300" visible="true" version="2" changeset="99697203" timestamp="2021-02-21T20:14:39Z" user="cstripling" uid="10082100" lat="47.9065728" lon="106.9377325"/>
 <node id="8390956536" visible="true" version="2" changeset="99221148" timestamp="2021-02-13T16:52:12Z" user="Saruul Gan" uid="3328620" lat="47.8916131" lon="106.9546084"/>
 <node id="8404083375" visible="true" version="1" changeset="98889651" timestamp="2021-02-08T07:44:32Z" user="PeteM" uid="26847" lat="47.9063551" lon="106.9257957"/>
 <node id="8404083376" visible="true" version="1" changeset="98889651" timestamp="2021-02-08T07:44:32Z" user="PeteM" uid="26847" lat="47.9063083" lon="106.9254845"/>
 <node id="8413480316" visible="true" version="2" changeset="164415706" timestamp="2025-04-02T11:04:21Z" user="saruul04" uid="21972502" lat="47.9070903" lon="106.9295653"/>
 <node id="8413500817" visible="true" version="2" changeset="164415706" timestamp="2025-04-02T11:04:21Z" user="saruul04" uid="21972502" lat="47.9070711" lon="106.9301669"/>
 <node id="8413500818" visible="true" version="2" changeset="164415706" timestamp="2025-04-02T11:04:21Z" user="saruul04" uid="21972502" lat="47.9073416" lon="106.9301861"/>
 <node id="8413500819" visible="true" version="2" changeset="164415706" timestamp="2025-04-02T11:04:21Z" user="saruul04" uid="21972502" lat="47.9073608" lon="106.9295845"/>
 <node id="8420726612" visible="true" version="3" changeset="154023728" timestamp="2024-07-16T16:29:12Z" user="Saruul Gan" uid="3328620" lat="47.9018106" lon="106.9387380">
  <tag k="highway" v="crossing"/>
 </node>
 <node id="8420822279" visible="true" version="2" changeset="101838540" timestamp="2021-03-27T14:08:31Z" user="munkhbayar b" uid="2851175" lat="47.9054646" lon="106.9663712"/>
 <node id="8420822280" visible="true" version="2" changeset="101838540" timestamp="2021-03-27T14:08:31Z" user="munkhbayar b" uid="2851175" lat="47.9052377" lon="106.9713659"/>
 <node id="8420822281" visible="true" version="2" changeset="101838540" timestamp="2021-03-27T14:08:31Z" user="munkhbayar b" uid="2851175" lat="47.9032069" lon="106.9796585"/>
 <node id="8420822282" visible="true" version="1" changeset="99221148" timestamp="2021-02-13T16:52:12Z" user="Saruul Gan" uid="3328620" lat="47.9010332" lon="106.9876092"/>
 <node id="8420822283" visible="true" version="1" changeset="99221148" timestamp="2021-02-13T16:52:12Z" user="Saruul Gan" uid="3328620" lat="47.8997375" lon="106.9942730"/>
 <node id="8420822284" visible="true" version="1" changeset="99221148" timestamp="2021-02-13T16:52:12Z" user="Saruul Gan" uid="3328620" lat="47.8986973" lon="106.9994742"/>
 <node id="8420822285" visible="true" version="1" changeset="99221148" timestamp="2021-02-13T16:52:12Z" user="Saruul Gan" uid="3328620" lat="47.8984485" lon="107.0011520"/>
 <node id="8420822286" visible="true" version="1" changeset="99221148" timestamp="2021-02-13T16:52:12Z" user="Saruul Gan" uid="3328620" lat="47.8983558" lon="107.0037246"/>
 <node id="8420822287" visible="true" version="1" changeset="99221148" timestamp="2021-02-13T16:52:12Z" user="Saruul Gan" uid="3328620" lat="47.8984234" lon="107.0121348"/>
 <node id="8420822288" visible="true" version="1" changeset="99221148" timestamp="2021-02-13T16:52:12Z" user="Saruul Gan" uid="3328620" lat="47.8984249" lon="107.0146254"/>
 <node id="8420822289" visible="true" version="1" changeset="99221148" timestamp="2021-02-13T16:52:12Z" user="Saruul Gan" uid="3328620" lat="47.8982198" lon="107.0186316"/>
 <node id="8420822290" visible="true" version="1" changeset="99221148" timestamp="2021-02-13T16:52:12Z" user="Saruul Gan" uid="3328620" lat="47.8987474" lon="107.0243895"/>
 <node id="8420822291" visible="true" version="1" changeset="99221148" timestamp="2021-02-13T16:52:12Z" user="Saruul Gan" uid="3328620" lat="47.8984017" lon="107.0262525"/>
 <node id="8420822292" visible="true" version="1" changeset="99221148" timestamp="2021-02-13T16:52:12Z" user="Saruul Gan" uid="3328620" lat="47.8990196" lon="107.0255823"/>
 <node id="8420822305" visible="true" version="1" changeset="99221148" timestamp="2021-02-13T16:52:12Z" user="Saruul Gan" uid="3328620" lat="47.8948990" lon="107.0226318"/>
 <node id="8420822306" visible="true" version="1" changeset="99221148" timestamp="2021-02-13T16:52:12Z" user="Saruul Gan" uid="3328620" lat="47.8945620" lon="107.0206102"/>
 <node id="8420822307" visible="true" version="1" changeset="99221148" timestamp="2021-02-13T16:52:12Z" user="Saruul Gan" uid="3328620" lat="47.8942008" lon="107.0094267"/>
 <node id="8420822308" visible="true" version="1" changeset="99221148" timestamp="2021-02-13T16:52:12Z" user="Saruul Gan" uid="3328620" lat="47.8940846" lon="107.0043453"/>
 <node id="8420822309" visible="true" version="1" changeset="99221148" timestamp="2021-02-13T16:52:12Z" user="Saruul Gan" uid="3328620" lat="47.8936521" lon="107.0016969"/>
 <node id="8420822310" visible="true" version="1" changeset="99221148" timestamp="2021-02-13T16:52:12Z" user="Saruul Gan" uid="3328620" lat="47.8929983" lon="106.9989074"/>
 <node id="8420822311" visible="true" version="1" changeset="99221148" timestamp="2021-02-13T16:52:12Z" user="Saruul Gan" uid="3328620" lat="47.8924539" lon="106.9963291"/>
 <node id="8420822312" visible="true" version="1" changeset="99221148" timestamp="2021-02-13T16:52:12Z" user="Saruul Gan" uid="3328620" lat="47.8915513" lon="106.9887675"/>
 <node id="8420822313" visible="true" version="1" changeset="99221148" timestamp="2021-02-13T16:52:12Z" user="Saruul Gan" uid="3328620" lat="47.8913600" lon="106.9825334"/>
 <node id="8420822314" visible="true" version="1" changeset="99221148" timestamp="2021-02-13T16:52:12Z" user="Saruul Gan" uid="3328620" lat="47.8905414" lon="106.9765867"/>
 <node id="8420822315" visible="true" version="1" changeset="99221148" timestamp="2021-02-13T16:52:12Z" user="Saruul Gan" uid="3328620" lat="47.8900856" lon="106.9733220"/>
 <node id="8420822316" visible="true" version="1" changeset="99221148" timestamp="2021-02-13T16:52:12Z" user="Saruul Gan" uid="3328620" lat="47.8900157" lon="106.9707036"/>
 <node id="8421629404" visible="true" version="1" changeset="99233845" timestamp="2021-02-13T23:44:45Z" user="niravi" uid="5574327" lat="47.9036209" lon="106.9380677"/>
 <node id="8421629405" visible="true" version="1" changeset="99233845" timestamp="2021-02-13T23:44:45Z" user="niravi" uid="5574327" lat="47.9037955" lon="106.9380482"/>
 <node id="8421629406" visible="true" version="1" changeset="99233845" timestamp="2021-02-13T23:44:45Z" user="niravi" uid="5574327" lat="47.9038223" lon="106.9385811"/>
 <node id="8421629407" visible="true" version="1" changeset="99233845" timestamp="2021-02-13T23:44:45Z" user="niravi" uid="5574327" lat="47.9036478" lon="106.9386007"/>
 <node id="8424810423" visible="true" version="1" changeset="99294752" timestamp="2021-02-15T09:04:27Z" user="Szabi Nyikó" uid="4145937" lat="47.9001912" lon="106.9320506"/>
 <node id="8441517041" visible="true" version="1" changeset="99659218" timestamp="2021-02-20T20:33:09Z" user="Neil Sillence" uid="11013975" lat="47.9066722" lon="106.9342575"/>
 <node id="8441517042" visible="true" version="1" changeset="99659218" timestamp="2021-02-20T20:33:09Z" user="Neil Sillence" uid="11013975" lat="47.9066263" lon="106.9342631"/>
 <node id="8441517043" visible="true" version="1" changeset="99659218" timestamp="2021-02-20T20:33:09Z" user="Neil Sillence" uid="11013975" lat="47.9066335" lon="106.9343940"/>
 <node id="8441517044" visible="true" version="1" changeset="99659218" timestamp="2021-02-20T20:33:09Z" user="Neil Sillence" uid="11013975" lat="47.9066794" lon="106.9343884"/>
 <node id="8441518951" visible="true" version="1" changeset="99659268" timestamp="2021-02-20T20:34:55Z" user="Neil Sillence" uid="11013975" lat="47.9056751" lon="106.9301590"/>
 <node id="8441518952" visible="true" version="2" changeset="162972332" timestamp="2025-02-26T13:38:41Z" user="LakeTekapo" uid="20366460" lat="47.9048325" lon="106.9302679"/>
 <node id="8443551972" visible="true" version="1" changeset="99697483" timestamp="2021-02-21T20:22:35Z" user="cstripling" uid="10082100" lat="47.9054110" lon="106.9380895"/>
 <node id="8443551973" visible="true" version="1" changeset="99697483" timestamp="2021-02-21T20:22:35Z" user="cstripling" uid="10082100" lat="47.9053912" lon="106.9389824"/>
 <node id="8443551974" visible="true" version="2" changeset="104676062" timestamp="2021-05-14T09:15:26Z" user="Saruul Gan" uid="3328620" lat="47.9048851" lon="106.9390226">
  <tag k="highway" v="crossing"/>
 </node>
 <node id="8443558922" visible="true" version="1" changeset="99697203" timestamp="2021-02-21T20:14:39Z" user="cstripling" uid="10082100" lat="47.9056234" lon="106.9399729"/>
 <node id="8443558923" visible="true" version="1" changeset="99697203" timestamp="2021-02-21T20:14:39Z" user="cstripling" uid="10082100" lat="47.9056375" lon="106.9402508"/>
 <node id="8443558924" visible="true" version="1" changeset="99697203" timestamp="2021-02-21T20:14:39Z" user="cstripling" uid="10082100" lat="47.9049441" lon="106.9403325"/>
 <node id="8443558925" visible="true" version="1" changeset="99697203" timestamp="2021-02-21T20:14:39Z" user="cstripling" uid="10082100" lat="47.9049378" lon="106.9400593"/>
 <node id="8443558926" visible="true" version="2" changeset="108282180" timestamp="2021-07-20T03:50:50Z" user="Sumiyasuren" uid="11925653" lat="47.9060638" lon="106.9391498"/>
 <node id="8443558927" visible="true" version="2" changeset="108282180" timestamp="2021-07-20T03:50:50Z" user="Sumiyasuren" uid="11925653" lat="47.9060652" lon="106.9392151"/>
 <node id="8443558928" visible="true" version="2" changeset="108282180" timestamp="2021-07-20T03:50:50Z" user="Sumiyasuren" uid="11925653" lat="47.9059925" lon="106.9392188"/>
 <node id="8443558929" visible="true" version="2" changeset="108282180" timestamp="2021-07-20T03:50:50Z" user="Sumiyasuren" uid="11925653" lat="47.9059910" lon="106.9391534"/>
 <node id="8443558930" visible="true" version="2" changeset="108282180" timestamp="2021-07-20T03:50:50Z" user="Sumiyasuren" uid="11925653" lat="47.9072725" lon="106.9387598"/>
 <node id="8443558931" visible="true" version="2" changeset="108282180" timestamp="2021-07-20T03:50:50Z" user="Sumiyasuren" uid="11925653" lat="47.9072127" lon="106.9387592"/>
 <node id="8443558932" visible="true" version="2" changeset="108282180" timestamp="2021-07-20T03:50:50Z" user="Sumiyasuren" uid="11925653" lat="47.9072110" lon="106.9391351"/>
 <node id="8443558933" visible="true" version="2" changeset="108282180" timestamp="2021-07-20T03:50:50Z" user="Sumiyasuren" uid="11925653" lat="47.9072709" lon="106.9391357"/>
 <node id="8443558934" visible="true" version="2" changeset="108282180" timestamp="2021-07-20T03:50:50Z" user="Sumiyasuren" uid="11925653" lat="47.9072593" lon="106.9394090"/>
 <node id="8443558935" visible="true" version="2" changeset="108282180" timestamp="2021-07-20T03:50:50Z" user="Sumiyasuren" uid="11925653" lat="47.9072599" lon="106.9394746"/>
 <node id="8443558936" visible="true" version="2" changeset="108282180" timestamp="2021-07-20T03:50:50Z" user="Sumiyasuren" uid="11925653" lat="47.9070995" lon="106.9394782"/>
 <node id="8443558937" visible="true" version="2" changeset="108282180" timestamp="2021-07-20T03:50:50Z" user="Sumiyasuren" uid="11925653" lat="47.9070988" lon="106.9394126"/>
 <node id="8443558938" visible="true" version="2" changeset="108282180" timestamp="2021-07-20T03:50:50Z" user="Sumiyasuren" uid="11925653" lat="47.9071757" lon="106.9387866"/>
 <node id="8443558939" visible="true" version="2" changeset="108282180" timestamp="2021-07-20T03:50:50Z" user="Sumiyasuren" uid="11925653" lat="47.9071286" lon="106.9387865"/>
 <node id="8443558940" visible="true" version="2" changeset="108282180" timestamp="2021-07-20T03:50:50Z" user="Sumiyasuren" uid="11925653" lat="47.9071278" lon="106.9393557"/>
 <node id="8443558941" visible="true" version="2" changeset="108282180" timestamp="2021-07-20T03:50:50Z" user="Sumiyasuren" uid="11925653" lat="47.9071747" lon="106.9393559"/>
 <node id="8443558942" visible="true" version="1" changeset="99697203" timestamp="2021-02-21T20:14:39Z" user="cstripling" uid="10082100" lat="47.9070239" lon="106.9375555"/>
 <node id="8443558943" visible="true" version="1" changeset="99697203" timestamp="2021-02-21T20:14:39Z" user="cstripling" uid="10082100" lat="47.9069421" lon="106.9375596"/>
 <node id="8443558944" visible="true" version="1" changeset="99697203" timestamp="2021-02-21T20:14:39Z" user="cstripling" uid="10082100" lat="47.9069483" lon="106.9378290"/>
 <node id="8443558945" visible="true" version="1" changeset="99697203" timestamp="2021-02-21T20:14:39Z" user="cstripling" uid="10082100" lat="47.9070300" lon="106.9378248"/>
 <node id="8443563949" visible="true" version="2" changeset="104676062" timestamp="2021-05-14T09:15:26Z" user="Saruul Gan" uid="3328620" lat="47.9072713" lon="106.9356312"/>
 <node id="8443563950" visible="true" version="1" changeset="99697428" timestamp="2021-02-21T20:20:55Z" user="cstripling" uid="10082100" lat="47.9067897" lon="106.9357077"/>
 <node id="8443563951" visible="true" version="1" changeset="99697428" timestamp="2021-02-21T20:20:55Z" user="cstripling" uid="10082100" lat="47.9069468" lon="106.9358137"/>
 <node id="8443563952" visible="true" version="1" changeset="99697428" timestamp="2021-02-21T20:20:55Z" user="cstripling" uid="10082100" lat="47.9068572" lon="106.9356943"/>
 <node id="8443563953" visible="true" version="2" changeset="104676062" timestamp="2021-05-14T09:15:26Z" user="Saruul Gan" uid="3328620" lat="47.9060880" lon="106.9371008"/>
 <node id="8443563954" visible="true" version="2" changeset="104676062" timestamp="2021-05-14T09:15:26Z" user="Saruul Gan" uid="3328620" lat="47.9060991" lon="106.9372952"/>
 <node id="8443563955" visible="true" version="2" changeset="104676062" timestamp="2021-05-14T09:15:26Z" user="Saruul Gan" uid="3328620" lat="47.9058303" lon="106.9373294"/>
 <node id="8443563956" visible="true" version="2" changeset="104676062" timestamp="2021-05-14T09:15:26Z" user="Saruul Gan" uid="3328620" lat="47.9058192" lon="106.9371349"/>
 <node id="8443563957" visible="true" version="2" changeset="104676062" timestamp="2021-05-14T09:15:26Z" user="Saruul Gan" uid="3328620" lat="47.9067873" lon="106.9356310">
  <tag k="highway" v="crossing"/>
 </node>
 <node id="8443563958" visible="true" version="2" changeset="104676062" timestamp="2021-05-14T09:15:26Z" user="Saruul Gan" uid="3328620" lat="47.9060718" lon="106.9357154">
  <tag k="highway" v="crossing"/>
 </node>
 <node id="8443563959" visible="true" version="2" changeset="104676062" timestamp="2021-05-14T09:15:26Z" user="Saruul Gan" uid="3328620" lat="47.9059498" lon="106.9357265">
  <tag k="highway" v="crossing"/>
 </node>
 <node id="8444057265" visible="true" version="1" changeset="99704413" timestamp="2021-02-22T00:54:47Z" user="Eulice" uid="12023024" lat="47.8923416" lon="106.9953886"/>
 <node id="8444057268" visible="true" version="1" changeset="99704413" timestamp="2021-02-22T00:54:47Z" user="Eulice" uid="12023024" lat="47.8917114" lon="106.9903503"/>
 <node id="8452224728" visible="true" version="1" changeset="99883461" timestamp="2021-02-24T07:47:51Z" user="Ianhthompson" uid="12540455" lat="47.8902284" lon="106.9743450"/>
 <node id="8452224730" visible="true" version="1" changeset="99883461" timestamp="2021-02-24T07:47:51Z" user="Ianhthompson" uid="12540455" lat="47.8903951" lon="106.9755389"/>
 <node id="8452224734" visible="true" version="1" changeset="99883461" timestamp="2021-02-24T07:47:51Z" user="Ianhthompson" uid="12540455" lat="47.8907029" lon="106.9777599"/>
 <node id="8452224735" visible="true" version="1" changeset="99883461" timestamp="2021-02-24T07:47:51Z" user="Ianhthompson" uid="12540455" lat="47.8908228" lon="106.9786310"/>
 <node id="8452224767" visible="true" version="1" changeset="99883461" timestamp="2021-02-24T07:47:51Z" user="Ianhthompson" uid="12540455" lat="47.8916126" lon="106.9893740"/>
 <node id="8452224768" visible="true" version="1" changeset="99883461" timestamp="2021-02-24T07:47:51Z" user="Ianhthompson" uid="12540455" lat="47.8916474" lon="106.9897179"/>
 <node id="8452224769" visible="true" version="1" changeset="99883461" timestamp="2021-02-24T07:47:51Z" user="Ianhthompson" uid="12540455" lat="47.8916758" lon="106.9899984"/>
 <node id="8452224770" visible="true" version="1" changeset="99883461" timestamp="2021-02-24T07:47:51Z" user="Ianhthompson" uid="12540455" lat="47.8917305" lon="106.9905027"/>
 <node id="8452224771" visible="true" version="1" changeset="99883461" timestamp="2021-02-24T07:47:51Z" user="Ianhthompson" uid="12540455" lat="47.8917550" lon="106.9906989"/>
 <node id="8461570025" visible="true" version="1" changeset="100061857" timestamp="2021-02-26T16:07:10Z" user="jma364" uid="12720746" lat="47.9061144" lon="106.9314825"/>
 <node id="8461570026" visible="true" version="1" changeset="100061857" timestamp="2021-02-26T16:07:10Z" user="jma364" uid="12720746" lat="47.9060182" lon="106.9314964"/>
 <node id="8461570027" visible="true" version="1" changeset="100061857" timestamp="2021-02-26T16:07:10Z" user="jma364" uid="12720746" lat="47.9060358" lon="106.9317706"/>
 <node id="8461570028" visible="true" version="1" changeset="100061857" timestamp="2021-02-26T16:07:10Z" user="jma364" uid="12720746" lat="47.9061322" lon="106.9317567"/>
 <node id="8461570029" visible="true" version="1" changeset="100061857" timestamp="2021-02-26T16:07:10Z" user="jma364" uid="12720746" lat="47.9059626" lon="106.9315143"/>
 <node id="8461570030" visible="true" version="1" changeset="100061857" timestamp="2021-02-26T16:07:10Z" user="jma364" uid="12720746" lat="47.9058817" lon="106.9315221"/>
 <node id="8461570031" visible="true" version="1" changeset="100061857" timestamp="2021-02-26T16:07:10Z" user="jma364" uid="12720746" lat="47.9058899" lon="106.9317094"/>
 <node id="8461570032" visible="true" version="1" changeset="100061857" timestamp="2021-02-26T16:07:10Z" user="jma364" uid="12720746" lat="47.9059708" lon="106.9317015"/>
 <node id="8461570033" visible="true" version="1" changeset="100061857" timestamp="2021-02-26T16:07:10Z" user="jma364" uid="12720746" lat="47.9059667" lon="106.9316079"/>
 <node id="8461570041" visible="true" version="1" changeset="100061857" timestamp="2021-02-26T16:07:10Z" user="jma364" uid="12720746" lat="47.9061142" lon="106.9304461"/>
 <node id="8461570042" visible="true" version="1" changeset="100061857" timestamp="2021-02-26T16:07:10Z" user="jma364" uid="12720746" lat="47.9063153" lon="106.9304274"/>
 <node id="8461570043" visible="true" version="1" changeset="100061857" timestamp="2021-02-26T16:07:10Z" user="jma364" uid="12720746" lat="47.9063439" lon="106.9316342"/>
 <node id="8461570044" visible="true" version="1" changeset="100061857" timestamp="2021-02-26T16:07:10Z" user="jma364" uid="12720746" lat="47.9064179" lon="106.9323461"/>
 <node id="8461570045" visible="true" version="1" changeset="100061857" timestamp="2021-02-26T16:07:10Z" user="jma364" uid="12720746" lat="47.9065635" lon="106.9327982"/>
 <node id="8461570046" visible="true" version="1" changeset="100061857" timestamp="2021-02-26T16:07:10Z" user="jma364" uid="12720746" lat="47.9068116" lon="106.9331079"/>
 <node id="8461570047" visible="true" version="1" changeset="100061857" timestamp="2021-02-26T16:07:10Z" user="jma364" uid="12720746" lat="47.9071361" lon="106.9332111"/>
 <node id="8461570048" visible="true" version="1" changeset="100061857" timestamp="2021-02-26T16:07:10Z" user="jma364" uid="12720746" lat="47.9074368" lon="106.9331969"/>
 <node id="8461570049" visible="true" version="1" changeset="100061857" timestamp="2021-02-26T16:07:10Z" user="jma364" uid="12720746" lat="47.9062342" lon="106.9279107"/>
 <node id="8461570050" visible="true" version="1" changeset="100061857" timestamp="2021-02-26T16:07:10Z" user="jma364" uid="12720746" lat="47.9062174" lon="106.9280709"/>
 <node id="8461570051" visible="true" version="1" changeset="100061857" timestamp="2021-02-26T16:07:10Z" user="jma364" uid="12720746" lat="47.9063010" lon="106.9302388"/>
 <node id="8461570052" visible="true" version="1" changeset="100061857" timestamp="2021-02-26T16:07:10Z" user="jma364" uid="12720746" lat="47.9056346" lon="106.9297307"/>
 <node id="8461570053" visible="true" version="1" changeset="100061857" timestamp="2021-02-26T16:07:10Z" user="jma364" uid="12720746" lat="47.9047650" lon="106.9298386"/>
 <node id="8461570054" visible="true" version="1" changeset="100061857" timestamp="2021-02-26T16:07:10Z" user="jma364" uid="12720746" lat="47.9047775" lon="106.9300627"/>
 <node id="8461570055" visible="true" version="1" changeset="100061857" timestamp="2021-02-26T16:07:10Z" user="jma364" uid="12720746" lat="47.9056471" lon="106.9299551"/>
 <node id="8461570056" visible="true" version="1" changeset="100061857" timestamp="2021-02-26T16:07:10Z" user="jma364" uid="12720746" lat="47.9056700" lon="106.9303398"/>
 <node id="8461570057" visible="true" version="1" changeset="100061857" timestamp="2021-02-26T16:07:10Z" user="jma364" uid="12720746" lat="47.9048004" lon="106.9304476"/>
 <node id="8461570058" visible="true" version="1" changeset="100061857" timestamp="2021-02-26T16:07:10Z" user="jma364" uid="12720746" lat="47.9048129" lon="106.9306717"/>
 <node id="8461570059" visible="true" version="1" changeset="100061857" timestamp="2021-02-26T16:07:10Z" user="jma364" uid="12720746" lat="47.9056825" lon="106.9305641"/>
 <node id="8461570060" visible="true" version="1" changeset="100061857" timestamp="2021-02-26T16:07:10Z" user="jma364" uid="12720746" lat="47.9057331" lon="106.9314559"/>
 <node id="8461570061" visible="true" version="1" changeset="100061857" timestamp="2021-02-26T16:07:10Z" user="jma364" uid="12720746" lat="47.9048635" lon="106.9315638"/>
 <node id="8461570062" visible="true" version="1" changeset="100061857" timestamp="2021-02-26T16:07:10Z" user="jma364" uid="12720746" lat="47.9048759" lon="106.9317879"/>
 <node id="8461570063" visible="true" version="1" changeset="100061857" timestamp="2021-02-26T16:07:10Z" user="jma364" uid="12720746" lat="47.9057456" lon="106.9316803"/>
 <node id="8461570064" visible="true" version="1" changeset="100061857" timestamp="2021-02-26T16:07:10Z" user="jma364" uid="12720746" lat="47.9056977" lon="106.9308469"/>
 <node id="8461570065" visible="true" version="1" changeset="100061857" timestamp="2021-02-26T16:07:10Z" user="jma364" uid="12720746" lat="47.9048280" lon="106.9309547"/>
 <node id="8461570066" visible="true" version="1" changeset="100061857" timestamp="2021-02-26T16:07:10Z" user="jma364" uid="12720746" lat="47.9048405" lon="106.9311788"/>
 <node id="8461570067" visible="true" version="1" changeset="100061857" timestamp="2021-02-26T16:07:10Z" user="jma364" uid="12720746" lat="47.9057102" lon="106.9310712"/>
 <node id="8461570068" visible="true" version="1" changeset="100061857" timestamp="2021-02-26T16:07:10Z" user="jma364" uid="12720746" lat="47.9059270" lon="106.9296147"/>
 <node id="8461570069" visible="true" version="1" changeset="100061857" timestamp="2021-02-26T16:07:10Z" user="jma364" uid="12720746" lat="47.9058445" lon="106.9296293"/>
 <node id="8461570070" visible="true" version="1" changeset="100061857" timestamp="2021-02-26T16:07:10Z" user="jma364" uid="12720746" lat="47.9058586" lon="106.9298053"/>
 <node id="8461570071" visible="true" version="1" changeset="100061857" timestamp="2021-02-26T16:07:10Z" user="jma364" uid="12720746" lat="47.9059410" lon="106.9297907"/>
 <node id="8461570072" visible="true" version="1" changeset="100061857" timestamp="2021-02-26T16:07:10Z" user="jma364" uid="12720746" lat="47.9046278" lon="106.9300286"/>
 <node id="8461570073" visible="true" version="1" changeset="100061857" timestamp="2021-02-26T16:07:10Z" user="jma364" uid="12720746" lat="47.9045034" lon="106.9300470"/>
 <node id="8461570074" visible="true" version="1" changeset="100061857" timestamp="2021-02-26T16:07:10Z" user="jma364" uid="12720746" lat="47.9045710" lon="106.9310656"/>
 <node id="8461570075" visible="true" version="1" changeset="100061857" timestamp="2021-02-26T16:07:10Z" user="jma364" uid="12720746" lat="47.9046955" lon="106.9310472"/>
 <node id="8530654917" visible="true" version="3" changeset="109466671" timestamp="2021-08-10T13:38:58Z" user="kartonage" uid="1497225" lat="47.9023172" lon="106.9331806"/>
 <node id="8530654919" visible="true" version="3" changeset="109466671" timestamp="2021-08-10T13:38:58Z" user="kartonage" uid="1497225" lat="47.9022495" lon="106.9322133"/>
 <node id="8530654920" visible="true" version="3" changeset="170264362" timestamp="2025-08-10T20:41:24Z" user="mtmail" uid="8339" lat="47.9028505" lon="106.9333712">
  <tag k="addr:city" v="Улаанбаатар"/>
  <tag k="addr:district" v="Bayanzurkh"/>
  <tag k="addr:housenumber" v="Баянзүрх дүүрэг, 26-р хорооны байранд"/>
  <tag k="addr:province" v="Ulaanbaatar"/>
  <tag k="addr:street" v="Хүннүгийн гудамж"/>
  <tag k="addr:subdistrict" v="Khoroo 26"/>
  <tag k="amenity" v="clinic"/>
  <tag k="contact:facebook" v="https://www.facebook.com/groups/1014185269012881"/>
  <tag k="contact:mobile" v="70001080;89118872"/>
  <tag k="facility:services1" v="consultation;diagnosis;treatment;emergency;palliative;rehabilitation;pregnancy, post-partum;newborn, infant;elderly;nursing;home healthcare;outpatient;traditional;immunization;"/>
  <tag k="facility:services1:mn" v="ерөнхий үзлэг;оношилгоо;эмчилгээ;яаралтай тусламж;хөнгөвчлөх тусламж;сэргээн засах;жирэмсний,төрсний дараах хяналт;"/>
  <tag k="facility:services2:mn" v="бага насны хүүхдийн хяналт;ахмад настны хяналт;сувилахуйн тусламж;гэрээр үзүүлэх тусламж;өдрийн эмчилгээ;уламжлалт анагаах ухааны тусламж;дархлаажуулалт;"/>
  <tag k="healthcare" v="clinic"/>
  <tag k="healthcare_facility:type" v="family_clinic"/>
  <tag k="healthcare:speciality" v="primary_care;maternity"/>
  <tag k="healthcare:speciality1" v="primary_care;maternity"/>
  <tag k="healthcare:speciality1:mn" v="анхны тусламж;жирэмсний хяналт"/>
  <tag k="insurance:health" v="public"/>
  <tag k="name" v="Tegsh duuren khuslen"/>
  <tag k="name:mn" v="Тэгш дүүрэн хүслэн-ӨЭМТ"/>
  <tag k="opening_hours" v="Mo-Fr 08:30-17:30"/>
  <tag k="operator" v="n/a"/>
  <tag k="operator:type" v="private"/>
  <tag k="wheelchair" v="yes"/>
 </node>
 <node id="8567076863" visible="true" version="1" changeset="101838540" timestamp="2021-03-27T14:08:31Z" user="munkhbayar b" uid="2851175" lat="47.9045598" lon="106.9557870"/>
 <node id="8567076864" visible="true" version="1" changeset="101838540" timestamp="2021-03-27T14:08:31Z" user="munkhbayar b" uid="2851175" lat="47.9045748" lon="106.9547526"/>
 <node id="8567076865" visible="true" version="1" changeset="101838540" timestamp="2021-03-27T14:08:31Z" user="munkhbayar b" uid="2851175" lat="47.9047802" lon="106.9569874"/>
 <node id="8567076866" visible="true" version="1" changeset="101838540" timestamp="2021-03-27T14:08:31Z" user="munkhbayar b" uid="2851175" lat="47.9050021" lon="106.9582820"/>
 <node id="8567076867" visible="true" version="1" changeset="101838540" timestamp="2021-03-27T14:08:31Z" user="munkhbayar b" uid="2851175" lat="47.9051342" lon="106.9597755"/>
 <node id="8567076915" visible="true" version="1" changeset="101838540" timestamp="2021-03-27T14:08:31Z" user="munkhbayar b" uid="2851175" lat="47.9053901" lon="106.9626812"/>
 <node id="8567076916" visible="true" version="1" changeset="101838540" timestamp="2021-03-27T14:08:31Z" user="munkhbayar b" uid="2851175" lat="47.9054485" lon="106.9633443"/>
 <node id="8567128217" visible="true" version="1" changeset="101838540" timestamp="2021-03-27T14:08:31Z" user="munkhbayar b" uid="2851175" lat="47.9055048" lon="106.9652798"/>
 <node id="8567128218" visible="true" version="1" changeset="101838540" timestamp="2021-03-27T14:08:31Z" user="munkhbayar b" uid="2851175" lat="47.9053839" lon="106.9681917"/>
 <node id="8567128219" visible="true" version="1" changeset="101838540" timestamp="2021-03-27T14:08:31Z" user="munkhbayar b" uid="2851175" lat="47.9053026" lon="106.9701467"/>
 <node id="8567128220" visible="true" version="1" changeset="101838540" timestamp="2021-03-27T14:08:31Z" user="munkhbayar b" uid="2851175" lat="47.9047518" lon="106.9733590"/>
 <node id="8567128221" visible="true" version="1" changeset="101838540" timestamp="2021-03-27T14:08:31Z" user="munkhbayar b" uid="2851175" lat="47.9042744" lon="106.9753026"/>
 <node id="8567128222" visible="true" version="1" changeset="101838540" timestamp="2021-03-27T14:08:31Z" user="munkhbayar b" uid="2851175" lat="47.9036834" lon="106.9777031"/>
 <node id="8567128223" visible="true" version="1" changeset="101838540" timestamp="2021-03-27T14:08:31Z" user="munkhbayar b" uid="2851175" lat="47.9023981" lon="106.9825588"/>
 <node id="8567128224" visible="true" version="1" changeset="101838540" timestamp="2021-03-27T14:08:31Z" user="munkhbayar b" uid="2851175" lat="47.9019164" lon="106.9842968"/>
 <node id="8567128225" visible="true" version="1" changeset="101838540" timestamp="2021-03-27T14:08:31Z" user="munkhbayar b" uid="2851175" lat="47.9014612" lon="106.9859510"/>
 <node id="8567128226" visible="true" version="1" changeset="101838540" timestamp="2021-03-27T14:08:31Z" user="munkhbayar b" uid="2851175" lat="47.9012377" lon="106.9867740"/>
 <node id="8567128227" visible="true" version="1" changeset="101838540" timestamp="2021-03-27T14:08:31Z" user="munkhbayar b" uid="2851175" lat="47.9010850" lon="106.9872993"/>
 <node id="8584720057" visible="true" version="1" changeset="102154787" timestamp="2021-04-02T02:53:14Z" user="maprunner32" uid="11452399" lat="47.8903963" lon="106.8218798">
  <tag k="ford" v="yes"/>
 </node>
 <node id="8622444437" visible="true" version="4" changeset="109466671" timestamp="2021-08-10T13:38:58Z" user="kartonage" uid="1497225" lat="47.9020243" lon="106.9357213"/>
 <node id="8622444438" visible="true" version="4" changeset="109466671" timestamp="2021-08-10T13:38:58Z" user="kartonage" uid="1497225" lat="47.9021503" lon="106.9359805"/>
 <node id="8622444439" visible="true" version="4" changeset="109466671" timestamp="2021-08-10T13:38:58Z" user="kartonage" uid="1497225" lat="47.9026231" lon="106.9359389"/>
 <node id="8622444440" visible="true" version="4" changeset="109466671" timestamp="2021-08-10T13:38:58Z" user="kartonage" uid="1497225" lat="47.9026115" lon="106.9356658"/>
 <node id="8622444441" visible="true" version="4" changeset="109466671" timestamp="2021-08-10T13:38:58Z" user="kartonage" uid="1497225" lat="47.9025255" lon="106.9361489"/>
 <node id="8622444442" visible="true" version="4" changeset="109466671" timestamp="2021-08-10T13:38:58Z" user="kartonage" uid="1497225" lat="47.9022243" lon="106.9360707"/>
 <node id="8622444443" visible="true" version="4" changeset="109466671" timestamp="2021-08-10T13:38:58Z" user="kartonage" uid="1497225" lat="47.9022648" lon="106.9368726"/>
 <node id="8622444444" visible="true" version="4" changeset="109466671" timestamp="2021-08-10T13:38:58Z" user="kartonage" uid="1497225" lat="47.9022762" lon="106.9371133"/>
 <node id="8622444452" visible="true" version="4" changeset="109466671" timestamp="2021-08-10T13:38:58Z" user="kartonage" uid="1497225" lat="47.9026451" lon="106.9370744"/>
 <node id="8622444453" visible="true" version="4" changeset="109466671" timestamp="2021-08-10T13:38:58Z" user="kartonage" uid="1497225" lat="47.9026958" lon="106.9361302"/>
 <node id="8622444454" visible="true" version="4" changeset="109466671" timestamp="2021-08-10T13:38:58Z" user="kartonage" uid="1497225" lat="47.9027006" lon="106.9362275"/>
 <node id="8622444455" visible="true" version="4" changeset="109466671" timestamp="2021-08-10T13:38:58Z" user="kartonage" uid="1497225" lat="47.9027211" lon="106.9366005"/>
 <node id="8622444456" visible="true" version="4" changeset="109466671" timestamp="2021-08-10T13:38:58Z" user="kartonage" uid="1497225" lat="47.9025458" lon="106.9366196"/>
 <node id="8622444457" visible="true" version="4" changeset="109466671" timestamp="2021-08-10T13:38:58Z" user="kartonage" uid="1497225" lat="47.9025324" lon="106.9362903"/>
 <node id="8622444458" visible="true" version="4" changeset="109466671" timestamp="2021-08-10T13:38:58Z" user="kartonage" uid="1497225" lat="47.9020550" lon="106.9360895"/>
 <node id="8622444460" visible="true" version="4" changeset="109466671" timestamp="2021-08-10T13:38:58Z" user="kartonage" uid="1497225" lat="47.9020876" lon="106.9367436"/>
 <node id="8622444462" visible="true" version="4" changeset="109466671" timestamp="2021-08-10T13:38:58Z" user="kartonage" uid="1497225" lat="47.9022568" lon="106.9367249"/>
 <node id="8622444481" visible="true" version="4" changeset="109466671" timestamp="2021-08-10T13:38:58Z" user="kartonage" uid="1497225" lat="47.9021125" lon="106.9318075"/>
 <node id="8622444482" visible="true" version="4" changeset="109466671" timestamp="2021-08-10T13:38:58Z" user="kartonage" uid="1497225" lat="47.9016113" lon="106.9318674"/>
 <node id="8622444484" visible="true" version="4" changeset="109466671" timestamp="2021-08-10T13:38:58Z" user="kartonage" uid="1497225" lat="47.9016201" lon="106.9320295"/>
 <node id="8622444504" visible="true" version="4" changeset="109466671" timestamp="2021-08-10T13:38:58Z" user="kartonage" uid="1497225" lat="47.9024668" lon="106.9325525"/>
 <node id="8622444505" visible="true" version="4" changeset="109466671" timestamp="2021-08-10T13:38:58Z" user="kartonage" uid="1497225" lat="47.9023460" lon="106.9325653"/>
 <node id="8622444523" visible="true" version="4" changeset="109466671" timestamp="2021-08-10T13:38:58Z" user="kartonage" uid="1497225" lat="47.9021399" lon="106.9374090"/>
 <node id="8622444524" visible="true" version="4" changeset="109466671" timestamp="2021-08-10T13:38:58Z" user="kartonage" uid="1497225" lat="47.9019607" lon="106.9375179"/>
 <node id="8622444525" visible="true" version="4" changeset="109466671" timestamp="2021-08-10T13:38:58Z" user="kartonage" uid="1497225" lat="47.9020187" lon="106.9382360"/>
 <node id="8622444526" visible="true" version="4" changeset="109466671" timestamp="2021-08-10T13:38:58Z" user="kartonage" uid="1497225" lat="47.9023163" lon="106.9380554"/>
 <node id="8622444591" visible="true" version="2" changeset="104676062" timestamp="2021-05-14T09:15:26Z" user="Saruul Gan" uid="3328620" lat="47.9046592" lon="106.9369920"/>
 <node id="8622444687" visible="true" version="4" changeset="109466671" timestamp="2021-08-10T13:38:58Z" user="kartonage" uid="1497225" lat="47.9024757" lon="106.9327387"/>
 <node id="8622444688" visible="true" version="4" changeset="109466671" timestamp="2021-08-10T13:38:58Z" user="kartonage" uid="1497225" lat="47.9023548" lon="106.9327515"/>
 <node id="8622444691" visible="true" version="4" changeset="109466671" timestamp="2021-08-10T13:38:58Z" user="kartonage" uid="1497225" lat="47.9023860" lon="106.9333653"/>
 <node id="8622444692" visible="true" version="4" changeset="109466671" timestamp="2021-08-10T13:38:58Z" user="kartonage" uid="1497225" lat="47.9025068" lon="106.9333515"/>
 <node id="8730553467" visible="true" version="3" changeset="109466671" timestamp="2021-08-10T13:38:58Z" user="kartonage" uid="1497225" lat="47.9039127" lon="106.9404768"/>
 <node id="8730553468" visible="true" version="3" changeset="109466671" timestamp="2021-08-10T13:38:58Z" user="kartonage" uid="1497225" lat="47.9040099" lon="106.9404554"/>
 <node id="8730553469" visible="true" version="3" changeset="109466671" timestamp="2021-08-10T13:38:58Z" user="kartonage" uid="1497225" lat="47.9040079" lon="106.9404206"/>
 <node id="8730553470" visible="true" version="3" changeset="109466671" timestamp="2021-08-10T13:38:58Z" user="kartonage" uid="1497225" lat="47.9039101" lon="106.9404333"/>
 <node id="8730553471" visible="true" version="3" changeset="109466671" timestamp="2021-08-10T13:38:58Z" user="kartonage" uid="1497225" lat="47.9038762" lon="106.9405669"/>
 <node id="8730553472" visible="true" version="3" changeset="109466671" timestamp="2021-08-10T13:38:58Z" user="kartonage" uid="1497225" lat="47.9038857" lon="106.9407640"/>
 <node id="8730553473" visible="true" version="3" changeset="109466671" timestamp="2021-08-10T13:38:58Z" user="kartonage" uid="1497225" lat="47.9038587" lon="106.9405692"/>
 <node id="8730553474" visible="true" version="3" changeset="109466671" timestamp="2021-08-10T13:38:58Z" user="kartonage" uid="1497225" lat="47.9038702" lon="106.9407660"/>
 <node id="8730553475" visible="true" version="3" changeset="109466671" timestamp="2021-08-10T13:38:58Z" user="kartonage" uid="1497225" lat="47.9040341" lon="106.9408768"/>
 <node id="8730553476" visible="true" version="3" changeset="109466671" timestamp="2021-08-10T13:38:58Z" user="kartonage" uid="1497225" lat="47.9040328" lon="106.9408551"/>
 <node id="8730553477" visible="true" version="3" changeset="109466671" timestamp="2021-08-10T13:38:58Z" user="kartonage" uid="1497225" lat="47.9040070" lon="106.9409957"/>
 <node id="8730553478" visible="true" version="3" changeset="109466671" timestamp="2021-08-10T13:38:58Z" user="kartonage" uid="1497225" lat="47.9039729" lon="106.9410002"/>
 <node id="8730553479" visible="true" version="3" changeset="109466671" timestamp="2021-08-10T13:38:58Z" user="kartonage" uid="1497225" lat="47.9039709" lon="106.9409653"/>
 <node id="8730553480" visible="true" version="3" changeset="109466671" timestamp="2021-08-10T13:38:58Z" user="kartonage" uid="1497225" lat="47.9038731" lon="106.9409780"/>
 <node id="8730553481" visible="true" version="3" changeset="109466671" timestamp="2021-08-10T13:38:58Z" user="kartonage" uid="1497225" lat="47.9038757" lon="106.9410216"/>
 <node id="8730553482" visible="true" version="3" changeset="109466671" timestamp="2021-08-10T13:38:58Z" user="kartonage" uid="1497225" lat="47.9038342" lon="106.9410270"/>
 <node id="8730553483" visible="true" version="3" changeset="109466671" timestamp="2021-08-10T13:38:58Z" user="kartonage" uid="1497225" lat="47.9038392" lon="106.9411117"/>
 <node id="8730553484" visible="true" version="3" changeset="109466671" timestamp="2021-08-10T13:38:58Z" user="kartonage" uid="1497225" lat="47.9038217" lon="106.9411140"/>
 <node id="8730553485" visible="true" version="3" changeset="109466671" timestamp="2021-08-10T13:38:58Z" user="kartonage" uid="1497225" lat="47.9038333" lon="106.9413108"/>
 <node id="8730553486" visible="true" version="3" changeset="109466671" timestamp="2021-08-10T13:38:58Z" user="kartonage" uid="1497225" lat="47.9038487" lon="106.9413088"/>
 <node id="8730553487" visible="true" version="3" changeset="109466671" timestamp="2021-08-10T13:38:58Z" user="kartonage" uid="1497225" lat="47.9038536" lon="106.9413927"/>
 <node id="8730553488" visible="true" version="3" changeset="109466671" timestamp="2021-08-10T13:38:58Z" user="kartonage" uid="1497225" lat="47.9038870" lon="106.9413884"/>
 <node id="8730553489" visible="true" version="3" changeset="109466671" timestamp="2021-08-10T13:38:58Z" user="kartonage" uid="1497225" lat="47.9038897" lon="106.9414356"/>
 <node id="8730553490" visible="true" version="3" changeset="109466671" timestamp="2021-08-10T13:38:58Z" user="kartonage" uid="1497225" lat="47.9039971" lon="106.9414216"/>
 <node id="8730553491" visible="true" version="3" changeset="109466671" timestamp="2021-08-10T13:38:58Z" user="kartonage" uid="1497225" lat="47.9039958" lon="106.9413999"/>
 <node id="8730553492" visible="true" version="3" changeset="109466671" timestamp="2021-08-10T13:38:58Z" user="kartonage" uid="1497225" lat="47.9040303" lon="106.9413954"/>
 <node id="8730553509" visible="true" version="3" changeset="109466671" timestamp="2021-08-10T13:38:58Z" user="kartonage" uid="1497225" lat="47.9026335" lon="106.9368293"/>
 <node id="8730553510" visible="true" version="3" changeset="109466671" timestamp="2021-08-10T13:38:58Z" user="kartonage" uid="1497225" lat="47.9023281" lon="106.9368659"/>
 <node id="8730553511" visible="true" version="3" changeset="109466671" timestamp="2021-08-10T13:38:58Z" user="kartonage" uid="1497225" lat="47.9025135" lon="106.9368412"/>
 <node id="8730553512" visible="true" version="3" changeset="109466671" timestamp="2021-08-10T13:38:58Z" user="kartonage" uid="1497225" lat="47.9025751" lon="106.9368355"/>
 <node id="8730553513" visible="true" version="3" changeset="109466671" timestamp="2021-08-10T13:38:58Z" user="kartonage" uid="1497225" lat="47.9023831" lon="106.9368550"/>
 <node id="8730553514" visible="true" version="3" changeset="109466671" timestamp="2021-08-10T13:38:58Z" user="kartonage" uid="1497225" lat="47.9023840" lon="106.9368726"/>
 <node id="8730553515" visible="true" version="3" changeset="109466671" timestamp="2021-08-10T13:38:58Z" user="kartonage" uid="1497225" lat="47.9023287" lon="106.9368785"/>
 <node id="8730553516" visible="true" version="3" changeset="109466671" timestamp="2021-08-10T13:38:58Z" user="kartonage" uid="1497225" lat="47.9025146" lon="106.9368627"/>
 <node id="8730563017" visible="true" version="3" changeset="109466671" timestamp="2021-08-10T13:38:58Z" user="kartonage" uid="1497225" lat="47.9025761" lon="106.9368563"/>
 <node id="8730563018" visible="true" version="3" changeset="109466671" timestamp="2021-08-10T13:38:58Z" user="kartonage" uid="1497225" lat="47.9020358" lon="106.9359914"/>
 <node id="8730563019" visible="true" version="3" changeset="109466671" timestamp="2021-08-10T13:38:58Z" user="kartonage" uid="1497225" lat="47.9021495" lon="106.9359637"/>
 <node id="8730563020" visible="true" version="3" changeset="109466671" timestamp="2021-08-10T13:38:58Z" user="kartonage" uid="1497225" lat="47.9025057" lon="106.9359299"/>
 <node id="8730563021" visible="true" version="3" changeset="109466671" timestamp="2021-08-10T13:38:58Z" user="kartonage" uid="1497225" lat="47.9025065" lon="106.9359499"/>
 <node id="8730563022" visible="true" version="3" changeset="109466671" timestamp="2021-08-10T13:38:58Z" user="kartonage" uid="1497225" lat="47.9025383" lon="106.9364659"/>
 <node id="8730563023" visible="true" version="3" changeset="109466671" timestamp="2021-08-10T13:38:58Z" user="kartonage" uid="1497225" lat="47.9025443" lon="106.9362890"/>
 <node id="8730563024" visible="true" version="3" changeset="109466671" timestamp="2021-08-10T13:38:58Z" user="kartonage" uid="1497225" lat="47.9025529" lon="106.9364643"/>
 <node id="8730563025" visible="true" version="3" changeset="109466671" timestamp="2021-08-10T13:38:58Z" user="kartonage" uid="1497225" lat="47.9027162" lon="106.9365001"/>
 <node id="8730563026" visible="true" version="3" changeset="109466671" timestamp="2021-08-10T13:38:58Z" user="kartonage" uid="1497225" lat="47.9027258" lon="106.9364991"/>
 <node id="8730563027" visible="true" version="3" changeset="109466671" timestamp="2021-08-10T13:38:58Z" user="kartonage" uid="1497225" lat="47.9027123" lon="106.9362262"/>
 <node id="8730563031" visible="true" version="3" changeset="109466671" timestamp="2021-08-10T13:38:58Z" user="kartonage" uid="1497225" lat="47.9019622" lon="106.9380290"/>
 <node id="8730563032" visible="true" version="3" changeset="109466671" timestamp="2021-08-10T13:38:58Z" user="kartonage" uid="1497225" lat="47.9020806" lon="106.9379571"/>
 <node id="8730563089" visible="true" version="3" changeset="109466671" timestamp="2021-08-10T13:38:58Z" user="kartonage" uid="1497225" lat="47.9038562" lon="106.9343222"/>
 <node id="8730563090" visible="true" version="3" changeset="109466671" timestamp="2021-08-10T13:38:58Z" user="kartonage" uid="1497225" lat="47.9038804" lon="106.9348564"/>
 <node id="8730563091" visible="true" version="3" changeset="109466671" timestamp="2021-08-10T13:38:58Z" user="kartonage" uid="1497225" lat="47.9039642" lon="106.9343098"/>
 <node id="8730563092" visible="true" version="3" changeset="109466671" timestamp="2021-08-10T13:38:58Z" user="kartonage" uid="1497225" lat="47.9039136" lon="106.9343164"/>
 <node id="8730563093" visible="true" version="3" changeset="109466671" timestamp="2021-08-10T13:38:58Z" user="kartonage" uid="1497225" lat="47.9039126" lon="106.9342957"/>
 <node id="8730563094" visible="true" version="3" changeset="109466671" timestamp="2021-08-10T13:38:58Z" user="kartonage" uid="1497225" lat="47.9039633" lon="106.9342906"/>
 <node id="8730563095" visible="true" version="3" changeset="109466671" timestamp="2021-08-10T13:38:58Z" user="kartonage" uid="1497225" lat="47.9039415" lon="106.9348503"/>
 <node id="8730563096" visible="true" version="3" changeset="109466671" timestamp="2021-08-10T13:38:58Z" user="kartonage" uid="1497225" lat="47.9039884" lon="106.9348469"/>
 <node id="8730563097" visible="true" version="3" changeset="109466671" timestamp="2021-08-10T13:38:58Z" user="kartonage" uid="1497225" lat="47.9039894" lon="106.9348675"/>
 <node id="8730563098" visible="true" version="3" changeset="109466671" timestamp="2021-08-10T13:38:58Z" user="kartonage" uid="1497225" lat="47.9039425" lon="106.9348722"/>
 <node id="8730563099" visible="true" version="3" changeset="109466671" timestamp="2021-08-10T13:38:58Z" user="kartonage" uid="1497225" lat="47.9040291" lon="106.9344577"/>
 <node id="8730563100" visible="true" version="3" changeset="109466671" timestamp="2021-08-10T13:38:58Z" user="kartonage" uid="1497225" lat="47.9040391" lon="106.9346979"/>
 <node id="8730563101" visible="true" version="3" changeset="109466671" timestamp="2021-08-10T13:38:58Z" user="kartonage" uid="1497225" lat="47.9040405" lon="106.9344566"/>
 <node id="8730563102" visible="true" version="3" changeset="109466671" timestamp="2021-08-10T13:38:58Z" user="kartonage" uid="1497225" lat="47.9040512" lon="106.9346967"/>
 <node id="8730563103" visible="true" version="3" changeset="109466671" timestamp="2021-08-10T13:38:58Z" user="kartonage" uid="1497225" lat="47.9038331" lon="106.9341929"/>
 <node id="8730563104" visible="true" version="3" changeset="109466671" timestamp="2021-08-10T13:38:58Z" user="kartonage" uid="1497225" lat="47.9038369" lon="106.9342876"/>
 <node id="8730563105" visible="true" version="3" changeset="109466671" timestamp="2021-08-10T13:38:58Z" user="kartonage" uid="1497225" lat="47.9038451" lon="106.9341916"/>
 <node id="8730563106" visible="true" version="3" changeset="109466671" timestamp="2021-08-10T13:38:58Z" user="kartonage" uid="1497225" lat="47.9038499" lon="106.9342861"/>
 <node id="8730563107" visible="true" version="3" changeset="109466671" timestamp="2021-08-10T13:38:58Z" user="kartonage" uid="1497225" lat="47.9033712" lon="106.9342400"/>
 <node id="8730563108" visible="true" version="3" changeset="109466671" timestamp="2021-08-10T13:38:58Z" user="kartonage" uid="1497225" lat="47.9033754" lon="106.9343333"/>
 <node id="8730563109" visible="true" version="3" changeset="109466671" timestamp="2021-08-10T13:38:58Z" user="kartonage" uid="1497225" lat="47.9033589" lon="106.9342413"/>
 <node id="8730563110" visible="true" version="3" changeset="109466671" timestamp="2021-08-10T13:38:58Z" user="kartonage" uid="1497225" lat="47.9033637" lon="106.9343346"/>
 <node id="8730563111" visible="true" version="3" changeset="109466671" timestamp="2021-08-10T13:38:58Z" user="kartonage" uid="1497225" lat="47.9038605" lon="106.9348263"/>
 <node id="8730563112" visible="true" version="3" changeset="109466671" timestamp="2021-08-10T13:38:58Z" user="kartonage" uid="1497225" lat="47.9033988" lon="106.9348784"/>
 <node id="8730563113" visible="true" version="3" changeset="109466671" timestamp="2021-08-10T13:38:58Z" user="kartonage" uid="1497225" lat="47.9034024" lon="106.9349497"/>
 <node id="8730563114" visible="true" version="3" changeset="109466671" timestamp="2021-08-10T13:38:58Z" user="kartonage" uid="1497225" lat="47.9033902" lon="106.9349511"/>
 <node id="8730563115" visible="true" version="3" changeset="109466671" timestamp="2021-08-10T13:38:58Z" user="kartonage" uid="1497225" lat="47.9033950" lon="106.9350444"/>
 <node id="8730563116" visible="true" version="3" changeset="109466671" timestamp="2021-08-10T13:38:58Z" user="kartonage" uid="1497225" lat="47.9034067" lon="106.9350430"/>
 <node id="8730563117" visible="true" version="3" changeset="109466671" timestamp="2021-08-10T13:38:58Z" user="kartonage" uid="1497225" lat="47.9034105" lon="106.9351182"/>
 <node id="8730563118" visible="true" version="3" changeset="109466671" timestamp="2021-08-10T13:38:58Z" user="kartonage" uid="1497225" lat="47.9038717" lon="106.9350662"/>
 <node id="8730563119" visible="true" version="3" changeset="109466671" timestamp="2021-08-10T13:38:58Z" user="kartonage" uid="1497225" lat="47.9038682" lon="106.9349973"/>
 <node id="8730563120" visible="true" version="3" changeset="109466671" timestamp="2021-08-10T13:38:58Z" user="kartonage" uid="1497225" lat="47.9038811" lon="106.9349958"/>
 <node id="8730563121" visible="true" version="3" changeset="109466671" timestamp="2021-08-10T13:38:58Z" user="kartonage" uid="1497225" lat="47.9038763" lon="106.9349013"/>
 <node id="8730563122" visible="true" version="3" changeset="109466671" timestamp="2021-08-10T13:38:58Z" user="kartonage" uid="1497225" lat="47.9038644" lon="106.9349026"/>
 <node id="8730563123" visible="true" version="3" changeset="109466671" timestamp="2021-08-10T13:38:58Z" user="kartonage" uid="1497225" lat="47.9032127" lon="106.9341814"/>
 <node id="8730563124" visible="true" version="3" changeset="109466671" timestamp="2021-08-10T13:38:58Z" user="kartonage" uid="1497225" lat="47.9027510" lon="106.9342336"/>
 <node id="8730563125" visible="true" version="3" changeset="109466671" timestamp="2021-08-10T13:38:58Z" user="kartonage" uid="1497225" lat="47.9027546" lon="106.9343048"/>
 <node id="8730563126" visible="true" version="3" changeset="109466671" timestamp="2021-08-10T13:38:58Z" user="kartonage" uid="1497225" lat="47.9027424" lon="106.9343062"/>
 <node id="8730563127" visible="true" version="3" changeset="109466671" timestamp="2021-08-10T13:38:58Z" user="kartonage" uid="1497225" lat="47.9027471" lon="106.9343995"/>
 <node id="8730563128" visible="true" version="3" changeset="109466671" timestamp="2021-08-10T13:38:58Z" user="kartonage" uid="1497225" lat="47.9027588" lon="106.9343982"/>
 <node id="8730563129" visible="true" version="3" changeset="109466671" timestamp="2021-08-10T13:38:58Z" user="kartonage" uid="1497225" lat="47.9032238" lon="106.9344214"/>
 <node id="8730563130" visible="true" version="3" changeset="109466671" timestamp="2021-08-10T13:38:58Z" user="kartonage" uid="1497225" lat="47.9032204" lon="106.9343524"/>
 <node id="8730563131" visible="true" version="3" changeset="109466671" timestamp="2021-08-10T13:38:58Z" user="kartonage" uid="1497225" lat="47.9032333" lon="106.9343510"/>
 <node id="8730563132" visible="true" version="3" changeset="109466671" timestamp="2021-08-10T13:38:58Z" user="kartonage" uid="1497225" lat="47.9032285" lon="106.9342564"/>
 <node id="8730563133" visible="true" version="3" changeset="109466671" timestamp="2021-08-10T13:38:58Z" user="kartonage" uid="1497225" lat="47.9032166" lon="106.9342578"/>
 <node id="8730563134" visible="true" version="3" changeset="109466671" timestamp="2021-08-10T13:38:58Z" user="kartonage" uid="1497225" lat="47.9032440" lon="106.9348911"/>
 <node id="8730563135" visible="true" version="3" changeset="109466671" timestamp="2021-08-10T13:38:58Z" user="kartonage" uid="1497225" lat="47.9027859" lon="106.9350145"/>
 <node id="8730563136" visible="true" version="3" changeset="109466671" timestamp="2021-08-10T13:38:58Z" user="kartonage" uid="1497225" lat="47.9027737" lon="106.9350159"/>
 <node id="8730563137" visible="true" version="3" changeset="109466671" timestamp="2021-08-10T13:38:58Z" user="kartonage" uid="1497225" lat="47.9027784" lon="106.9351092"/>
 <node id="8730563138" visible="true" version="3" changeset="109466671" timestamp="2021-08-10T13:38:58Z" user="kartonage" uid="1497225" lat="47.9027901" lon="106.9351079"/>
 <node id="8730563139" visible="true" version="3" changeset="109466671" timestamp="2021-08-10T13:38:58Z" user="kartonage" uid="1497225" lat="47.9027939" lon="106.9351831"/>
 <node id="8730563140" visible="true" version="3" changeset="109466671" timestamp="2021-08-10T13:38:58Z" user="kartonage" uid="1497225" lat="47.9032551" lon="106.9351311"/>
 <node id="8730563141" visible="true" version="3" changeset="109466671" timestamp="2021-08-10T13:38:58Z" user="kartonage" uid="1497225" lat="47.9032516" lon="106.9350622"/>
 <node id="8730563142" visible="true" version="3" changeset="109466671" timestamp="2021-08-10T13:38:58Z" user="kartonage" uid="1497225" lat="47.9032646" lon="106.9350607"/>
 <node id="8730563143" visible="true" version="3" changeset="109466671" timestamp="2021-08-10T13:38:58Z" user="kartonage" uid="1497225" lat="47.9032598" lon="106.9349662"/>
 <node id="8730563144" visible="true" version="3" changeset="109466671" timestamp="2021-08-10T13:38:58Z" user="kartonage" uid="1497225" lat="47.9032479" lon="106.9349675"/>
 <node id="8730563145" visible="true" version="1" changeset="104676062" timestamp="2021-05-14T09:15:26Z" user="Saruul Gan" uid="3328620" lat="47.9027599" lon="106.9348500"/>
 <node id="8730563146" visible="true" version="1" changeset="104676062" timestamp="2021-05-14T09:15:26Z" user="Saruul Gan" uid="3328620" lat="47.9027446" lon="106.9345639"/>
 <node id="8730563147" visible="true" version="1" changeset="104676062" timestamp="2021-05-14T09:15:26Z" user="Saruul Gan" uid="3328620" lat="47.9027630" lon="106.9349274"/>
 <node id="8730563148" visible="true" version="1" changeset="104676062" timestamp="2021-05-14T09:15:26Z" user="Saruul Gan" uid="3328620" lat="47.9027418" lon="106.9344906"/>
 <node id="8730563149" visible="true" version="3" changeset="109466671" timestamp="2021-08-10T13:38:58Z" user="kartonage" uid="1497225" lat="47.9028784" lon="106.9349335"/>
 <node id="8730563150" visible="true" version="1" changeset="104676062" timestamp="2021-05-14T09:15:26Z" user="Saruul Gan" uid="3328620" lat="47.9027624" lon="106.9344888"/>
 <node id="8730563151" visible="true" version="3" changeset="109466671" timestamp="2021-08-10T13:38:58Z" user="kartonage" uid="1497225" lat="47.9027617" lon="106.9344722"/>
 <node id="8730563152" visible="true" version="1" changeset="104676062" timestamp="2021-05-14T09:15:26Z" user="Saruul Gan" uid="3328620" lat="47.9027825" lon="106.9349257"/>
 <node id="8730563153" visible="true" version="3" changeset="109466671" timestamp="2021-08-10T13:38:58Z" user="kartonage" uid="1497225" lat="47.9027831" lon="106.9349419"/>
 <node id="8730563203" visible="true" version="1" changeset="104676062" timestamp="2021-05-14T09:15:26Z" user="Saruul Gan" uid="3328620" lat="47.9059447" lon="106.9295358"/>
 <node id="8730563204" visible="true" version="3" changeset="154023728" timestamp="2024-07-16T16:29:12Z" user="Saruul Gan" uid="3328620" lat="47.9034763" lon="106.9300908"/>
 <node id="8730563205" visible="true" version="3" changeset="154023728" timestamp="2024-07-16T16:29:12Z" user="Saruul Gan" uid="3328620" lat="47.9034790" lon="106.9301785"/>
 <node id="8730563206" visible="true" version="3" changeset="154023728" timestamp="2024-07-16T16:29:12Z" user="Saruul Gan" uid="3328620" lat="47.9034588" lon="106.9300925"/>
 <node id="8730563207" visible="true" version="3" changeset="154023728" timestamp="2024-07-16T16:29:12Z" user="Saruul Gan" uid="3328620" lat="47.9034627" lon="106.9301801"/>
 <node id="8730563208" visible="true" version="3" changeset="154023728" timestamp="2024-07-16T16:29:12Z" user="Saruul Gan" uid="3328620" lat="47.9041867" lon="106.9300249"/>
 <node id="8730563209" visible="true" version="3" changeset="154023728" timestamp="2024-07-16T16:29:12Z" user="Saruul Gan" uid="3328620" lat="47.9041897" lon="106.9301079"/>
 <node id="8730563210" visible="true" version="3" changeset="154023728" timestamp="2024-07-16T16:29:12Z" user="Saruul Gan" uid="3328620" lat="47.9042024" lon="106.9300234"/>
 <node id="8730563211" visible="true" version="3" changeset="154023728" timestamp="2024-07-16T16:29:12Z" user="Saruul Gan" uid="3328620" lat="47.9042061" lon="106.9301063"/>
 <node id="8730563212" visible="true" version="3" changeset="154023728" timestamp="2024-07-16T16:29:12Z" user="Saruul Gan" uid="3328620" lat="47.9042109" lon="106.9307692"/>
 <node id="8730563213" visible="true" version="3" changeset="154023728" timestamp="2024-07-16T16:29:12Z" user="Saruul Gan" uid="3328620" lat="47.9042144" lon="106.9308483"/>
 <node id="8730563214" visible="true" version="3" changeset="154023728" timestamp="2024-07-16T16:29:12Z" user="Saruul Gan" uid="3328620" lat="47.9042302" lon="106.9308467"/>
 <node id="8730563215" visible="true" version="3" changeset="154023728" timestamp="2024-07-16T16:29:12Z" user="Saruul Gan" uid="3328620" lat="47.9042339" lon="106.9309297"/>
 <node id="8730563216" visible="true" version="3" changeset="154023728" timestamp="2024-07-16T16:29:12Z" user="Saruul Gan" uid="3328620" lat="47.9042175" lon="106.9309313"/>
 <node id="8730563217" visible="true" version="3" changeset="154023728" timestamp="2024-07-16T16:29:12Z" user="Saruul Gan" uid="3328620" lat="47.9042209" lon="106.9310093"/>
 <node id="8730563218" visible="true" version="3" changeset="154023728" timestamp="2024-07-16T16:29:12Z" user="Saruul Gan" uid="3328620" lat="47.9035102" lon="106.9310790"/>
 <node id="8730563219" visible="true" version="3" changeset="154023728" timestamp="2024-07-16T16:29:12Z" user="Saruul Gan" uid="3328620" lat="47.9035068" lon="106.9310018"/>
 <node id="8730563220" visible="true" version="3" changeset="154023728" timestamp="2024-07-16T16:29:12Z" user="Saruul Gan" uid="3328620" lat="47.9034906" lon="106.9310034"/>
 <node id="8730563221" visible="true" version="3" changeset="154023728" timestamp="2024-07-16T16:29:12Z" user="Saruul Gan" uid="3328620" lat="47.9034867" lon="106.9309159"/>
 <node id="8730563222" visible="true" version="3" changeset="154023728" timestamp="2024-07-16T16:29:12Z" user="Saruul Gan" uid="3328620" lat="47.9035042" lon="106.9309142"/>
 <node id="8730563223" visible="true" version="3" changeset="154023728" timestamp="2024-07-16T16:29:12Z" user="Saruul Gan" uid="3328620" lat="47.9035009" lon="106.9308394"/>
 <node id="8730563224" visible="true" version="1" changeset="104676062" timestamp="2021-05-14T09:15:26Z" user="Saruul Gan" uid="3328620" lat="47.9056558" lon="106.9328838"/>
 <node id="8730563225" visible="true" version="1" changeset="104676062" timestamp="2021-05-14T09:15:26Z" user="Saruul Gan" uid="3328620" lat="47.9056670" lon="106.9331274"/>
 <node id="8730563226" visible="true" version="1" changeset="104676062" timestamp="2021-05-14T09:15:26Z" user="Saruul Gan" uid="3328620" lat="47.9056956" lon="106.9336332"/>
 <node id="8730563227" visible="true" version="1" changeset="104676062" timestamp="2021-05-14T09:15:26Z" user="Saruul Gan" uid="3328620" lat="47.9057068" lon="106.9338768"/>
 <node id="8730563228" visible="true" version="1" changeset="104676062" timestamp="2021-05-14T09:15:26Z" user="Saruul Gan" uid="3328620" lat="47.9047061" lon="106.9339791"/>
 <node id="8730563229" visible="true" version="1" changeset="104676062" timestamp="2021-05-14T09:15:26Z" user="Saruul Gan" uid="3328620" lat="47.9061095" lon="106.9330190"/>
 <node id="8730563230" visible="true" version="1" changeset="104676062" timestamp="2021-05-14T09:15:26Z" user="Saruul Gan" uid="3328620" lat="47.9061110" lon="106.9331529"/>
 <node id="8730563231" visible="true" version="1" changeset="104676062" timestamp="2021-05-14T09:15:26Z" user="Saruul Gan" uid="3328620" lat="47.9060673" lon="106.9331570"/>
 <node id="8730563232" visible="true" version="1" changeset="104676062" timestamp="2021-05-14T09:15:26Z" user="Saruul Gan" uid="3328620" lat="47.9060618" lon="106.9330234"/>
 <node id="8730563233" visible="true" version="1" changeset="104676062" timestamp="2021-05-14T09:15:26Z" user="Saruul Gan" uid="3328620" lat="47.9047949" lon="106.9353766">
  <tag k="shop" v="hairdresser"/>
 </node>
 <node id="8730563234" visible="true" version="1" changeset="104676062" timestamp="2021-05-14T09:15:26Z" user="Saruul Gan" uid="3328620" lat="47.9057770" lon="106.9353008"/>
 <node id="8730563235" visible="true" version="1" changeset="104676062" timestamp="2021-05-14T09:15:26Z" user="Saruul Gan" uid="3328620" lat="47.9057893" lon="106.9355596"/>
 <node id="8730563236" visible="true" version="1" changeset="104676062" timestamp="2021-05-14T09:15:26Z" user="Saruul Gan" uid="3328620" lat="47.9047914" lon="106.9356659"/>
 <node id="8730563237" visible="true" version="1" changeset="104676062" timestamp="2021-05-14T09:15:26Z" user="Saruul Gan" uid="3328620" lat="47.9071672" lon="106.9355846"/>
 <node id="8730563238" visible="true" version="1" changeset="104676062" timestamp="2021-05-14T09:15:26Z" user="Saruul Gan" uid="3328620" lat="47.9047577" lon="106.9357528"/>
 <node id="8730563239" visible="true" version="1" changeset="104676062" timestamp="2021-05-14T09:15:26Z" user="Saruul Gan" uid="3328620" lat="47.9072385" lon="106.9355516"/>
 <node id="8730563240" visible="true" version="1" changeset="104676062" timestamp="2021-05-14T09:15:26Z" user="Saruul Gan" uid="3328620" lat="47.9059044" lon="106.9356842"/>
 <node id="8730563241" visible="true" version="1" changeset="104676062" timestamp="2021-05-14T09:15:26Z" user="Saruul Gan" uid="3328620" lat="47.9060454" lon="106.9358682"/>
 <node id="8730563242" visible="true" version="1" changeset="104676062" timestamp="2021-05-14T09:15:26Z" user="Saruul Gan" uid="3328620" lat="47.9060776" lon="106.9358138"/>
 <node id="8730563243" visible="true" version="1" changeset="104676062" timestamp="2021-05-14T09:15:26Z" user="Saruul Gan" uid="3328620" lat="47.9050360" lon="106.9359311"/>
 <node id="8730563244" visible="true" version="1" changeset="104676062" timestamp="2021-05-14T09:15:26Z" user="Saruul Gan" uid="3328620" lat="47.9050947" lon="106.9370669"/>
 <node id="8730563245" visible="true" version="1" changeset="104676062" timestamp="2021-05-14T09:15:26Z" user="Saruul Gan" uid="3328620" lat="47.9049657" lon="106.9370818"/>
 <node id="8730563246" visible="true" version="1" changeset="104676062" timestamp="2021-05-14T09:15:26Z" user="Saruul Gan" uid="3328620" lat="47.9049070" lon="106.9359459"/>
 <node id="8730563247" visible="true" version="1" changeset="104676062" timestamp="2021-05-14T09:15:26Z" user="Saruul Gan" uid="3328620" lat="47.9048567" lon="106.9379727"/>
 <node id="8730563248" visible="true" version="1" changeset="104676062" timestamp="2021-05-14T09:15:26Z" user="Saruul Gan" uid="3328620" lat="47.9049028" lon="106.9382254"/>
 <node id="8730563249" visible="true" version="1" changeset="104676062" timestamp="2021-05-14T09:15:26Z" user="Saruul Gan" uid="3328620" lat="47.9048865" lon="106.9387960"/>
 <node id="8730563250" visible="true" version="1" changeset="104676062" timestamp="2021-05-14T09:15:26Z" user="Saruul Gan" uid="3328620" lat="47.9049131" lon="106.9403907"/>
 <node id="8730563257" visible="true" version="1" changeset="104676062" timestamp="2021-05-14T09:15:26Z" user="Saruul Gan" uid="3328620" lat="47.9043285" lon="106.9284123"/>
 <node id="8730563258" visible="true" version="2" changeset="110380438" timestamp="2021-08-28T13:22:55Z" user="lwcc_enhee" uid="11777926" lat="47.9043484" lon="106.9283108"/>
 <node id="8730563259" visible="true" version="1" changeset="104676062" timestamp="2021-05-14T09:15:26Z" user="Saruul Gan" uid="3328620" lat="47.9043380" lon="106.9286215"/>
 <node id="8730563260" visible="true" version="2" changeset="110380438" timestamp="2021-08-28T13:22:55Z" user="lwcc_enhee" uid="11777926" lat="47.9041998" lon="106.9282735"/>
 <node id="8730563261" visible="true" version="2" changeset="110380438" timestamp="2021-08-28T13:22:55Z" user="lwcc_enhee" uid="11777926" lat="47.9042432" lon="106.9283169"/>
 <node id="8730563262" visible="true" version="2" changeset="110380438" timestamp="2021-08-28T13:22:55Z" user="lwcc_enhee" uid="11777926" lat="47.9042684" lon="106.9283770"/>
 <node id="8730563263" visible="true" version="1" changeset="104676062" timestamp="2021-05-14T09:15:26Z" user="Saruul Gan" uid="3328620" lat="47.9047642" lon="106.9385806"/>
 <node id="8730563264" visible="true" version="1" changeset="104676062" timestamp="2021-05-14T09:15:26Z" user="Saruul Gan" uid="3328620" lat="47.9047545" lon="106.9435033"/>
 <node id="8730563265" visible="true" version="3" changeset="109466671" timestamp="2021-08-10T13:38:58Z" user="kartonage" uid="1497225" lat="47.9047050" lon="106.9372190"/>
 <node id="8730563266" visible="true" version="1" changeset="104676062" timestamp="2021-05-14T09:15:26Z" user="Saruul Gan" uid="3328620" lat="47.9047742" lon="106.9390343"/>
 <node id="8730563267" visible="true" version="1" changeset="104676062" timestamp="2021-05-14T09:15:26Z" user="Saruul Gan" uid="3328620" lat="47.9043475" lon="106.9298602"/>
 <node id="8730563268" visible="true" version="1" changeset="104676062" timestamp="2021-05-14T09:15:26Z" user="Saruul Gan" uid="3328620" lat="47.9044136" lon="106.9312203"/>
 <node id="8730563269" visible="true" version="1" changeset="104676062" timestamp="2021-05-14T09:15:26Z" user="Saruul Gan" uid="3328620" lat="47.9044737" lon="106.9324568"/>
 <node id="8730563270" visible="true" version="1" changeset="104676062" timestamp="2021-05-14T09:15:26Z" user="Saruul Gan" uid="3328620" lat="47.9046082" lon="106.9352272"/>
 <node id="8730563271" visible="true" version="1" changeset="104676062" timestamp="2021-05-14T09:15:26Z" user="Saruul Gan" uid="3328620" lat="47.9045357" lon="106.9337347"/>
 <node id="8730563279" visible="true" version="1" changeset="104676062" timestamp="2021-05-14T09:15:26Z" user="Saruul Gan" uid="3328620" lat="47.9043490" lon="106.9298902"/>
 <node id="8730563280" visible="true" version="1" changeset="104676062" timestamp="2021-05-14T09:15:26Z" user="Saruul Gan" uid="3328620" lat="47.9044074" lon="106.9310918"/>
 <node id="8730563281" visible="true" version="1" changeset="104676062" timestamp="2021-05-14T09:15:26Z" user="Saruul Gan" uid="3328620" lat="47.9027249" lon="106.9314262"/>
 <node id="8730563282" visible="true" version="1" changeset="104676062" timestamp="2021-05-14T09:15:26Z" user="Saruul Gan" uid="3328620" lat="47.9025678" lon="106.9315230"/>
 <node id="8730563283" visible="true" version="1" changeset="104676062" timestamp="2021-05-14T09:15:26Z" user="Saruul Gan" uid="3328620" lat="47.9041588" lon="106.9324962"/>
 <node id="8730563284" visible="true" version="4" changeset="146351838" timestamp="2024-01-17T08:15:07Z" user="LakeMatano" uid="16936637" lat="47.9029658" lon="106.9374309"/>
 <node id="8730563285" visible="true" version="4" changeset="146351838" timestamp="2024-01-17T08:15:07Z" user="LakeMatano" uid="16936637" lat="47.9029113" lon="106.9374367"/>
 <node id="8730563286" visible="true" version="4" changeset="146351838" timestamp="2024-01-17T08:15:07Z" user="LakeMatano" uid="16936637" lat="47.9028640" lon="106.9374194"/>
 <node id="8730563287" visible="true" version="4" changeset="146351838" timestamp="2024-01-17T08:15:07Z" user="LakeMatano" uid="16936637" lat="47.9028447" lon="106.9373526"/>
 <node id="8730563288" visible="true" version="1" changeset="104676062" timestamp="2021-05-14T09:15:26Z" user="Saruul Gan" uid="3328620" lat="47.9028526" lon="106.9371929"/>
 <node id="8730563289" visible="true" version="1" changeset="104676062" timestamp="2021-05-14T09:15:26Z" user="Saruul Gan" uid="3328620" lat="47.9027804" lon="106.9354785"/>
 <node id="8730563290" visible="true" version="3" changeset="109466671" timestamp="2021-08-10T13:38:58Z" user="kartonage" uid="1497225" lat="47.9039086" lon="106.9369144"/>
 <node id="8730563291" visible="true" version="3" changeset="109466671" timestamp="2021-08-10T13:38:58Z" user="kartonage" uid="1497225" lat="47.9039206" lon="106.9371811"/>
 <node id="8730563292" visible="true" version="3" changeset="109466671" timestamp="2021-08-10T13:38:58Z" user="kartonage" uid="1497225" lat="47.9034570" lon="106.9372278"/>
 <node id="8730563293" visible="true" version="3" changeset="109466671" timestamp="2021-08-10T13:38:58Z" user="kartonage" uid="1497225" lat="47.9034449" lon="106.9369610"/>
 <node id="8730563294" visible="true" version="3" changeset="109466671" timestamp="2021-08-10T13:38:58Z" user="kartonage" uid="1497225" lat="47.9040236" lon="106.9371647"/>
 <node id="8730563295" visible="true" version="3" changeset="109466671" timestamp="2021-08-10T13:38:58Z" user="kartonage" uid="1497225" lat="47.9040116" lon="106.9368980"/>
 <node id="8730563296" visible="true" version="3" changeset="109466671" timestamp="2021-08-10T13:38:58Z" user="kartonage" uid="1497225" lat="47.9043510" lon="106.9365236"/>
 <node id="8730563297" visible="true" version="3" changeset="109466671" timestamp="2021-08-10T13:38:58Z" user="kartonage" uid="1497225" lat="47.9041814" lon="106.9365454"/>
 <node id="8730563298" visible="true" version="3" changeset="109466671" timestamp="2021-08-10T13:38:58Z" user="kartonage" uid="1497225" lat="47.9041937" lon="106.9367337"/>
 <node id="8730563299" visible="true" version="1" changeset="104676062" timestamp="2021-05-14T09:15:26Z" user="Saruul Gan" uid="3328620" lat="47.9039928" lon="106.9353408"/>
 <node id="8730563300" visible="true" version="1" changeset="104676062" timestamp="2021-05-14T09:15:26Z" user="Saruul Gan" uid="3328620" lat="47.9035463" lon="106.9353875"/>
 <node id="8730563301" visible="true" version="1" changeset="104676062" timestamp="2021-05-14T09:15:26Z" user="Saruul Gan" uid="3328620" lat="47.9032304" lon="106.9354160"/>
 <node id="8730563302" visible="true" version="1" changeset="104676062" timestamp="2021-05-14T09:15:26Z" user="Saruul Gan" uid="3328620" lat="47.9033758" lon="106.9354968"/>
 <node id="8730563303" visible="true" version="1" changeset="104676062" timestamp="2021-05-14T09:15:26Z" user="Saruul Gan" uid="3328620" lat="47.9034896" lon="106.9354880"/>
 <node id="8730563304" visible="true" version="1" changeset="104676062" timestamp="2021-05-14T09:15:26Z" user="Saruul Gan" uid="3328620" lat="47.9041708" lon="106.9352721"/>
 <node id="8730563305" visible="true" version="1" changeset="104676062" timestamp="2021-05-14T09:15:26Z" user="Saruul Gan" uid="3328620" lat="47.9041714" lon="106.9352178"/>
 <node id="8730563306" visible="true" version="1" changeset="104676062" timestamp="2021-05-14T09:15:26Z" user="Saruul Gan" uid="3328620" lat="47.9046054" lon="106.9351680"/>
 <node id="8730563307" visible="true" version="1" changeset="104676062" timestamp="2021-05-14T09:15:26Z" user="Saruul Gan" uid="3328620" lat="47.9045823" lon="106.9352945"/>
 <node id="8730563308" visible="true" version="1" changeset="104676062" timestamp="2021-05-14T09:15:26Z" user="Saruul Gan" uid="3328620" lat="47.9047084" lon="106.9397500"/>
 <node id="8730563309" visible="true" version="1" changeset="104676062" timestamp="2021-05-14T09:15:26Z" user="Saruul Gan" uid="3328620" lat="47.9047137" lon="106.9393756"/>
 <node id="8730563310" visible="true" version="1" changeset="104676062" timestamp="2021-05-14T09:15:26Z" user="Saruul Gan" uid="3328620" lat="47.9047358" lon="106.9392336"/>
 <node id="8730563311" visible="true" version="1" changeset="104676062" timestamp="2021-05-14T09:15:26Z" user="Saruul Gan" uid="3328620" lat="47.9047354" lon="106.9385841"/>
 <node id="8730563312" visible="true" version="2" changeset="117792336" timestamp="2022-02-24T00:59:42Z" user="mytilene" uid="2490007" lat="47.9020153" lon="106.9389595"/>
 <node id="8730563313" visible="true" version="1" changeset="104676062" timestamp="2021-05-14T09:15:26Z" user="Saruul Gan" uid="3328620" lat="47.9037796" lon="106.9340593"/>
 <node id="8730563314" visible="true" version="1" changeset="104676062" timestamp="2021-05-14T09:15:26Z" user="Saruul Gan" uid="3328620" lat="47.9027347" lon="106.9341761"/>
 <node id="8730563315" visible="true" version="1" changeset="104676062" timestamp="2021-05-14T09:15:26Z" user="Saruul Gan" uid="3328620" lat="47.9026985" lon="106.9342391"/>
 <node id="8730563316" visible="true" version="2" changeset="146351838" timestamp="2024-01-17T08:15:07Z" user="LakeMatano" uid="16936637" lat="47.9027660" lon="106.9353567"/>
 <node id="8730563317" visible="true" version="1" changeset="104676062" timestamp="2021-05-14T09:15:26Z" user="Saruul Gan" uid="3328620" lat="47.9033867" lon="106.9352261"/>
 <node id="8730563318" visible="true" version="1" changeset="104676062" timestamp="2021-05-14T09:15:26Z" user="Saruul Gan" uid="3328620" lat="47.9028974" lon="106.9352782"/>
 <node id="8730563319" visible="true" version="1" changeset="104676062" timestamp="2021-05-14T09:15:26Z" user="Saruul Gan" uid="3328620" lat="47.9038640" lon="106.9351811"/>
 <node id="8730563320" visible="true" version="1" changeset="104676062" timestamp="2021-05-14T09:15:26Z" user="Saruul Gan" uid="3328620" lat="47.9047662" lon="106.9408544"/>
 <node id="8730563323" visible="true" version="3" changeset="109466671" timestamp="2021-08-10T13:38:58Z" user="kartonage" uid="1497225" lat="47.9024357" lon="106.9319387"/>
 <node id="8730563324" visible="true" version="3" changeset="109466671" timestamp="2021-08-10T13:38:58Z" user="kartonage" uid="1497225" lat="47.9023148" lon="106.9319525"/>
 <node id="8730563325" visible="true" version="3" changeset="109466671" timestamp="2021-08-10T13:38:58Z" user="kartonage" uid="1497225" lat="47.9021213" lon="106.9319694"/>
 <node id="8730563337" visible="true" version="1" changeset="104676062" timestamp="2021-05-14T09:15:26Z" user="Saruul Gan" uid="3328620" lat="47.9048704" lon="106.9404426">
  <tag k="highway" v="crossing"/>
 </node>
 <node id="8730563338" visible="true" version="1" changeset="104676062" timestamp="2021-05-14T09:15:26Z" user="Saruul Gan" uid="3328620" lat="47.9047690" lon="106.9402241"/>
 <node id="8730563339" visible="true" version="1" changeset="104676062" timestamp="2021-05-14T09:15:26Z" user="Saruul Gan" uid="3328620" lat="47.9041694" lon="106.9402825"/>
 <node id="8730563340" visible="true" version="1" changeset="104676062" timestamp="2021-05-14T09:15:26Z" user="Saruul Gan" uid="3328620" lat="47.9041255" lon="106.9402294"/>
 <node id="8730563341" visible="true" version="1" changeset="104676062" timestamp="2021-05-14T09:15:26Z" user="Saruul Gan" uid="3328620" lat="47.9041100" lon="106.9398454"/>
 <node id="8730563342" visible="true" version="1" changeset="104676062" timestamp="2021-05-14T09:15:26Z" user="Saruul Gan" uid="3328620" lat="47.9040780" lon="106.9397941"/>
 <node id="8730563343" visible="true" version="1" changeset="104676062" timestamp="2021-05-14T09:15:26Z" user="Saruul Gan" uid="3328620" lat="47.9040400" lon="106.9397976"/>
 <node id="8730563344" visible="true" version="1" changeset="104676062" timestamp="2021-05-14T09:15:26Z" user="Saruul Gan" uid="3328620" lat="47.9047416" lon="106.9357970">
  <tag k="highway" v="crossing"/>
 </node>
 <node id="8730563345" visible="true" version="1" changeset="104676062" timestamp="2021-05-14T09:15:26Z" user="Saruul Gan" uid="3328620" lat="47.9045587" lon="106.9320760">
  <tag k="highway" v="crossing"/>
 </node>
 <node id="8730563346" visible="true" version="1" changeset="104676062" timestamp="2021-05-14T09:15:26Z" user="Saruul Gan" uid="3328620" lat="47.9026461" lon="106.9410951">
  <tag k="highway" v="crossing"/>
 </node>
 <node id="8730563347" visible="true" version="1" changeset="104676062" timestamp="2021-05-14T09:15:26Z" user="Saruul Gan" uid="3328620" lat="47.9047342" lon="106.9402275">
  <tag k="highway" v="crossing"/>
 </node>
 <node id="8730563348" visible="true" version="1" changeset="104676062" timestamp="2021-05-14T09:15:26Z" user="Saruul Gan" uid="3328620" lat="47.9048272" lon="106.9434945"/>
 <node id="8730563349" visible="true" version="3" changeset="128967827" timestamp="2022-11-16T04:09:18Z" user="Ochbayar Ganbold" uid="4727667" lat="47.9044328" lon="106.9296778">
  <tag k="access" v="permissive"/>
  <tag k="barrier" v="lift_gate"/>
  <tag k="bicycle" v="yes"/>
  <tag k="foot" v="yes"/>
  <tag k="horse" v="no"/>
 </node>
 <node id="8730563350" visible="true" version="1" changeset="104676062" timestamp="2021-05-14T09:15:26Z" user="Saruul Gan" uid="3328620" lat="47.9029118" lon="106.9420507">
  <tag k="highway" v="crossing"/>
 </node>
 <node id="8730563351" visible="true" version="1" changeset="104676062" timestamp="2021-05-14T09:15:26Z" user="Saruul Gan" uid="3328620" lat="47.9043158" lon="106.9298933">
  <tag k="highway" v="crossing"/>
 </node>
 <node id="8730563352" visible="true" version="1" changeset="104676062" timestamp="2021-05-14T09:15:26Z" user="Saruul Gan" uid="3328620" lat="47.9043622" lon="106.9310969">
  <tag k="highway" v="crossing"/>
 </node>
 <node id="8730563353" visible="true" version="1" changeset="104676062" timestamp="2021-05-14T09:15:26Z" user="Saruul Gan" uid="3328620" lat="47.9044274" lon="106.9324626">
  <tag k="highway" v="crossing"/>
 </node>
 <node id="8730563354" visible="true" version="1" changeset="104676062" timestamp="2021-05-14T09:15:26Z" user="Saruul Gan" uid="3328620" lat="47.9047327" lon="106.9408579">
  <tag k="highway" v="crossing"/>
 </node>
 <node id="8730563355" visible="true" version="3" changeset="109466671" timestamp="2021-08-10T13:38:58Z" user="kartonage" uid="1497225" lat="47.9046703" lon="106.9372228">
  <tag k="highway" v="crossing"/>
 </node>
 <node id="8730563356" visible="true" version="1" changeset="104676062" timestamp="2021-05-14T09:15:26Z" user="Saruul Gan" uid="3328620" lat="47.9045754" lon="106.9351715">
  <tag k="highway" v="crossing"/>
 </node>
 <node id="8730563357" visible="true" version="1" changeset="104676062" timestamp="2021-05-14T09:15:26Z" user="Saruul Gan" uid="3328620" lat="47.9045787" lon="106.9352302">
  <tag k="highway" v="crossing"/>
 </node>
 <node id="8792158809" visible="true" version="3" changeset="145170550" timestamp="2023-12-16T00:33:18Z" user="mtmail" uid="8339" lat="47.9027855" lon="106.9348033">
  <tag k="addr:city" v="Улаанбаатар"/>
  <tag k="addr:housenumber" v="420"/>
  <tag k="addr:street" v="Хүннүгийн гудамж"/>
  <tag k="description" v="Барилгын Иж Бүрэн Зураг Төслийн Үйлчилгээ Холбоо барих утас: 99770288; 95977150"/>
  <tag k="email" v="atelier.magnai@gmail.com"/>
  <tag k="image" v="https://scontent.fuln1-2.fna.fbcdn.net/v/t1.6435-9/131300105_228752588653274_4094814182253424453_n.jpg?_nc_cat=108&amp;ccb=1-3&amp;_nc_sid=6e5ad9&amp;_nc_ohc=RlPvQvHhzMYAX9I-Al8&amp;_nc_ht=scontent.fuln1-2.fna&amp;oh=b3a3330e01b6a199abdd294bd5562815&amp;oe=60DD9E3E"/>
  <tag k="internet_access" v="wlan"/>
  <tag k="name" v="Зураг төслийн &quot;Цээнтэй-Ателиер&quot; ХХК"/>
  <tag k="office" v="company"/>
  <tag k="opening_hours" v="Mo-Fr 09:00-18:00"/>
  <tag k="phone" v="+976 9597 7150"/>
  <tag k="website" v="https://www.facebook.com/TseenteiAtelier.company/"/>
 </node>
 <node id="8907486540" visible="true" version="1" changeset="107711053" timestamp="2021-07-09T14:47:03Z" user="munkhbayar b" uid="2851175" lat="47.9030586" lon="106.9392996"/>
 <node id="8907486541" visible="true" version="1" changeset="107711053" timestamp="2021-07-09T14:47:03Z" user="munkhbayar b" uid="2851175" lat="47.9030736" lon="106.9396054"/>
 <node id="8907486542" visible="true" version="1" changeset="107711053" timestamp="2021-07-09T14:47:03Z" user="munkhbayar b" uid="2851175" lat="47.9029265" lon="106.9396215"/>
 <node id="8907486543" visible="true" version="1" changeset="107711053" timestamp="2021-07-09T14:47:03Z" user="munkhbayar b" uid="2851175" lat="47.9029115" lon="106.9393157"/>
 <node id="8934837293" visible="true" version="1" changeset="108287962" timestamp="2021-07-20T05:35:47Z" user="Sumiyasuren" uid="11925653" lat="47.9000546" lon="106.9321794"/>
 <node id="8937617166" visible="true" version="1" changeset="108350184" timestamp="2021-07-21T06:51:41Z" user="Sumiyasuren" uid="11925653" lat="47.8982046" lon="106.8496215"/>
 <node id="8937617167" visible="true" version="1" changeset="108350184" timestamp="2021-07-21T06:51:41Z" user="Sumiyasuren" uid="11925653" lat="47.8983324" lon="106.8502497"/>
 <node id="8984522579" visible="true" version="1" changeset="109230476" timestamp="2021-08-06T03:56:01Z" user="Sumiyasuren" uid="11925653" lat="47.8965760" lon="106.8306388"/>
 <node id="8984522580" visible="true" version="1" changeset="109230476" timestamp="2021-08-06T03:56:01Z" user="Sumiyasuren" uid="11925653" lat="47.8965056" lon="106.8298469"/>
 <node id="8984522581" visible="true" version="1" changeset="109230476" timestamp="2021-08-06T03:56:01Z" user="Sumiyasuren" uid="11925653" lat="47.8964114" lon="106.8291117"/>
 <node id="8984522585" visible="true" version="1" changeset="109230476" timestamp="2021-08-06T03:56:01Z" user="Sumiyasuren" uid="11925653" lat="47.8970122" lon="106.8358179"/>
 <node id="8984522586" visible="true" version="1" changeset="109230476" timestamp="2021-08-06T03:56:01Z" user="Sumiyasuren" uid="11925653" lat="47.8969305" lon="106.8365157"/>
 <node id="8984522587" visible="true" version="1" changeset="109230476" timestamp="2021-08-06T03:56:01Z" user="Sumiyasuren" uid="11925653" lat="47.8970128" lon="106.8372935"/>
 <node id="8984522588" visible="true" version="1" changeset="109230476" timestamp="2021-08-06T03:56:01Z" user="Sumiyasuren" uid="11925653" lat="47.8973942" lon="106.8374706"/>
 <node id="8984522589" visible="true" version="1" changeset="109230476" timestamp="2021-08-06T03:56:01Z" user="Sumiyasuren" uid="11925653" lat="47.8974984" lon="106.8384177"/>
 <node id="8984522590" visible="true" version="1" changeset="109230476" timestamp="2021-08-06T03:56:01Z" user="Sumiyasuren" uid="11925653" lat="47.8974766" lon="106.8388362"/>
 <node id="8984522591" visible="true" version="1" changeset="109230476" timestamp="2021-08-06T03:56:01Z" user="Sumiyasuren" uid="11925653" lat="47.8973171" lon="106.8391760"/>
 <node id="8984522592" visible="true" version="1" changeset="109230476" timestamp="2021-08-06T03:56:01Z" user="Sumiyasuren" uid="11925653" lat="47.8973146" lon="106.8403843"/>
 <node id="8984522593" visible="true" version="1" changeset="109230476" timestamp="2021-08-06T03:56:01Z" user="Sumiyasuren" uid="11925653" lat="47.8974958" lon="106.8410660"/>
 <node id="9043559318" visible="true" version="1" changeset="110380438" timestamp="2021-08-28T13:22:55Z" user="lwcc_enhee" uid="11777926" lat="47.9029286" lon="106.9286240"/>
 <node id="9043559359" visible="true" version="1" changeset="110380438" timestamp="2021-08-28T13:22:55Z" user="lwcc_enhee" uid="11777926" lat="47.9005860" lon="106.9331975">
  <tag k="highway" v="crossing"/>
 </node>
 <node id="9043559360" visible="true" version="1" changeset="110380438" timestamp="2021-08-28T13:22:55Z" user="lwcc_enhee" uid="11777926" lat="47.9002708" lon="106.9319837">
  <tag k="highway" v="crossing"/>
 </node>
 <node id="9173763017" visible="true" version="1" changeset="112527266" timestamp="2021-10-15T05:23:43Z" user="Manda88" uid="4945502" lat="47.9029993" lon="106.9360162">
  <tag k="addr:housenumber" v="424"/>
  <tag k="addr:street" v="олимп хотхон"/>
  <tag k="name" v="olymp Khothon"/>
  <tag k="tourism" v="apartment"/>
 </node>
 <node id="9240024964" visible="true" version="1" changeset="113598745" timestamp="2021-11-10T09:05:05Z" user="carpediemzayagmailcom" uid="14436715" lat="47.9022779" lon="106.9370472">
  <tag k="addr:city" v="Ulaanbaatar"/>
  <tag k="addr:housenumber" v="333-103, Sunshine Villlage"/>
  <tag k="addr:postcode" v="13312"/>
  <tag k="addr:street" v="Niislel Khuree avenue street, 26th khoroo, Bayanzurkh district"/>
  <tag k="description" v="MATSUZAKAYA CO.,LTD."/>
  <tag k="name" v="Company, office"/>
  <tag k="office" v="company"/>
  <tag k="opening_hours" v="Mo-Fr 09:00-18:00"/>
  <tag k="phone" v="+976-77113201"/>
  <tag k="website" v="https://www.matsuzakaya.mn/"/>
 </node>
 <node id="9295664664" visible="true" version="1" changeset="114395047" timestamp="2021-11-30T09:49:06Z" user="Saruul Gan" uid="3328620" lat="47.9066727" lon="106.9123155"/>
 <node id="9298379793" visible="true" version="1" changeset="114427598" timestamp="2021-12-01T05:28:48Z" user="Saruul Gan" uid="3328620" lat="47.9022636" lon="106.8527500"/>
 <node id="9298379794" visible="true" version="1" changeset="114427598" timestamp="2021-12-01T05:28:48Z" user="Saruul Gan" uid="3328620" lat="47.9020861" lon="106.8524067"/>
 <node id="9298379795" visible="true" version="1" changeset="114427598" timestamp="2021-12-01T05:28:48Z" user="Saruul Gan" uid="3328620" lat="47.9015095" lon="106.8519719"/>
 <node id="9314654782" visible="true" version="1" changeset="114606334" timestamp="2021-12-06T07:34:47Z" user="Saruul Gan" uid="3328620" lat="47.9073023" lon="106.9371960"/>
 <node id="9314654783" visible="true" version="1" changeset="114606334" timestamp="2021-12-06T07:34:47Z" user="Saruul Gan" uid="3328620" lat="47.9048964" lon="106.9375121"/>
 <node id="9314654784" visible="true" version="1" changeset="114606334" timestamp="2021-12-06T07:34:47Z" user="Saruul Gan" uid="3328620" lat="47.9048388" lon="106.9374464"/>
 <node id="9314654785" visible="true" version="1" changeset="114606334" timestamp="2021-12-06T07:34:47Z" user="Saruul Gan" uid="3328620" lat="47.9047707" lon="106.9359745"/>
 <node id="9314654786" visible="true" version="1" changeset="114606334" timestamp="2021-12-06T07:34:47Z" user="Saruul Gan" uid="3328620" lat="47.9048151" lon="106.9358882"/>
 <node id="9314654787" visible="true" version="1" changeset="114606334" timestamp="2021-12-06T07:34:47Z" user="Saruul Gan" uid="3328620" lat="47.9071651" lon="106.9356150"/>
 <node id="9314654788" visible="true" version="1" changeset="114606334" timestamp="2021-12-06T07:34:47Z" user="Saruul Gan" uid="3328620" lat="47.9072441" lon="106.9357004"/>
 <node id="9314654789" visible="true" version="1" changeset="114606334" timestamp="2021-12-06T07:34:47Z" user="Saruul Gan" uid="3328620" lat="47.9037863" lon="106.9415287"/>
 <node id="9314654790" visible="true" version="1" changeset="114606334" timestamp="2021-12-06T07:34:47Z" user="Saruul Gan" uid="3328620" lat="47.9037254" lon="106.9403159"/>
 <node id="9314654791" visible="true" version="1" changeset="114606334" timestamp="2021-12-06T07:34:47Z" user="Saruul Gan" uid="3328620" lat="47.9046941" lon="106.9401927"/>
 <node id="9314654792" visible="true" version="1" changeset="114606334" timestamp="2021-12-06T07:34:47Z" user="Saruul Gan" uid="3328620" lat="47.9046920" lon="106.9414128"/>
 <node id="9314654793" visible="true" version="1" changeset="114606334" timestamp="2021-12-06T07:34:47Z" user="Saruul Gan" uid="3328620" lat="47.9029198" lon="106.9419903"/>
 <node id="9314654800" visible="true" version="1" changeset="114606334" timestamp="2021-12-06T07:34:47Z" user="Saruul Gan" uid="3328620" lat="47.9037055" lon="106.9418921"/>
 <node id="9314654805" visible="true" version="1" changeset="114606334" timestamp="2021-12-06T07:34:47Z" user="Saruul Gan" uid="3328620" lat="47.9026772" lon="106.9410421"/>
 <node id="9314654806" visible="true" version="1" changeset="114606334" timestamp="2021-12-06T07:34:47Z" user="Saruul Gan" uid="3328620" lat="47.9037567" lon="106.9409389"/>
 <node id="9314654807" visible="true" version="1" changeset="114606334" timestamp="2021-12-06T07:34:47Z" user="Saruul Gan" uid="3328620" lat="47.9026535" lon="106.9406243"/>
 <node id="9314654808" visible="true" version="1" changeset="114606334" timestamp="2021-12-06T07:34:47Z" user="Saruul Gan" uid="3328620" lat="47.9023993" lon="106.9396049"/>
 <node id="9314654809" visible="true" version="1" changeset="114606334" timestamp="2021-12-06T07:34:47Z" user="Saruul Gan" uid="3328620" lat="47.9027504" lon="106.9394101"/>
 <node id="9314654810" visible="true" version="1" changeset="114606334" timestamp="2021-12-06T07:34:47Z" user="Saruul Gan" uid="3328620" lat="47.9028637" lon="106.9398646"/>
 <node id="9314654811" visible="true" version="1" changeset="114606334" timestamp="2021-12-06T07:34:47Z" user="Saruul Gan" uid="3328620" lat="47.9028623" lon="106.9400679"/>
 <node id="9314654812" visible="true" version="1" changeset="114606334" timestamp="2021-12-06T07:34:47Z" user="Saruul Gan" uid="3328620" lat="47.9029588" lon="106.9404550"/>
 <node id="9314654813" visible="true" version="1" changeset="114606334" timestamp="2021-12-06T07:34:47Z" user="Saruul Gan" uid="3328620" lat="47.9024326" lon="106.9368498"/>
 <node id="9314661018" visible="true" version="1" changeset="114606334" timestamp="2021-12-06T07:34:47Z" user="Saruul Gan" uid="3328620" lat="47.9027160" lon="106.9355208"/>
 <node id="9314661019" visible="true" version="1" changeset="114606334" timestamp="2021-12-06T07:34:47Z" user="Saruul Gan" uid="3328620" lat="47.9017658" lon="106.9356995"/>
 <node id="9314661020" visible="true" version="1" changeset="114606334" timestamp="2021-12-06T07:34:47Z" user="Saruul Gan" uid="3328620" lat="47.9021067" lon="106.9371445"/>
 <node id="9314661021" visible="true" version="1" changeset="114606334" timestamp="2021-12-06T07:34:47Z" user="Saruul Gan" uid="3328620" lat="47.9022141" lon="106.9371753"/>
 <node id="9314661022" visible="true" version="1" changeset="114606334" timestamp="2021-12-06T07:34:47Z" user="Saruul Gan" uid="3328620" lat="47.9028007" lon="106.9371199"/>
 <node id="9316875526" visible="true" version="1" changeset="114641552" timestamp="2021-12-07T03:58:41Z" user="Laugavegur35" uid="10142206" lat="47.9025125" lon="106.9432028"/>
 <node id="9316875527" visible="true" version="1" changeset="114641552" timestamp="2021-12-07T03:58:41Z" user="Laugavegur35" uid="10142206" lat="47.9025268" lon="106.9432623"/>
 <node id="9316875528" visible="true" version="1" changeset="114641552" timestamp="2021-12-07T03:58:41Z" user="Laugavegur35" uid="10142206" lat="47.9025366" lon="106.9433049"/>
 <node id="9333269841" visible="true" version="1" changeset="114865159" timestamp="2021-12-13T03:45:29Z" user="Saruul Gan" uid="3328620" lat="47.9054653" lon="106.9078443"/>
 <node id="9344021521" visible="true" version="1" changeset="115013995" timestamp="2021-12-16T15:13:51Z" user="munkhbayar b" uid="2851175" lat="47.9016384" lon="106.9381635"/>
 <node id="9344021522" visible="true" version="1" changeset="115013995" timestamp="2021-12-16T15:13:51Z" user="munkhbayar b" uid="2851175" lat="47.9012147" lon="106.9365500"/>
 <node id="9344021523" visible="true" version="1" changeset="115013995" timestamp="2021-12-16T15:13:51Z" user="munkhbayar b" uid="2851175" lat="47.9008112" lon="106.9350637"/>
 <node id="9344021524" visible="true" version="1" changeset="115013995" timestamp="2021-12-16T15:13:51Z" user="munkhbayar b" uid="2851175" lat="47.9004843" lon="106.9337738"/>
 <node id="9344021525" visible="true" version="1" changeset="115013995" timestamp="2021-12-16T15:13:51Z" user="munkhbayar b" uid="2851175" lat="47.9002270" lon="106.9328205"/>
 <node id="9344021526" visible="true" version="1" changeset="115013995" timestamp="2021-12-16T15:13:51Z" user="munkhbayar b" uid="2851175" lat="47.8998078" lon="106.9313586"/>
 <node id="9344021527" visible="true" version="1" changeset="115013995" timestamp="2021-12-16T15:13:51Z" user="munkhbayar b" uid="2851175" lat="47.8998420" lon="106.9314509"/>
 <node id="9344021528" visible="true" version="1" changeset="115013995" timestamp="2021-12-16T15:13:51Z" user="munkhbayar b" uid="2851175" lat="47.8998249" lon="106.9314007"/>
 <node id="9344021529" visible="true" version="1" changeset="115013995" timestamp="2021-12-16T15:13:51Z" user="munkhbayar b" uid="2851175" lat="47.8997854" lon="106.9313172"/>
 <node id="9344021530" visible="true" version="1" changeset="115013995" timestamp="2021-12-16T15:13:51Z" user="munkhbayar b" uid="2851175" lat="47.8997632" lon="106.9312872"/>
 <node id="9344021531" visible="true" version="1" changeset="115013995" timestamp="2021-12-16T15:13:51Z" user="munkhbayar b" uid="2851175" lat="47.8995889" lon="106.9312534"/>
 <node id="9344021532" visible="true" version="1" changeset="115013995" timestamp="2021-12-16T15:13:51Z" user="munkhbayar b" uid="2851175" lat="47.8997204" lon="106.9312483"/>
 <node id="9344021533" visible="true" version="1" changeset="115013995" timestamp="2021-12-16T15:13:51Z" user="munkhbayar b" uid="2851175" lat="47.8996954" lon="106.9312354"/>
 <node id="9344021534" visible="true" version="1" changeset="115013995" timestamp="2021-12-16T15:13:51Z" user="munkhbayar b" uid="2851175" lat="47.8996670" lon="106.9312290"/>
 <node id="9344021535" visible="true" version="1" changeset="115013995" timestamp="2021-12-16T15:13:51Z" user="munkhbayar b" uid="2851175" lat="47.8996393" lon="106.9312289"/>
 <node id="9344021536" visible="true" version="1" changeset="115013995" timestamp="2021-12-16T15:13:51Z" user="munkhbayar b" uid="2851175" lat="47.8996208" lon="106.9312327"/>
 <node id="9344021537" visible="true" version="1" changeset="115013995" timestamp="2021-12-16T15:13:51Z" user="munkhbayar b" uid="2851175" lat="47.8996054" lon="106.9312407"/>
 <node id="9344021538" visible="true" version="1" changeset="115013995" timestamp="2021-12-16T15:13:51Z" user="munkhbayar b" uid="2851175" lat="47.8992447" lon="106.9315420"/>
 <node id="9344021542" visible="true" version="1" changeset="115013995" timestamp="2021-12-16T15:13:51Z" user="munkhbayar b" uid="2851175" lat="47.9019433" lon="106.9393603"/>
 <node id="9344021543" visible="true" version="1" changeset="115013995" timestamp="2021-12-16T15:13:51Z" user="munkhbayar b" uid="2851175" lat="47.9026845" lon="106.9421359"/>
 <node id="9344021544" visible="true" version="1" changeset="115013995" timestamp="2021-12-16T15:13:51Z" user="munkhbayar b" uid="2851175" lat="47.9023194" lon="106.9407749"/>
 <node id="9344021545" visible="true" version="1" changeset="115013995" timestamp="2021-12-16T15:13:51Z" user="munkhbayar b" uid="2851175" lat="47.9021936" lon="106.9404898"/>
 <node id="9344021546" visible="true" version="1" changeset="115013995" timestamp="2021-12-16T15:13:51Z" user="munkhbayar b" uid="2851175" lat="47.9020504" lon="106.9398013"/>
 <node id="9427225304" visible="true" version="1" changeset="116280543" timestamp="2022-01-18T05:26:59Z" user="Ochbayar Ganbold" uid="4727667" lat="47.9001706" lon="106.9319697"/>
 <node id="9531219690" visible="true" version="1" changeset="117792336" timestamp="2022-02-24T00:59:42Z" user="mytilene" uid="2490007" lat="47.9020823" lon="106.9389503">
  <tag k="highway" v="crossing"/>
 </node>
 <node id="9932910345" visible="true" version="1" changeset="124502875" timestamp="2022-08-05T03:39:56Z" user="Ochbayar Ganbold" uid="4727667" lat="47.9032187" lon="106.9285466"/>
 <node id="9932910369" visible="true" version="1" changeset="124502919" timestamp="2022-08-05T03:43:27Z" user="Ochbayar Ganbold" uid="4727667" lat="47.9067174" lon="106.9285459"/>
 <node id="9932910371" visible="true" version="1" changeset="124502919" timestamp="2022-08-05T03:43:27Z" user="Ochbayar Ganbold" uid="4727667" lat="47.9067637" lon="106.9302534"/>
 <node id="9932910373" visible="true" version="1" changeset="124502919" timestamp="2022-08-05T03:43:27Z" user="Ochbayar Ganbold" uid="4727667" lat="47.9068124" lon="106.9302539">
  <tag k="highway" v="crossing"/>
 </node>
 <node id="9932910374" visible="true" version="1" changeset="124502919" timestamp="2022-08-05T03:43:27Z" user="Ochbayar Ganbold" uid="4727667" lat="47.9075131" lon="106.9302617"/>
 <node id="9932910799" visible="true" version="3" changeset="157545687" timestamp="2024-10-06T15:22:45Z" user="saruul04" uid="21972502" lat="47.9067825" lon="106.9277742"/>
 <node id="9932921657" visible="true" version="2" changeset="164415706" timestamp="2025-04-02T11:04:21Z" user="saruul04" uid="21972502" lat="47.9072740" lon="106.9304205"/>
 <node id="9932921658" visible="true" version="2" changeset="164415706" timestamp="2025-04-02T11:04:21Z" user="saruul04" uid="21972502" lat="47.9069959" lon="106.9304095"/>
 <node id="9932921659" visible="true" version="2" changeset="164415706" timestamp="2025-04-02T11:04:21Z" user="saruul04" uid="21972502" lat="47.9069841" lon="106.9310720"/>
 <node id="9932921660" visible="true" version="2" changeset="164415706" timestamp="2025-04-02T11:04:21Z" user="saruul04" uid="21972502" lat="47.9072609" lon="106.9311573"/>
 <node id="9932921661" visible="true" version="1" changeset="124502949" timestamp="2022-08-05T03:46:03Z" user="Ochbayar Ganbold" uid="4727667" lat="47.9068651" lon="106.9304680"/>
 <node id="9932921662" visible="true" version="1" changeset="124502949" timestamp="2022-08-05T03:46:03Z" user="Ochbayar Ganbold" uid="4727667" lat="47.9068569" lon="106.9311427"/>
 <node id="9932921663" visible="true" version="1" changeset="124502949" timestamp="2022-08-05T03:46:03Z" user="Ochbayar Ganbold" uid="4727667" lat="47.9067371" lon="106.9311396"/>
 <node id="9932921664" visible="true" version="1" changeset="124502949" timestamp="2022-08-05T03:46:03Z" user="Ochbayar Ganbold" uid="4727667" lat="47.9067495" lon="106.9304710"/>
 <node id="9932921665" visible="true" version="1" changeset="124502949" timestamp="2022-08-05T03:46:03Z" user="Ochbayar Ganbold" uid="4727667" lat="47.9068382" lon="106.9303137"/>
 <node id="9932921666" visible="true" version="1" changeset="124502949" timestamp="2022-08-05T03:46:03Z" user="Ochbayar Ganbold" uid="4727667" lat="47.9068300" lon="106.9304689"/>
 <node id="9994578764" visible="true" version="1" changeset="125690407" timestamp="2022-09-02T09:54:02Z" user="mytilene" uid="2490007" lat="47.9044558" lon="106.9320893"/>
 <node id="9994578765" visible="true" version="1" changeset="125690407" timestamp="2022-09-02T09:54:02Z" user="mytilene" uid="2490007" lat="47.9045721" lon="106.9344840"/>
 <node id="9994578766" visible="true" version="1" changeset="125690407" timestamp="2022-09-02T09:54:02Z" user="mytilene" uid="2490007" lat="47.9046365" lon="106.9358089"/>
 <node id="9994578767" visible="true" version="1" changeset="125690407" timestamp="2022-09-02T09:54:02Z" user="mytilene" uid="2490007" lat="47.9047234" lon="106.9376416"/>
 <node id="9994578768" visible="true" version="1" changeset="125690407" timestamp="2022-09-02T09:54:02Z" user="mytilene" uid="2490007" lat="47.9047680" lon="106.9404528"/>
 <node id="10005702914" visible="true" version="1" changeset="125885406" timestamp="2022-09-07T06:39:20Z" user="Ochbayar Ganbold" uid="4727667" lat="47.9047376" lon="106.9422313"/>
 <node id="10005766746" visible="true" version="3" changeset="154023728" timestamp="2024-07-16T16:29:12Z" user="Saruul Gan" uid="3328620" lat="47.9007007" lon="106.9300749"/>
 <node id="10005766748" visible="true" version="1" changeset="125885562" timestamp="2022-09-07T06:43:25Z" user="Ochbayar Ganbold" uid="4727667" lat="47.9043428" lon="106.9283395">
  <tag k="crossing" v="marked"/>
  <tag k="highway" v="crossing"/>
 </node>
 <node id="10005766749" visible="true" version="1" changeset="125885562" timestamp="2022-09-07T06:43:25Z" user="Ochbayar Ganbold" uid="4727667" lat="47.9042505" lon="106.9283343">
  <tag k="crossing" v="marked"/>
  <tag k="highway" v="crossing"/>
 </node>
 <node id="10005789820" visible="true" version="2" changeset="156747226" timestamp="2024-09-17T20:57:13Z" user="Saruul Gan" uid="3328620" lat="47.9048268" lon="106.9432919">
  <tag k="crossing" v="marked"/>
  <tag k="crossing:markings" v="yes"/>
  <tag k="highway" v="crossing"/>
 </node>
 <node id="10005789821" visible="true" version="2" changeset="156747226" timestamp="2024-09-17T20:57:13Z" user="Saruul Gan" uid="3328620" lat="47.9047554" lon="106.9432971">
  <tag k="crossing" v="marked"/>
  <tag k="highway" v="crossing"/>
 </node>
 <node id="10005789822" visible="true" version="2" changeset="156747226" timestamp="2024-09-17T20:57:13Z" user="Saruul Gan" uid="3328620" lat="47.9046628" lon="106.9435079">
  <tag k="crossing" v="marked"/>
  <tag k="highway" v="crossing"/>
 </node>
 <node id="10005789823" visible="true" version="2" changeset="156747226" timestamp="2024-09-17T20:57:13Z" user="Saruul Gan" uid="3328620" lat="47.9046717" lon="106.9436624">
  <tag k="crossing" v="marked"/>
  <tag k="highway" v="crossing"/>
 </node>
 <node id="10005789824" visible="true" version="2" changeset="156747226" timestamp="2024-09-17T20:57:13Z" user="Saruul Gan" uid="3328620" lat="47.9049126" lon="106.9434692">
  <tag k="crossing" v="marked"/>
  <tag k="highway" v="crossing"/>
 </node>
 <node id="10005919195" visible="true" version="1" changeset="125888873" timestamp="2022-09-07T08:06:45Z" user="Ochbayar Ganbold" uid="4727667" lat="47.9049508" lon="106.9070707">
  <tag k="ford" v="yes"/>
 </node>
 <node id="10006043981" visible="true" version="1" changeset="125890666" timestamp="2022-09-07T08:51:13Z" user="Ochbayar Ganbold" uid="4727667" lat="47.9033692" lon="106.9433918"/>
 <node id="10082834919" visible="true" version="2" changeset="154023728" timestamp="2024-07-16T16:29:12Z" user="Saruul Gan" uid="3328620" lat="47.9081720" lon="106.9325621"/>
 <node id="10082834920" visible="true" version="2" changeset="154023728" timestamp="2024-07-16T16:29:12Z" user="Saruul Gan" uid="3328620" lat="47.9063936" lon="106.9274040"/>
 <node id="10082834922" visible="true" version="2" changeset="154023728" timestamp="2024-07-16T16:29:12Z" user="Saruul Gan" uid="3328620" lat="47.9054432" lon="106.9279370"/>
 <node id="10082834923" visible="true" version="2" changeset="154023728" timestamp="2024-07-16T16:29:12Z" user="Saruul Gan" uid="3328620" lat="47.9048763" lon="106.9281028"/>
 <node id="10082834924" visible="true" version="2" changeset="154023728" timestamp="2024-07-16T16:29:12Z" user="Saruul Gan" uid="3328620" lat="47.9031436" lon="106.9284241"/>
 <node id="10082834925" visible="true" version="2" changeset="154023728" timestamp="2024-07-16T16:29:12Z" user="Saruul Gan" uid="3328620" lat="47.9024202" lon="106.9286859"/>
 <node id="10082834926" visible="true" version="2" changeset="154023728" timestamp="2024-07-16T16:29:12Z" user="Saruul Gan" uid="3328620" lat="47.8995740" lon="106.9310533"/>
 <node id="10082834927" visible="true" version="2" changeset="154023728" timestamp="2024-07-16T16:29:12Z" user="Saruul Gan" uid="3328620" lat="47.8974260" lon="106.9328448"/>
 <node id="10082834928" visible="true" version="2" changeset="154023728" timestamp="2024-07-16T16:29:12Z" user="Saruul Gan" uid="3328620" lat="47.8955138" lon="106.9344586"/>
 <node id="10082834929" visible="true" version="2" changeset="154023728" timestamp="2024-07-16T16:29:12Z" user="Saruul Gan" uid="3328620" lat="47.8921907" lon="106.9372636"/>
 <node id="10082834930" visible="true" version="2" changeset="154023728" timestamp="2024-07-16T16:29:12Z" user="Saruul Gan" uid="3328620" lat="47.8909053" lon="106.9382035"/>
 <node id="10082834931" visible="true" version="2" changeset="154023728" timestamp="2024-07-16T16:29:12Z" user="Saruul Gan" uid="3328620" lat="47.8889182" lon="106.9390042"/>
 <node id="10082834932" visible="true" version="2" changeset="154023728" timestamp="2024-07-16T16:29:12Z" user="Saruul Gan" uid="3328620" lat="47.8861827" lon="106.9397717"/>
 <node id="10082834935" visible="true" version="2" changeset="154023728" timestamp="2024-07-16T16:29:12Z" user="Saruul Gan" uid="3328620" lat="47.8765233" lon="106.9517006"/>
 <node id="10082834940" visible="true" version="2" changeset="154023728" timestamp="2024-07-16T16:29:12Z" user="Saruul Gan" uid="3328620" lat="47.8630299" lon="106.9563019"/>
 <node id="10082834945" visible="true" version="2" changeset="154023728" timestamp="2024-07-16T16:29:12Z" user="Saruul Gan" uid="3328620" lat="47.8465226" lon="106.9469477"/>
 <node id="10082834951" visible="true" version="2" changeset="154023728" timestamp="2024-07-16T16:29:12Z" user="Saruul Gan" uid="3328620" lat="47.8119235" lon="106.9221379"/>
 <node id="10082834954" visible="true" version="2" changeset="154023728" timestamp="2024-07-16T16:29:12Z" user="Saruul Gan" uid="3328620" lat="47.7995965" lon="106.9449945"/>
 <node id="10082834958" visible="true" version="2" changeset="154023728" timestamp="2024-07-16T16:29:12Z" user="Saruul Gan" uid="3328620" lat="47.7861668" lon="106.9417216"/>
 <node id="10082834959" visible="true" version="1" changeset="127174573" timestamp="2022-10-07T22:15:43Z" user="hanzlan" uid="629849" lat="47.7810080" lon="106.9431290"/>
 <node id="10082834960" visible="true" version="1" changeset="127174573" timestamp="2022-10-07T22:15:43Z" user="hanzlan" uid="629849" lat="47.7742250" lon="106.9444300"/>
 <node id="10082835062" visible="true" version="1" changeset="127174573" timestamp="2022-10-07T22:15:43Z" user="hanzlan" uid="629849" lat="47.7608790" lon="106.9464750"/>
 <node id="10187536868" visible="true" version="2" changeset="144538185" timestamp="2023-11-28T08:53:33Z" user="Batubileg" uid="18216995" lat="47.9024990" lon="106.9287822">
  <tag k="highway" v="crossing"/>
 </node>
 <node id="10187548429" visible="true" version="1" changeset="128967938" timestamp="2022-11-16T04:14:37Z" user="Ochbayar Ganbold" uid="4727667" lat="47.9032726" lon="106.9285322">
  <tag k="highway" v="crossing"/>
 </node>
 <node id="10536616151" visible="true" version="1" changeset="131099399" timestamp="2023-01-10T09:59:51Z" user="MoldoveanuPeak" uid="17110706" lat="47.9024163" lon="106.9287491"/>
 <node id="10838624487" visible="true" version="1" changeset="135323147" timestamp="2023-04-25T01:14:33Z" user="LakeVostok" uid="16853710" lat="47.9016388" lon="106.9375362"/>
 <node id="10838624488" visible="true" version="1" changeset="135323147" timestamp="2023-04-25T01:14:33Z" user="LakeVostok" uid="16853710" lat="47.9017039" lon="106.9374975"/>
 <node id="10838624489" visible="true" version="1" changeset="135323147" timestamp="2023-04-25T01:14:33Z" user="LakeVostok" uid="16853710" lat="47.9021206" lon="106.9372460"/>
 <node id="10838624490" visible="true" version="1" changeset="135323147" timestamp="2023-04-25T01:14:33Z" user="LakeVostok" uid="16853710" lat="47.9021548" lon="106.9372165"/>
 <node id="10838624491" visible="true" version="1" changeset="135323147" timestamp="2023-04-25T01:14:33Z" user="LakeVostok" uid="16853710" lat="47.9021512" lon="106.9371387"/>
 <node id="10838624492" visible="true" version="1" changeset="135323147" timestamp="2023-04-25T01:14:33Z" user="LakeVostok" uid="16853710" lat="47.9018185" lon="106.9357735"/>
 <node id="10838624493" visible="true" version="1" changeset="135323147" timestamp="2023-04-25T01:14:33Z" user="LakeVostok" uid="16853710" lat="47.9018401" lon="106.9357118"/>
 <node id="10838624494" visible="true" version="1" changeset="135323147" timestamp="2023-04-25T01:14:33Z" user="LakeVostok" uid="16853710" lat="47.9018815" lon="106.9356850"/>
 <node id="10838624495" visible="true" version="1" changeset="135323147" timestamp="2023-04-25T01:14:33Z" user="LakeVostok" uid="16853710" lat="47.9025774" lon="106.9355750"/>
 <node id="10838624496" visible="true" version="1" changeset="135323147" timestamp="2023-04-25T01:14:33Z" user="LakeVostok" uid="16853710" lat="47.9027158" lon="106.9355428"/>
 <node id="10838624497" visible="true" version="1" changeset="135323147" timestamp="2023-04-25T01:14:33Z" user="LakeVostok" uid="16853710" lat="47.9028798" lon="106.9388402"/>
 <node id="10838624498" visible="true" version="1" changeset="135323147" timestamp="2023-04-25T01:14:33Z" user="LakeVostok" uid="16853710" lat="47.9028642" lon="106.9381647"/>
 <node id="10838624499" visible="true" version="1" changeset="135323147" timestamp="2023-04-25T01:14:33Z" user="LakeVostok" uid="16853710" lat="47.9025725" lon="106.9388826"/>
 <node id="10838624500" visible="true" version="1" changeset="135323147" timestamp="2023-04-25T01:14:33Z" user="LakeVostok" uid="16853710" lat="47.9025324" lon="106.9385388"/>
 <node id="10838624501" visible="true" version="1" changeset="135323147" timestamp="2023-04-25T01:14:33Z" user="LakeVostok" uid="16853710" lat="47.9024919" lon="106.9384155"/>
 <node id="10838624502" visible="true" version="1" changeset="135323147" timestamp="2023-04-25T01:14:33Z" user="LakeVostok" uid="16853710" lat="47.9023984" lon="106.9381097"/>
 <node id="10838624503" visible="true" version="1" changeset="135323147" timestamp="2023-04-25T01:14:33Z" user="LakeVostok" uid="16853710" lat="47.9023733" lon="106.9380909"/>
 <node id="10838624504" visible="true" version="1" changeset="135323147" timestamp="2023-04-25T01:14:33Z" user="LakeVostok" uid="16853710" lat="47.9023400" lon="106.9380936"/>
 <node id="10838650462" visible="true" version="1" changeset="135322929" timestamp="2023-04-25T01:00:39Z" user="LakeVostok" uid="16853710" lat="47.9007686" lon="106.9342483"/>
 <node id="10838650463" visible="true" version="1" changeset="135322929" timestamp="2023-04-25T01:00:39Z" user="LakeVostok" uid="16853710" lat="47.9008479" lon="106.9342058"/>
 <node id="10838650469" visible="true" version="1" changeset="135322929" timestamp="2023-04-25T01:00:39Z" user="LakeVostok" uid="16853710" lat="47.9024659" lon="106.9319969"/>
 <node id="10838650470" visible="true" version="1" changeset="135322929" timestamp="2023-04-25T01:00:39Z" user="LakeVostok" uid="16853710" lat="47.9025522" lon="106.9335178"/>
 <node id="10838650471" visible="true" version="1" changeset="135322929" timestamp="2023-04-25T01:00:39Z" user="LakeVostok" uid="16853710" lat="47.9025342" lon="106.9335848"/>
 <node id="10838650472" visible="true" version="1" changeset="135322929" timestamp="2023-04-25T01:00:39Z" user="LakeVostok" uid="16853710" lat="47.9024928" lon="106.9336197"/>
 <node id="10838650473" visible="true" version="1" changeset="135322929" timestamp="2023-04-25T01:00:39Z" user="LakeVostok" uid="16853710" lat="47.9012629" lon="106.9337417"/>
 <node id="10838650474" visible="true" version="1" changeset="135322929" timestamp="2023-04-25T01:00:39Z" user="LakeVostok" uid="16853710" lat="47.9012305" lon="106.9337310"/>
 <node id="10838650475" visible="true" version="1" changeset="135322929" timestamp="2023-04-25T01:00:39Z" user="LakeVostok" uid="16853710" lat="47.9012161" lon="106.9337015"/>
 <node id="10838650476" visible="true" version="1" changeset="135322929" timestamp="2023-04-25T01:00:39Z" user="LakeVostok" uid="16853710" lat="47.9022051" lon="106.9321445"/>
 <node id="10838650477" visible="true" version="1" changeset="135322929" timestamp="2023-04-25T01:00:39Z" user="LakeVostok" uid="16853710" lat="47.9021548" lon="106.9321176"/>
 <node id="10838650478" visible="true" version="1" changeset="135322929" timestamp="2023-04-25T01:00:39Z" user="LakeVostok" uid="16853710" lat="47.9016855" lon="106.9321740"/>
 <node id="10838650479" visible="true" version="1" changeset="135322929" timestamp="2023-04-25T01:00:39Z" user="LakeVostok" uid="16853710" lat="47.9016567" lon="106.9322357"/>
 <node id="10838650480" visible="true" version="1" changeset="135322929" timestamp="2023-04-25T01:00:39Z" user="LakeVostok" uid="16853710" lat="47.9016513" lon="106.9323054"/>
 <node id="10838650481" visible="true" version="1" changeset="135322929" timestamp="2023-04-25T01:00:39Z" user="LakeVostok" uid="16853710" lat="47.9017017" lon="106.9332933"/>
 <node id="10838679805" visible="true" version="1" changeset="135323147" timestamp="2023-04-25T01:14:33Z" user="LakeVostok" uid="16853710" lat="47.9019196" lon="106.9383257"/>
 <node id="10838679806" visible="true" version="1" changeset="135323147" timestamp="2023-04-25T01:14:33Z" user="LakeVostok" uid="16853710" lat="47.9018587" lon="106.9383674"/>
 <node id="10838679810" visible="true" version="1" changeset="135323147" timestamp="2023-04-25T01:14:33Z" user="LakeVostok" uid="16853710" lat="47.9040932" lon="106.9413364"/>
 <node id="10838679811" visible="true" version="1" changeset="135323147" timestamp="2023-04-25T01:14:33Z" user="LakeVostok" uid="16853710" lat="47.9040702" lon="106.9409413"/>
 <node id="10838679812" visible="true" version="1" changeset="135323147" timestamp="2023-04-25T01:14:33Z" user="LakeVostok" uid="16853710" lat="47.9040752" lon="106.9407544"/>
 <node id="10838679813" visible="true" version="1" changeset="135323147" timestamp="2023-04-25T01:14:33Z" user="LakeVostok" uid="16853710" lat="47.9040932" lon="106.9407141"/>
 <node id="10838679814" visible="true" version="1" changeset="135323147" timestamp="2023-04-25T01:14:33Z" user="LakeVostok" uid="16853710" lat="47.9041255" lon="106.9407034"/>
 <node id="10838679815" visible="true" version="1" changeset="135323147" timestamp="2023-04-25T01:14:33Z" user="LakeVostok" uid="16853710" lat="47.9042334" lon="106.9407007"/>
 <node id="10838679816" visible="true" version="1" changeset="135323147" timestamp="2023-04-25T01:14:33Z" user="LakeVostok" uid="16853710" lat="47.9028263" lon="106.9410768"/>
 <node id="10838679817" visible="true" version="1" changeset="135323147" timestamp="2023-04-25T01:14:33Z" user="LakeVostok" uid="16853710" lat="47.9028219" lon="106.9408321"/>
 <node id="10838679818" visible="true" version="1" changeset="135323147" timestamp="2023-04-25T01:14:33Z" user="LakeVostok" uid="16853710" lat="47.9028363" lon="106.9407061"/>
 <node id="10838679819" visible="true" version="1" changeset="135323147" timestamp="2023-04-25T01:14:33Z" user="LakeVostok" uid="16853710" lat="47.9028740" lon="106.9406176"/>
 <node id="10838679820" visible="true" version="1" changeset="135323147" timestamp="2023-04-25T01:14:33Z" user="LakeVostok" uid="16853710" lat="47.9031528" lon="106.9405927"/>
 <node id="10838679821" visible="true" version="1" changeset="135323147" timestamp="2023-04-25T01:14:33Z" user="LakeVostok" uid="16853710" lat="47.9031060" lon="106.9393167"/>
 <node id="10838679822" visible="true" version="1" changeset="135323147" timestamp="2023-04-25T01:14:33Z" user="LakeVostok" uid="16853710" lat="47.9030862" lon="106.9392362"/>
 <node id="10838679823" visible="true" version="1" changeset="135323147" timestamp="2023-04-25T01:14:33Z" user="LakeVostok" uid="16853710" lat="47.9030485" lon="106.9392148"/>
 <node id="10838679824" visible="true" version="1" changeset="135323147" timestamp="2023-04-25T01:14:33Z" user="LakeVostok" uid="16853710" lat="47.9027554" lon="106.9392604"/>
 <node id="10838679825" visible="true" version="1" changeset="135323147" timestamp="2023-04-25T01:14:33Z" user="LakeVostok" uid="16853710" lat="47.9026565" lon="106.9393301"/>
 <node id="10838679826" visible="true" version="1" changeset="135323147" timestamp="2023-04-25T01:14:33Z" user="LakeVostok" uid="16853710" lat="47.9025450" lon="106.9393730"/>
 <node id="10838679827" visible="true" version="1" changeset="135323147" timestamp="2023-04-25T01:14:33Z" user="LakeVostok" uid="16853710" lat="47.9024479" lon="106.9393060"/>
 <node id="10838679828" visible="true" version="1" changeset="135323147" timestamp="2023-04-25T01:14:33Z" user="LakeVostok" uid="16853710" lat="47.9023796" lon="106.9392014"/>
 <node id="10838679829" visible="true" version="1" changeset="135323147" timestamp="2023-04-25T01:14:33Z" user="LakeVostok" uid="16853710" lat="47.9023087" lon="106.9389190"/>
 <node id="10838679830" visible="true" version="1" changeset="135323147" timestamp="2023-04-25T01:14:33Z" user="LakeVostok" uid="16853710" lat="47.9035381" lon="106.9410046"/>
 <node id="10838679831" visible="true" version="1" changeset="135323147" timestamp="2023-04-25T01:14:33Z" user="LakeVostok" uid="16853710" lat="47.9035250" lon="106.9407839"/>
 <node id="10838679832" visible="true" version="1" changeset="135323147" timestamp="2023-04-25T01:14:33Z" user="LakeVostok" uid="16853710" lat="47.9035016" lon="106.9406390"/>
 <node id="10838679833" visible="true" version="1" changeset="135323147" timestamp="2023-04-25T01:14:33Z" user="LakeVostok" uid="16853710" lat="47.9034656" lon="106.9405881"/>
 <node id="10838679834" visible="true" version="1" changeset="135323147" timestamp="2023-04-25T01:14:33Z" user="LakeVostok" uid="16853710" lat="47.9031060" lon="106.9405934"/>
 <node id="10838679835" visible="true" version="1" changeset="135323147" timestamp="2023-04-25T01:14:33Z" user="LakeVostok" uid="16853710" lat="47.9033819" lon="106.9387709"/>
 <node id="10838679836" visible="true" version="1" changeset="135323147" timestamp="2023-04-25T01:14:33Z" user="LakeVostok" uid="16853710" lat="47.9034404" lon="106.9402823"/>
 <node id="10838679837" visible="true" version="1" changeset="135323147" timestamp="2023-04-25T01:14:33Z" user="LakeVostok" uid="16853710" lat="47.9034530" lon="106.9403681"/>
 <node id="10838679838" visible="true" version="1" changeset="135323147" timestamp="2023-04-25T01:14:33Z" user="LakeVostok" uid="16853710" lat="47.9034944" lon="106.9403976"/>
 <node id="10838679839" visible="true" version="1" changeset="135323147" timestamp="2023-04-25T01:14:33Z" user="LakeVostok" uid="16853710" lat="47.9035915" lon="106.9404432"/>
 <node id="10838679840" visible="true" version="1" changeset="135323147" timestamp="2023-04-25T01:14:33Z" user="LakeVostok" uid="16853710" lat="47.9036490" lon="106.9405237"/>
 <node id="10838679841" visible="true" version="1" changeset="135323147" timestamp="2023-04-25T01:14:33Z" user="LakeVostok" uid="16853710" lat="47.9036742" lon="106.9406605"/>
 <node id="10838679842" visible="true" version="1" changeset="135323147" timestamp="2023-04-25T01:14:33Z" user="LakeVostok" uid="16853710" lat="47.9037245" lon="106.9416448"/>
 <node id="10838679848" visible="true" version="1" changeset="135323147" timestamp="2023-04-25T01:14:33Z" user="LakeVostok" uid="16853710" lat="47.9037426" lon="106.9436144"/>
 <node id="10838679853" visible="true" version="1" changeset="135323147" timestamp="2023-04-25T01:14:33Z" user="LakeVostok" uid="16853710" lat="47.9047573" lon="106.9428626"/>
 <node id="10838679862" visible="true" version="1" changeset="135323147" timestamp="2023-04-25T01:14:33Z" user="LakeVostok" uid="16853710" lat="47.9031881" lon="106.9435058"/>
 <node id="10904458481" visible="true" version="1" changeset="136195518" timestamp="2023-05-17T06:25:49Z" user="Batuyanga" uid="8684333" lat="47.9034923" lon="106.9412403"/>
 <node id="10980044511" visible="true" version="1" changeset="137396783" timestamp="2023-06-16T05:12:59Z" user="LakeVostok" uid="16853710" lat="47.9048645" lon="106.9422911"/>
 <node id="10980044516" visible="true" version="1" changeset="137396783" timestamp="2023-06-16T05:12:59Z" user="LakeVostok" uid="16853710" lat="47.9048242" lon="106.9417590"/>
 <node id="10980044517" visible="true" version="1" changeset="137396783" timestamp="2023-06-16T05:12:59Z" user="LakeVostok" uid="16853710" lat="47.9048662" lon="106.9417590"/>
 <node id="10980044530" visible="true" version="1" changeset="137396783" timestamp="2023-06-16T05:12:59Z" user="LakeVostok" uid="16853710" lat="47.9048251" lon="106.9422934"/>
 <node id="10980044531" visible="true" version="1" changeset="137396783" timestamp="2023-06-16T05:12:59Z" user="LakeVostok" uid="16853710" lat="47.9052332" lon="106.9407297"/>
 <node id="10980044532" visible="true" version="1" changeset="137396783" timestamp="2023-06-16T05:12:59Z" user="LakeVostok" uid="16853710" lat="47.9052133" lon="106.9407792"/>
 <node id="10980044533" visible="true" version="1" changeset="137396783" timestamp="2023-06-16T05:12:59Z" user="LakeVostok" uid="16853710" lat="47.9052377" lon="106.9411982"/>
 <node id="10980044534" visible="true" version="1" changeset="137396783" timestamp="2023-06-16T05:12:59Z" user="LakeVostok" uid="16853710" lat="47.9052686" lon="106.9412279"/>
 <node id="10980044535" visible="true" version="1" changeset="137396783" timestamp="2023-06-16T05:12:59Z" user="LakeVostok" uid="16853710" lat="47.9054831" lon="106.9412147"/>
 <node id="10980044536" visible="true" version="1" changeset="137396783" timestamp="2023-06-16T05:12:59Z" user="LakeVostok" uid="16853710" lat="47.9055163" lon="106.9411487"/>
 <node id="10980044537" visible="true" version="1" changeset="137396783" timestamp="2023-06-16T05:12:59Z" user="LakeVostok" uid="16853710" lat="47.9054920" lon="106.9407429"/>
 <node id="10980044538" visible="true" version="1" changeset="137396783" timestamp="2023-06-16T05:12:59Z" user="LakeVostok" uid="16853710" lat="47.9054610" lon="106.9407132"/>
 <node id="10980044539" visible="true" version="1" changeset="137396783" timestamp="2023-06-16T05:12:59Z" user="LakeVostok" uid="16853710" lat="47.9053704" lon="106.9407132"/>
 <node id="10980044540" visible="true" version="1" changeset="137396783" timestamp="2023-06-16T05:12:59Z" user="LakeVostok" uid="16853710" lat="47.9053608" lon="106.9403939"/>
 <node id="10980044578" visible="true" version="1" changeset="137396783" timestamp="2023-06-16T05:12:59Z" user="LakeVostok" uid="16853710" lat="47.9049347" lon="106.9313277"/>
 <node id="10980044579" visible="true" version="1" changeset="137396783" timestamp="2023-06-16T05:12:59Z" user="LakeVostok" uid="16853710" lat="47.9056711" lon="106.9312683"/>
 <node id="10980044580" visible="true" version="1" changeset="137396783" timestamp="2023-06-16T05:12:59Z" user="LakeVostok" uid="16853710" lat="47.9057109" lon="106.9312518"/>
 <node id="10980044581" visible="true" version="1" changeset="137396783" timestamp="2023-06-16T05:12:59Z" user="LakeVostok" uid="16853710" lat="47.9057264" lon="106.9311826"/>
 <node id="10980044582" visible="true" version="1" changeset="137396783" timestamp="2023-06-16T05:12:59Z" user="LakeVostok" uid="16853710" lat="47.9056583" lon="106.9295351"/>
 <node id="10980044583" visible="true" version="1" changeset="137396783" timestamp="2023-06-16T05:12:59Z" user="LakeVostok" uid="16853710" lat="47.9026590" lon="106.9338316"/>
 <node id="10980044584" visible="true" version="1" changeset="137396783" timestamp="2023-06-16T05:12:59Z" user="LakeVostok" uid="16853710" lat="47.9026878" lon="106.9338778"/>
 <node id="10980044585" visible="true" version="1" changeset="137396783" timestamp="2023-06-16T05:12:59Z" user="LakeVostok" uid="16853710" lat="47.9027342" lon="106.9338877"/>
 <node id="10980044586" visible="true" version="1" changeset="137396783" timestamp="2023-06-16T05:12:59Z" user="LakeVostok" uid="16853710" lat="47.9044957" lon="106.9337435"/>
 <node id="10980044588" visible="true" version="1" changeset="137396783" timestamp="2023-06-16T05:12:59Z" user="LakeVostok" uid="16853710" lat="47.9037987" lon="106.9284158"/>
 <node id="10980044592" visible="true" version="1" changeset="137396783" timestamp="2023-06-16T05:12:59Z" user="LakeVostok" uid="16853710" lat="47.9042759" lon="106.9292856"/>
 <node id="10980044593" visible="true" version="1" changeset="137396783" timestamp="2023-06-16T05:12:59Z" user="LakeVostok" uid="16853710" lat="47.9043165" lon="106.9292792"/>
 <node id="10980044594" visible="true" version="1" changeset="137396783" timestamp="2023-06-16T05:12:59Z" user="LakeVostok" uid="16853710" lat="47.9042275" lon="106.9299014"/>
 <node id="10980044595" visible="true" version="1" changeset="137396783" timestamp="2023-06-16T05:12:59Z" user="LakeVostok" uid="16853710" lat="47.9042500" lon="106.9303059"/>
 <node id="10980044596" visible="true" version="1" changeset="137396783" timestamp="2023-06-16T05:12:59Z" user="LakeVostok" uid="16853710" lat="47.9042708" lon="106.9307053"/>
 <node id="10980044597" visible="true" version="1" changeset="137396783" timestamp="2023-06-16T05:12:59Z" user="LakeVostok" uid="16853710" lat="47.9042847" lon="106.9311057"/>
 <node id="10980044598" visible="true" version="1" changeset="137396783" timestamp="2023-06-16T05:12:59Z" user="LakeVostok" uid="16853710" lat="47.9034254" lon="106.9303972"/>
 <node id="10980044599" visible="true" version="1" changeset="137396783" timestamp="2023-06-16T05:12:59Z" user="LakeVostok" uid="16853710" lat="47.9043314" lon="106.9302969"/>
 <node id="10980044600" visible="true" version="1" changeset="137396783" timestamp="2023-06-16T05:12:59Z" user="LakeVostok" uid="16853710" lat="47.9043683" lon="106.9302921"/>
 <node id="10980044601" visible="true" version="1" changeset="137396783" timestamp="2023-06-16T05:12:59Z" user="LakeVostok" uid="16853710" lat="47.9034410" lon="106.9307736"/>
 <node id="10980044602" visible="true" version="1" changeset="137396783" timestamp="2023-06-16T05:12:59Z" user="LakeVostok" uid="16853710" lat="47.9043469" lon="106.9306990"/>
 <node id="10980044603" visible="true" version="1" changeset="137396783" timestamp="2023-06-16T05:12:59Z" user="LakeVostok" uid="16853710" lat="47.9043882" lon="106.9306958"/>
 <node id="10980044604" visible="true" version="1" changeset="137396783" timestamp="2023-06-16T05:12:59Z" user="LakeVostok" uid="16853710" lat="47.9034659" lon="106.9313351"/>
 <node id="10980046205" visible="true" version="1" changeset="137396783" timestamp="2023-06-16T05:12:59Z" user="LakeVostok" uid="16853710" lat="47.9035335" lon="106.9325745"/>
 <node id="10980046206" visible="true" version="1" changeset="137396783" timestamp="2023-06-16T05:12:59Z" user="LakeVostok" uid="16853710" lat="47.9028251" lon="106.9314139"/>
 <node id="10980046207" visible="true" version="1" changeset="137396783" timestamp="2023-06-16T05:12:59Z" user="LakeVostok" uid="16853710" lat="47.9029100" lon="106.9326525"/>
 <node id="10980046220" visible="true" version="1" changeset="137396783" timestamp="2023-06-16T05:12:59Z" user="LakeVostok" uid="16853710" lat="47.9028491" lon="106.9371102"/>
 <node id="10980046221" visible="true" version="1" changeset="137396783" timestamp="2023-06-16T05:12:59Z" user="LakeVostok" uid="16853710" lat="47.9039509" lon="106.9373062"/>
 <node id="10980046222" visible="true" version="1" changeset="137396783" timestamp="2023-06-16T05:12:59Z" user="LakeVostok" uid="16853710" lat="47.9039260" lon="106.9368160"/>
 <node id="10980046228" visible="true" version="1" changeset="137396783" timestamp="2023-06-16T05:12:59Z" user="LakeVostok" uid="16853710" lat="47.9031765" lon="106.9364345"/>
 <node id="10980046229" visible="true" version="1" changeset="137396783" timestamp="2023-06-16T05:12:59Z" user="LakeVostok" uid="16853710" lat="47.9031212" lon="106.9354312"/>
 <node id="11058012046" visible="true" version="1" changeset="138794444" timestamp="2023-07-21T05:46:06Z" user="LakeVostok" uid="16853710" lat="47.9057771" lon="106.9369269"/>
 <node id="11058012047" visible="true" version="1" changeset="138794444" timestamp="2023-07-21T05:46:06Z" user="LakeVostok" uid="16853710" lat="47.9057531" lon="106.9368748"/>
 <node id="11058012048" visible="true" version="1" changeset="138794444" timestamp="2023-07-21T05:46:06Z" user="LakeVostok" uid="16853710" lat="47.9056988" lon="106.9357545"/>
 <node id="11058012049" visible="true" version="1" changeset="138794444" timestamp="2023-07-21T05:46:06Z" user="LakeVostok" uid="16853710" lat="47.9056964" lon="106.9357044"/>
 <node id="11058012066" visible="true" version="1" changeset="138794444" timestamp="2023-07-21T05:46:06Z" user="LakeVostok" uid="16853710" lat="47.9067588" lon="106.9432542"/>
 <node id="11058012067" visible="true" version="1" changeset="138794444" timestamp="2023-07-21T05:46:06Z" user="LakeVostok" uid="16853710" lat="47.9061814" lon="106.9403129"/>
 <node id="11058012068" visible="true" version="1" changeset="138794444" timestamp="2023-07-21T05:46:06Z" user="LakeVostok" uid="16853710" lat="47.9059444" lon="106.9413367"/>
 <node id="11058012069" visible="true" version="1" changeset="138794444" timestamp="2023-07-21T05:46:06Z" user="LakeVostok" uid="16853710" lat="47.9062013" lon="106.9413188"/>
 <node id="11225108353" visible="true" version="1" changeset="141867524" timestamp="2023-09-28T14:35:48Z" user="Idre" uid="20307712" lat="47.9032495" lon="106.9317156">
  <tag k="addr:city" v="Улаанбаатар"/>
  <tag k="addr:housenumber" v="216-р байр"/>
  <tag k="addr:street" v="Хүннүгийн гудамж"/>
  <tag k="name" v="Bukh undes"/>
  <tag k="name:mn" v="Бөх Үндэс"/>
  <tag k="shop" v="supermarket"/>
 </node>
 <node id="11328669711" visible="true" version="1" changeset="143676951" timestamp="2023-11-06T05:48:30Z" user="LakeTumba" uid="19895058" lat="47.9068233" lon="106.9311026"/>
 <node id="11328669713" visible="true" version="1" changeset="143676951" timestamp="2023-11-06T05:48:30Z" user="LakeTumba" uid="19895058" lat="47.9074276" lon="106.9303041"/>
 <node id="11357399094" visible="true" version="1" changeset="144120676" timestamp="2023-11-17T03:40:28Z" user="Batubileg" uid="18216995" lat="47.8927697" lon="106.9379051"/>
 <node id="11357399095" visible="true" version="1" changeset="144120676" timestamp="2023-11-17T03:40:28Z" user="Batubileg" uid="18216995" lat="47.8928719" lon="106.9377059"/>
 <node id="11357399096" visible="true" version="1" changeset="144120676" timestamp="2023-11-17T03:40:28Z" user="Batubileg" uid="18216995" lat="47.8926906" lon="106.9372486"/>
 <node id="11357399097" visible="true" version="1" changeset="144120676" timestamp="2023-11-17T03:40:28Z" user="Batubileg" uid="18216995" lat="47.8923512" lon="106.9374966"/>
 <node id="11357399098" visible="true" version="1" changeset="144120676" timestamp="2023-11-17T03:40:28Z" user="Batubileg" uid="18216995" lat="47.8923212" lon="106.9375047"/>
 <node id="11357399099" visible="true" version="1" changeset="144120676" timestamp="2023-11-17T03:40:28Z" user="Batubileg" uid="18216995" lat="47.8922926" lon="106.9374986"/>
 <node id="11357399100" visible="true" version="1" changeset="144120676" timestamp="2023-11-17T03:40:28Z" user="Batubileg" uid="18216995" lat="47.8922763" lon="106.9374742"/>
 <node id="11357399101" visible="true" version="1" changeset="144120676" timestamp="2023-11-17T03:40:28Z" user="Batubileg" uid="18216995" lat="47.8922299" lon="106.9373563"/>
 <node id="11357399102" visible="true" version="1" changeset="144120676" timestamp="2023-11-17T03:40:28Z" user="Batubileg" uid="18216995" lat="47.8926470" lon="106.9370067"/>
 <node id="11357399103" visible="true" version="1" changeset="144120676" timestamp="2023-11-17T03:40:28Z" user="Batubileg" uid="18216995" lat="47.8927479" lon="106.9369701"/>
 <node id="11357399104" visible="true" version="1" changeset="144120676" timestamp="2023-11-17T03:40:28Z" user="Batubileg" uid="18216995" lat="47.8930109" lon="106.9367485"/>
 <node id="11357399105" visible="true" version="1" changeset="144120676" timestamp="2023-11-17T03:40:28Z" user="Batubileg" uid="18216995" lat="47.8931104" lon="106.9366144"/>
 <node id="11357399106" visible="true" version="1" changeset="144120676" timestamp="2023-11-17T03:40:28Z" user="Batubileg" uid="18216995" lat="47.8932753" lon="106.9364802"/>
 <node id="11357399107" visible="true" version="1" changeset="144120676" timestamp="2023-11-17T03:40:28Z" user="Batubileg" uid="18216995" lat="47.8934430" lon="106.9363338"/>
 <node id="11357399108" visible="true" version="1" changeset="144120676" timestamp="2023-11-17T03:40:28Z" user="Batubileg" uid="18216995" lat="47.8936774" lon="106.9361387"/>
 <node id="11357399109" visible="true" version="1" changeset="144120676" timestamp="2023-11-17T03:40:28Z" user="Batubileg" uid="18216995" lat="47.8937783" lon="106.9360574"/>
 <node id="11357399110" visible="true" version="1" changeset="144120676" timestamp="2023-11-17T03:40:28Z" user="Batubileg" uid="18216995" lat="47.8938982" lon="106.9359558"/>
 <node id="11357399111" visible="true" version="1" changeset="144120676" timestamp="2023-11-17T03:40:28Z" user="Batubileg" uid="18216995" lat="47.8947909" lon="106.9351975"/>
 <node id="11357399112" visible="true" version="1" changeset="144120676" timestamp="2023-11-17T03:40:28Z" user="Batubileg" uid="18216995" lat="47.8954104" lon="106.9346691"/>
 <node id="11357399113" visible="true" version="1" changeset="144120676" timestamp="2023-11-17T03:40:28Z" user="Batubileg" uid="18216995" lat="47.8958302" lon="106.9343113"/>
 <node id="11357399114" visible="true" version="1" changeset="144120676" timestamp="2023-11-17T03:40:28Z" user="Batubileg" uid="18216995" lat="47.8963917" lon="106.9338397"/>
 <node id="11357399115" visible="true" version="1" changeset="144120676" timestamp="2023-11-17T03:40:28Z" user="Batubileg" uid="18216995" lat="47.8965757" lon="106.9336812"/>
 <node id="11357399116" visible="true" version="1" changeset="144120676" timestamp="2023-11-17T03:40:28Z" user="Batubileg" uid="18216995" lat="47.8966820" lon="106.9335938"/>
 <node id="11357399117" visible="true" version="1" changeset="144120676" timestamp="2023-11-17T03:40:28Z" user="Batubileg" uid="18216995" lat="47.8967951" lon="106.9335063"/>
 <node id="11357399118" visible="true" version="1" changeset="144120676" timestamp="2023-11-17T03:40:28Z" user="Batubileg" uid="18216995" lat="47.8968864" lon="106.9334250"/>
 <node id="11357399119" visible="true" version="1" changeset="144120676" timestamp="2023-11-17T03:40:28Z" user="Batubileg" uid="18216995" lat="47.8969955" lon="106.9333417"/>
 <node id="11357399120" visible="true" version="1" changeset="144120676" timestamp="2023-11-17T03:40:28Z" user="Batubileg" uid="18216995" lat="47.8976755" lon="106.9327461"/>
 <node id="11357399121" visible="true" version="1" changeset="144120676" timestamp="2023-11-17T03:40:28Z" user="Batubileg" uid="18216995" lat="47.8983529" lon="106.9321818"/>
 <node id="11357399122" visible="true" version="1" changeset="144120676" timestamp="2023-11-17T03:40:28Z" user="Batubileg" uid="18216995" lat="47.8987903" lon="106.9318118"/>
 <node id="11357399123" visible="true" version="1" changeset="144120676" timestamp="2023-11-17T03:40:28Z" user="Batubileg" uid="18216995" lat="47.8989702" lon="106.9317122"/>
 <node id="11357399124" visible="true" version="1" changeset="144120676" timestamp="2023-11-17T03:40:28Z" user="Batubileg" uid="18216995" lat="47.8996244" lon="106.9311737"/>
 <node id="11357399125" visible="true" version="1" changeset="144120676" timestamp="2023-11-17T03:40:28Z" user="Batubileg" uid="18216995" lat="47.8996775" lon="106.9311635"/>
 <node id="11357399126" visible="true" version="1" changeset="144120676" timestamp="2023-11-17T03:40:28Z" user="Batubileg" uid="18216995" lat="47.8997350" lon="106.9311725"/>
 <node id="11357399127" visible="true" version="1" changeset="144120676" timestamp="2023-11-17T03:40:28Z" user="Batubileg" uid="18216995" lat="47.8997797" lon="106.9312103"/>
 <node id="11357399128" visible="true" version="1" changeset="144120676" timestamp="2023-11-17T03:40:28Z" user="Batubileg" uid="18216995" lat="47.8998152" lon="106.9312835"/>
 <node id="11357399129" visible="true" version="1" changeset="144120676" timestamp="2023-11-17T03:40:28Z" user="Batubileg" uid="18216995" lat="47.8999733" lon="106.9317977"/>
 <node id="11357399130" visible="true" version="1" changeset="144120676" timestamp="2023-11-17T03:40:28Z" user="Batubileg" uid="18216995" lat="47.9003180" lon="106.9330621"/>
 <node id="11357399131" visible="true" version="1" changeset="144120676" timestamp="2023-11-17T03:40:28Z" user="Batubileg" uid="18216995" lat="47.9008089" lon="106.9349354"/>
 <node id="11357399132" visible="true" version="1" changeset="144120676" timestamp="2023-11-17T03:40:28Z" user="Batubileg" uid="18216995" lat="47.9012347" lon="106.9365442"/>
 <node id="11357399133" visible="true" version="1" changeset="144120676" timestamp="2023-11-17T03:40:28Z" user="Batubileg" uid="18216995" lat="47.9016532" lon="106.9381390"/>
 <node id="11357399134" visible="true" version="1" changeset="144120676" timestamp="2023-11-17T03:40:28Z" user="Batubileg" uid="18216995" lat="47.9020868" lon="106.9397898"/>
 <node id="11357399135" visible="true" version="1" changeset="144120676" timestamp="2023-11-17T03:40:28Z" user="Batubileg" uid="18216995" lat="47.9022550" lon="106.9405394"/>
 <node id="11357399136" visible="true" version="1" changeset="144120676" timestamp="2023-11-17T03:40:28Z" user="Batubileg" uid="18216995" lat="47.8928260" lon="106.9375902"/>
 <node id="11359835722" visible="true" version="1" changeset="144170037" timestamp="2023-11-18T11:14:50Z" user="Batubileg" uid="18216995" lat="47.9017910" lon="106.9386635"/>
 <node id="11381001290" visible="true" version="1" changeset="144538313" timestamp="2023-11-28T08:56:44Z" user="Batubileg" uid="18216995" lat="47.9042563" lon="106.9283481"/>
 <node id="11601608024" visible="true" version="2" changeset="157545687" timestamp="2024-10-06T15:22:45Z" user="saruul04" uid="21972502" lat="47.9067785" lon="106.9294061"/>
 <node id="11809829952" visible="true" version="2" changeset="154023728" timestamp="2024-07-16T16:29:12Z" user="Saruul Gan" uid="3328620" lat="47.9037775" lon="106.9288275"/>
 <node id="11809829953" visible="true" version="2" changeset="154023728" timestamp="2024-07-16T16:29:12Z" user="Saruul Gan" uid="3328620" lat="47.9038149" lon="106.9296514"/>
 <node id="11809829954" visible="true" version="2" changeset="154023728" timestamp="2024-07-16T16:29:12Z" user="Saruul Gan" uid="3328620" lat="47.9035130" lon="106.9296818"/>
 <node id="11809829955" visible="true" version="2" changeset="154023728" timestamp="2024-07-16T16:29:12Z" user="Saruul Gan" uid="3328620" lat="47.9035041" lon="106.9294855"/>
 <node id="11809829956" visible="true" version="2" changeset="154023728" timestamp="2024-07-16T16:29:12Z" user="Saruul Gan" uid="3328620" lat="47.9036088" lon="106.9294749"/>
 <node id="11809829957" visible="true" version="2" changeset="154023728" timestamp="2024-07-16T16:29:12Z" user="Saruul Gan" uid="3328620" lat="47.9035894" lon="106.9290459"/>
 <node id="11809829958" visible="true" version="2" changeset="154023728" timestamp="2024-07-16T16:29:12Z" user="Saruul Gan" uid="3328620" lat="47.9034676" lon="106.9290581"/>
 <node id="11809829959" visible="true" version="2" changeset="154023728" timestamp="2024-07-16T16:29:12Z" user="Saruul Gan" uid="3328620" lat="47.9027873" lon="106.9285332"/>
 <node id="11842958546" visible="true" version="1" changeset="150423446" timestamp="2024-04-24T05:11:16Z" user="unabold" uid="21291580" lat="47.9030071" lon="106.9306603"/>
 <node id="11842958547" visible="true" version="1" changeset="150423446" timestamp="2024-04-24T05:11:16Z" user="unabold" uid="21291580" lat="47.9030288" lon="106.9307736"/>
 <node id="11842958548" visible="true" version="1" changeset="150423446" timestamp="2024-04-24T05:11:16Z" user="unabold" uid="21291580" lat="47.9028841" lon="106.9307798"/>
 <node id="11842958549" visible="true" version="1" changeset="150423446" timestamp="2024-04-24T05:11:16Z" user="unabold" uid="21291580" lat="47.9028432" lon="106.9305662"/>
 <node id="12057572282" visible="true" version="1" changeset="154023728" timestamp="2024-07-16T16:29:12Z" user="Saruul Gan" uid="3328620" lat="47.9064940" lon="106.9303117"/>
 <node id="12057572283" visible="true" version="1" changeset="154023728" timestamp="2024-07-16T16:29:12Z" user="Saruul Gan" uid="3328620" lat="47.9069589" lon="106.9328364"/>
 <node id="12057572284" visible="true" version="1" changeset="154023728" timestamp="2024-07-16T16:29:12Z" user="Saruul Gan" uid="3328620" lat="47.9073478" lon="106.9329515"/>
 <node id="12057572285" visible="true" version="1" changeset="154023728" timestamp="2024-07-16T16:29:12Z" user="Saruul Gan" uid="3328620" lat="47.9076027" lon="106.9327706"/>
 <node id="12057572286" visible="true" version="1" changeset="154023728" timestamp="2024-07-16T16:29:12Z" user="Saruul Gan" uid="3328620" lat="47.9077910" lon="106.9327466"/>
 <node id="12057572287" visible="true" version="1" changeset="154023728" timestamp="2024-07-16T16:29:12Z" user="Saruul Gan" uid="3328620" lat="47.9059363" lon="106.9277254"/>
 <node id="12057572288" visible="true" version="1" changeset="154023728" timestamp="2024-07-16T16:29:12Z" user="Saruul Gan" uid="3328620" lat="47.9034586" lon="106.9288596"/>
 <node id="12057572290" visible="true" version="1" changeset="154023728" timestamp="2024-07-16T16:29:12Z" user="Saruul Gan" uid="3328620" lat="47.8918593" lon="106.9375457"/>
 <node id="12057572291" visible="true" version="1" changeset="154023728" timestamp="2024-07-16T16:29:12Z" user="Saruul Gan" uid="3328620" lat="47.8915252" lon="106.9378071"/>
 <node id="12057572292" visible="true" version="1" changeset="154023728" timestamp="2024-07-16T16:29:12Z" user="Saruul Gan" uid="3328620" lat="47.8894320" lon="106.9388330"/>
 <node id="12057572293" visible="true" version="1" changeset="154023728" timestamp="2024-07-16T16:29:12Z" user="Saruul Gan" uid="3328620" lat="47.8902947" lon="106.9385091"/>
 <node id="12057572367" visible="true" version="1" changeset="154023728" timestamp="2024-07-16T16:29:12Z" user="Saruul Gan" uid="3328620" lat="47.9057264" lon="106.9083132"/>
 <node id="12057591372" visible="true" version="1" changeset="154023728" timestamp="2024-07-16T16:29:12Z" user="Saruul Gan" uid="3328620" lat="47.8923914" lon="106.9384430"/>
 <node id="12057591373" visible="true" version="1" changeset="154023728" timestamp="2024-07-16T16:29:12Z" user="Saruul Gan" uid="3328620" lat="47.8926296" lon="106.9381284"/>
 <node id="12057591377" visible="true" version="1" changeset="154023728" timestamp="2024-07-16T16:29:12Z" user="Saruul Gan" uid="3328620" lat="47.9019014" lon="106.9390837"/>
 <node id="12057591378" visible="true" version="1" changeset="154023728" timestamp="2024-07-16T16:29:12Z" user="Saruul Gan" uid="3328620" lat="47.9018736" lon="106.9389781">
  <tag k="highway" v="crossing"/>
 </node>
 <node id="12057591380" visible="true" version="1" changeset="154023728" timestamp="2024-07-16T16:29:12Z" user="Saruul Gan" uid="3328620" lat="47.9021594" lon="106.9401133"/>
 <node id="12057591381" visible="true" version="1" changeset="154023728" timestamp="2024-07-16T16:29:12Z" user="Saruul Gan" uid="3328620" lat="47.9018150" lon="106.9386737">
  <tag k="highway" v="crossing"/>
 </node>
 <node id="12057591382" visible="true" version="1" changeset="154023728" timestamp="2024-07-16T16:29:12Z" user="Saruul Gan" uid="3328620" lat="47.9018986" lon="106.9389941">
  <tag k="highway" v="crossing"/>
 </node>
 <node id="12067885436" visible="true" version="1" changeset="154255887" timestamp="2024-07-22T10:35:10Z" user="Saruul Gan" uid="3328620" lat="47.9026909" lon="106.9338248"/>
 <node id="12067885437" visible="true" version="1" changeset="154255887" timestamp="2024-07-22T10:35:10Z" user="Saruul Gan" uid="3328620" lat="47.9026502" lon="106.9327134"/>
 <node id="12067885438" visible="true" version="1" changeset="154255887" timestamp="2024-07-22T10:35:10Z" user="Saruul Gan" uid="3328620" lat="47.9044010" lon="106.9325044"/>
 <node id="12067885439" visible="true" version="1" changeset="154255887" timestamp="2024-07-22T10:35:10Z" user="Saruul Gan" uid="3328620" lat="47.9044701" lon="106.9336505"/>
 <node id="12067885440" visible="true" version="1" changeset="154255887" timestamp="2024-07-22T10:35:10Z" user="Saruul Gan" uid="3328620" lat="47.9045953" lon="106.9400831"/>
 <node id="12067885441" visible="true" version="1" changeset="154255887" timestamp="2024-07-22T10:35:10Z" user="Saruul Gan" uid="3328620" lat="47.9045780" lon="106.9397165"/>
 <node id="12067885442" visible="true" version="1" changeset="154255887" timestamp="2024-07-22T10:35:10Z" user="Saruul Gan" uid="3328620" lat="47.9042885" lon="106.9397492"/>
 <node id="12067885443" visible="true" version="1" changeset="154255887" timestamp="2024-07-22T10:35:10Z" user="Saruul Gan" uid="3328620" lat="47.9043088" lon="106.9401134"/>
 <node id="12067885444" visible="true" version="1" changeset="154255887" timestamp="2024-07-22T10:35:10Z" user="Saruul Gan" uid="3328620" lat="47.9040157" lon="106.9389506"/>
 <node id="12067885445" visible="true" version="1" changeset="154255887" timestamp="2024-07-22T10:35:10Z" user="Saruul Gan" uid="3328620" lat="47.9040500" lon="106.9396275"/>
 <node id="12067885446" visible="true" version="1" changeset="154255887" timestamp="2024-07-22T10:35:10Z" user="Saruul Gan" uid="3328620" lat="47.9039038" lon="106.9396441"/>
 <node id="12067885447" visible="true" version="1" changeset="154255887" timestamp="2024-07-22T10:35:10Z" user="Saruul Gan" uid="3328620" lat="47.9038694" lon="106.9389671"/>
 <node id="12067885448" visible="true" version="1" changeset="154255887" timestamp="2024-07-22T10:35:10Z" user="Saruul Gan" uid="3328620" lat="47.9039531" lon="106.9389498"/>
 <node id="12067885449" visible="true" version="1" changeset="154255887" timestamp="2024-07-22T10:35:10Z" user="Saruul Gan" uid="3328620" lat="47.9035413" lon="106.9389929"/>
 <node id="12067885450" visible="true" version="1" changeset="154255887" timestamp="2024-07-22T10:35:10Z" user="Saruul Gan" uid="3328620" lat="47.9035314" lon="106.9387823"/>
 <node id="12067885451" visible="true" version="1" changeset="154255887" timestamp="2024-07-22T10:35:10Z" user="Saruul Gan" uid="3328620" lat="47.9039432" lon="106.9387393"/>
 <node id="12067885452" visible="true" version="1" changeset="154255887" timestamp="2024-07-22T10:35:10Z" user="Saruul Gan" uid="3328620" lat="47.9046238" lon="106.9388932"/>
 <node id="12067885453" visible="true" version="1" changeset="154255887" timestamp="2024-07-22T10:35:10Z" user="Saruul Gan" uid="3328620" lat="47.9046581" lon="106.9395702"/>
 <node id="12067885454" visible="true" version="1" changeset="154255887" timestamp="2024-07-22T10:35:10Z" user="Saruul Gan" uid="3328620" lat="47.9045120" lon="106.9395867"/>
 <node id="12067885455" visible="true" version="1" changeset="154255887" timestamp="2024-07-22T10:35:10Z" user="Saruul Gan" uid="3328620" lat="47.9044775" lon="106.9389098"/>
 <node id="12067885456" visible="true" version="1" changeset="154255887" timestamp="2024-07-22T10:35:10Z" user="Saruul Gan" uid="3328620" lat="47.9045612" lon="106.9388924"/>
 <node id="12067885457" visible="true" version="1" changeset="154255887" timestamp="2024-07-22T10:35:10Z" user="Saruul Gan" uid="3328620" lat="47.9041494" lon="106.9389355"/>
 <node id="12067885458" visible="true" version="1" changeset="154255887" timestamp="2024-07-22T10:35:10Z" user="Saruul Gan" uid="3328620" lat="47.9041395" lon="106.9387250"/>
 <node id="12067885459" visible="true" version="1" changeset="154255887" timestamp="2024-07-22T10:35:10Z" user="Saruul Gan" uid="3328620" lat="47.9045513" lon="106.9386820"/>
 <node id="12067885460" visible="true" version="1" changeset="154255887" timestamp="2024-07-22T10:35:10Z" user="Saruul Gan" uid="3328620" lat="47.9042098" lon="106.9373830"/>
 <node id="12067885461" visible="true" version="1" changeset="154255887" timestamp="2024-07-22T10:35:10Z" user="Saruul Gan" uid="3328620" lat="47.9042260" lon="106.9376596"/>
 <node id="12067885462" visible="true" version="1" changeset="154255887" timestamp="2024-07-22T10:35:10Z" user="Saruul Gan" uid="3328620" lat="47.9039544" lon="106.9376951"/>
 <node id="12067885463" visible="true" version="1" changeset="154255887" timestamp="2024-07-22T10:35:10Z" user="Saruul Gan" uid="3328620" lat="47.9039381" lon="106.9374185"/>
 <node id="12067885464" visible="true" version="1" changeset="154255887" timestamp="2024-07-22T10:35:10Z" user="Saruul Gan" uid="3328620" lat="47.9045432" lon="106.9376616"/>
 <node id="12067885465" visible="true" version="1" changeset="154255887" timestamp="2024-07-22T10:35:10Z" user="Saruul Gan" uid="3328620" lat="47.9045619" lon="106.9381444"/>
 <node id="12067885466" visible="true" version="1" changeset="154255887" timestamp="2024-07-22T10:35:10Z" user="Saruul Gan" uid="3328620" lat="47.9044363" lon="106.9381552"/>
 <node id="12067885467" visible="true" version="1" changeset="154255887" timestamp="2024-07-22T10:35:10Z" user="Saruul Gan" uid="3328620" lat="47.9044177" lon="106.9376724"/>
 <node id="12080194093" visible="true" version="1" changeset="154564064" timestamp="2024-07-29T13:51:05Z" user="KarooDesert" uid="21470671" lat="47.9032328" lon="106.9320385"/>
 <node id="12080194094" visible="true" version="1" changeset="154564064" timestamp="2024-07-29T13:51:05Z" user="KarooDesert" uid="21470671" lat="47.9032382" lon="106.9319822"/>
 <node id="12080194095" visible="true" version="1" changeset="154564064" timestamp="2024-07-29T13:51:05Z" user="KarooDesert" uid="21470671" lat="47.9032328" lon="106.9318628"/>
 <node id="12080194096" visible="true" version="1" changeset="154564064" timestamp="2024-07-29T13:51:05Z" user="KarooDesert" uid="21470671" lat="47.9030134" lon="106.9318749"/>
 <node id="12080194097" visible="true" version="1" changeset="154564064" timestamp="2024-07-29T13:51:05Z" user="KarooDesert" uid="21470671" lat="47.9029927" lon="106.9319487"/>
 <node id="12080194098" visible="true" version="1" changeset="154564064" timestamp="2024-07-29T13:51:05Z" user="KarooDesert" uid="21470671" lat="47.9029631" lon="106.9319943"/>
 <node id="12080194099" visible="true" version="1" changeset="154564064" timestamp="2024-07-29T13:51:05Z" user="KarooDesert" uid="21470671" lat="47.9029631" lon="106.9320650"/>
 <node id="12080194100" visible="true" version="1" changeset="154564064" timestamp="2024-07-29T13:51:05Z" user="KarooDesert" uid="21470671" lat="47.9032085" lon="106.9320613"/>
 <node id="12080194101" visible="true" version="1" changeset="154564064" timestamp="2024-07-29T13:51:05Z" user="KarooDesert" uid="21470671" lat="47.9031186" lon="106.9320747"/>
 <node id="12080194102" visible="true" version="1" changeset="154564064" timestamp="2024-07-29T13:51:05Z" user="KarooDesert" uid="21470671" lat="47.9029927" lon="106.9320640"/>
 <node id="12080194103" visible="true" version="1" changeset="154564064" timestamp="2024-07-29T13:51:05Z" user="KarooDesert" uid="21470671" lat="47.9028700" lon="106.9320684"/>
 <node id="12182870009" visible="true" version="1" changeset="156747226" timestamp="2024-09-17T20:57:13Z" user="Saruul Gan" uid="3328620" lat="47.9050458" lon="106.9374196"/>
 <node id="12182870010" visible="true" version="1" changeset="156747226" timestamp="2024-09-17T20:57:13Z" user="Saruul Gan" uid="3328620" lat="47.9050318" lon="106.9370742"/>
 <node id="12182870011" visible="true" version="1" changeset="156747226" timestamp="2024-09-17T20:57:13Z" user="Saruul Gan" uid="3328620" lat="47.9048797" lon="106.9370909"/>
 <node id="12182870012" visible="true" version="1" changeset="156747226" timestamp="2024-09-17T20:57:13Z" user="Saruul Gan" uid="3328620" lat="47.9048836" lon="106.9371850"/>
 <node id="12182870013" visible="true" version="1" changeset="156747226" timestamp="2024-09-17T20:57:13Z" user="Saruul Gan" uid="3328620" lat="47.9049009" lon="106.9371834"/>
 <node id="12182870014" visible="true" version="1" changeset="156747226" timestamp="2024-09-17T20:57:13Z" user="Saruul Gan" uid="3328620" lat="47.9049112" lon="106.9374320"/>
 <node id="12182870015" visible="true" version="1" changeset="156747226" timestamp="2024-09-17T20:57:13Z" user="Saruul Gan" uid="3328620" lat="47.9047895" lon="106.9359606"/>
 <node id="12182870016" visible="true" version="1" changeset="156747226" timestamp="2024-09-17T20:57:13Z" user="Saruul Gan" uid="3328620" lat="47.9047907" lon="106.9360199"/>
 <node id="12182870017" visible="true" version="1" changeset="156747226" timestamp="2024-09-17T20:57:13Z" user="Saruul Gan" uid="3328620" lat="47.9047812" lon="106.9360208"/>
 <node id="12182870018" visible="true" version="1" changeset="156747226" timestamp="2024-09-17T20:57:13Z" user="Saruul Gan" uid="3328620" lat="47.9048172" lon="106.9367341"/>
 <node id="12182870019" visible="true" version="1" changeset="156747226" timestamp="2024-09-17T20:57:13Z" user="Saruul Gan" uid="3328620" lat="47.9048822" lon="106.9367236"/>
 <node id="12182870020" visible="true" version="1" changeset="156747226" timestamp="2024-09-17T20:57:13Z" user="Saruul Gan" uid="3328620" lat="47.9048989" lon="106.9370889"/>
 <node id="12182870021" visible="true" version="1" changeset="156747226" timestamp="2024-09-17T20:57:13Z" user="Saruul Gan" uid="3328620" lat="47.9048633" lon="106.9366549">
  <tag k="amenity" v="fast_food"/>
  <tag k="cuisine" v="chicken"/>
  <tag k="name" v="Mom's touch"/>
 </node>
 <node id="12182870022" visible="true" version="1" changeset="156747226" timestamp="2024-09-17T20:57:13Z" user="Saruul Gan" uid="3328620" lat="47.9048279" lon="106.9360938">
  <tag k="name" v="CU"/>
  <tag k="shop" v="convenience"/>
 </node>
 <node id="12182870023" visible="true" version="1" changeset="156747226" timestamp="2024-09-17T20:57:13Z" user="Saruul Gan" uid="3328620" lat="47.9049138" lon="106.9368899">
  <tag k="name" v="GS25"/>
  <tag k="shop" v="convenience"/>
 </node>
 <node id="12182870024" visible="true" version="1" changeset="156747226" timestamp="2024-09-17T20:57:13Z" user="Saruul Gan" uid="3328620" lat="47.9048543" lon="106.9364369">
  <tag k="name" v="НАШ"/>
  <tag k="shop" v="supermarket"/>
 </node>
 <node id="12182870025" visible="true" version="1" changeset="156747226" timestamp="2024-09-17T20:57:13Z" user="Saruul Gan" uid="3328620" lat="47.9045474" lon="106.9365214">
  <tag k="amenity" v="restaurant"/>
  <tag k="brand" v="Pizza Hut"/>
  <tag k="brand:wikidata" v="Q191615"/>
  <tag k="cuisine" v="pizza"/>
  <tag k="name" v="Pizza Hut"/>
 </node>
 <node id="12193708031" visible="true" version="2" changeset="164010763" timestamp="2025-03-24T01:19:23Z" user="Mauro Morello" uid="6755522" lat="47.8791117" lon="106.9485043"/>
 <node id="12229841070" visible="true" version="1" changeset="157545687" timestamp="2024-10-06T15:22:45Z" user="saruul04" uid="21972502" lat="47.9070055" lon="106.9335048"/>
 <node id="12229841071" visible="true" version="1" changeset="157545687" timestamp="2024-10-06T15:22:45Z" user="saruul04" uid="21972502" lat="47.9070008" lon="106.9335912"/>
 <node id="12229841072" visible="true" version="1" changeset="157545687" timestamp="2024-10-06T15:22:45Z" user="saruul04" uid="21972502" lat="47.9068959" lon="106.9335865"/>
 <node id="12229841073" visible="true" version="1" changeset="157545687" timestamp="2024-10-06T15:22:45Z" user="saruul04" uid="21972502" lat="47.9068991" lon="106.9335071"/>
 <node id="12229841074" visible="true" version="1" changeset="157545687" timestamp="2024-10-06T15:22:45Z" user="saruul04" uid="21972502" lat="47.9062745" lon="106.9334627"/>
 <node id="12229841075" visible="true" version="1" changeset="157545687" timestamp="2024-10-06T15:22:45Z" user="saruul04" uid="21972502" lat="47.9062072" lon="106.9320314"/>
 <node id="12229841076" visible="true" version="1" changeset="157545687" timestamp="2024-10-06T15:22:45Z" user="saruul04" uid="21972502" lat="47.9061425" lon="106.9320387"/>
 <node id="12229841077" visible="true" version="1" changeset="157545687" timestamp="2024-10-06T15:22:45Z" user="saruul04" uid="21972502" lat="47.9061389" lon="106.9319073"/>
 <node id="12229841078" visible="true" version="1" changeset="157545687" timestamp="2024-10-06T15:22:45Z" user="saruul04" uid="21972502" lat="47.9062009" lon="106.9318979"/>
 <node id="12229841079" visible="true" version="1" changeset="157545687" timestamp="2024-10-06T15:22:45Z" user="saruul04" uid="21972502" lat="47.9060588" lon="106.9292720"/>
 <node id="12229841081" visible="true" version="1" changeset="157545687" timestamp="2024-10-06T15:22:45Z" user="saruul04" uid="21972502" lat="47.9073498" lon="106.9335194"/>
 <node id="12288030476" visible="true" version="1" changeset="158336343" timestamp="2024-10-25T12:52:36Z" user="GubanDesert" uid="21272439" lat="47.8966446" lon="106.8314745"/>
 <node id="12300628589" visible="true" version="1" changeset="158565709" timestamp="2024-10-31T03:31:31Z" user="Batubileg" uid="18216995" lat="47.9048784" lon="106.9330489">
  <tag k="leisure" v="fitness_centre"/>
  <tag k="name" v="Khar Irves Gym"/>
  <tag k="name:en" v="Khar Irves Gym"/>
  <tag k="sport" v="fitness"/>
 </node>
 <node id="12300628590" visible="true" version="1" changeset="158565709" timestamp="2024-10-31T03:31:31Z" user="Batubileg" uid="18216995" lat="47.9039579" lon="106.9345849">
  <tag k="leisure" v="fitness_centre"/>
  <tag k="name" v="Fit Room"/>
  <tag k="name:en" v="Fit Room"/>
  <tag k="sport" v="fitness"/>
 </node>
 <node id="12412429986" visible="true" version="1" changeset="160166476" timestamp="2024-12-11T12:20:04Z" user="bekkuu" uid="22282805" lat="47.9073180" lon="106.9346054"/>
 <node id="12530866501" visible="true" version="1" changeset="161733932" timestamp="2025-01-25T03:13:45Z" user="Sammyyyy" uid="22421962" lat="47.9041746" lon="106.9301494">
  <tag k="name" v="Вэган маркэт"/>
  <tag k="name:en" v="Vegan Market"/>
  <tag k="shop" v="grocery"/>
 </node>
 <node id="12530867001" visible="true" version="1" changeset="161733945" timestamp="2025-01-25T03:15:59Z" user="Sammyyyy" uid="22421962" lat="47.9044889" lon="106.9311711">
  <tag k="highway" v="bus_stop"/>
  <tag k="name" v="Баяанмонгол хороолол"/>
  <tag k="name:en" v="Bayanmongol Apartments"/>
 </node>
 <node id="12620594913" visible="true" version="1" changeset="162972332" timestamp="2025-02-26T13:38:41Z" user="LakeTekapo" uid="20366460" lat="47.9033631" lon="106.9349930"/>
 <node id="12620594914" visible="true" version="1" changeset="162972332" timestamp="2025-02-26T13:38:41Z" user="LakeTekapo" uid="20366460" lat="47.9033667" lon="106.9348454"/>
 <node id="12620594915" visible="true" version="1" changeset="162972332" timestamp="2025-02-26T13:38:41Z" user="LakeTekapo" uid="20366460" lat="47.9034117" lon="106.9347569"/>
 <node id="12620594916" visible="true" version="1" changeset="162972332" timestamp="2025-02-26T13:38:41Z" user="LakeTekapo" uid="20366460" lat="47.9034081" lon="106.9345799"/>
 <node id="12620594917" visible="true" version="1" changeset="162972332" timestamp="2025-02-26T13:38:41Z" user="LakeTekapo" uid="20366460" lat="47.9033469" lon="106.9344646"/>
 <node id="12620594918" visible="true" version="1" changeset="162972332" timestamp="2025-02-26T13:38:41Z" user="LakeTekapo" uid="20366460" lat="47.9032822" lon="106.9341105"/>
 <node id="12620594919" visible="true" version="1" changeset="162972332" timestamp="2025-02-26T13:38:41Z" user="LakeTekapo" uid="20366460" lat="47.9041489" lon="106.9350466"/>
 <node id="12620594920" visible="true" version="1" changeset="162972332" timestamp="2025-02-26T13:38:41Z" user="LakeTekapo" uid="20366460" lat="47.9041561" lon="106.9347408"/>
 <node id="12620594921" visible="true" version="1" changeset="162972332" timestamp="2025-02-26T13:38:41Z" user="LakeTekapo" uid="20366460" lat="47.9041615" lon="106.9340917"/>
 <node id="12620594922" visible="true" version="1" changeset="162972332" timestamp="2025-02-26T13:38:41Z" user="LakeTekapo" uid="20366460" lat="47.9042118" lon="106.9340247"/>
 <node id="12620594923" visible="true" version="1" changeset="162972332" timestamp="2025-02-26T13:38:41Z" user="LakeTekapo" uid="20366460" lat="47.9043071" lon="106.9339764"/>
 <node id="12620594924" visible="true" version="1" changeset="162972332" timestamp="2025-02-26T13:38:41Z" user="LakeTekapo" uid="20366460" lat="47.9045087" lon="106.9339757"/>
 <node id="12620594925" visible="true" version="1" changeset="162972332" timestamp="2025-02-26T13:38:41Z" user="LakeTekapo" uid="20366460" lat="47.9045553" lon="106.9339684"/>
 <node id="12620594926" visible="true" version="1" changeset="162972332" timestamp="2025-02-26T13:38:41Z" user="LakeTekapo" uid="20366460" lat="47.9046712" lon="106.9317475"/>
 <node id="12620594927" visible="true" version="1" changeset="162972332" timestamp="2025-02-26T13:38:41Z" user="LakeTekapo" uid="20366460" lat="47.9047315" lon="106.9315289"/>
 <node id="12620594928" visible="true" version="1" changeset="162972332" timestamp="2025-02-26T13:38:41Z" user="LakeTekapo" uid="20366460" lat="47.9047782" lon="106.9313237"/>
 <node id="12620594929" visible="true" version="1" changeset="162972332" timestamp="2025-02-26T13:38:41Z" user="LakeTekapo" uid="20366460" lat="47.9047800" lon="106.9308503"/>
 <node id="12620594930" visible="true" version="1" changeset="162972332" timestamp="2025-02-26T13:38:41Z" user="LakeTekapo" uid="20366460" lat="47.9047683" lon="106.9302696"/>
 <node id="12620594931" visible="true" version="1" changeset="162972332" timestamp="2025-02-26T13:38:41Z" user="LakeTekapo" uid="20366460" lat="47.9047432" lon="106.9301462"/>
 <node id="12620594932" visible="true" version="1" changeset="162972332" timestamp="2025-02-26T13:38:41Z" user="LakeTekapo" uid="20366460" lat="47.9046667" lon="106.9299893"/>
 <node id="12620594933" visible="true" version="1" changeset="162972332" timestamp="2025-02-26T13:38:41Z" user="LakeTekapo" uid="20366460" lat="47.9046002" lon="106.9299357"/>
 <node id="12620594934" visible="true" version="1" changeset="162972332" timestamp="2025-02-26T13:38:41Z" user="LakeTekapo" uid="20366460" lat="47.9044042" lon="106.9299330"/>
 <node id="12723075646" visible="true" version="1" changeset="164415706" timestamp="2025-04-02T11:04:21Z" user="saruul04" uid="21972502" lat="47.9042104" lon="106.9346490"/>
 <node id="12723075647" visible="true" version="1" changeset="164415706" timestamp="2025-04-02T11:04:21Z" user="saruul04" uid="21972502" lat="47.9041868" lon="106.9340746"/>
 <node id="12723075648" visible="true" version="1" changeset="164415706" timestamp="2025-04-02T11:04:21Z" user="saruul04" uid="21972502" lat="47.9043129" lon="106.9340645"/>
 <node id="12723075649" visible="true" version="1" changeset="164415706" timestamp="2025-04-02T11:04:21Z" user="saruul04" uid="21972502" lat="47.9043116" lon="106.9340323"/>
 <node id="12723075650" visible="true" version="1" changeset="164415706" timestamp="2025-04-02T11:04:21Z" user="saruul04" uid="21972502" lat="47.9044680" lon="106.9340191"/>
 <node id="12723075651" visible="true" version="1" changeset="164415706" timestamp="2025-04-02T11:04:21Z" user="saruul04" uid="21972502" lat="47.9044898" lon="106.9346161"/>
 <node id="12723075652" visible="true" version="1" changeset="164415706" timestamp="2025-04-02T11:04:21Z" user="saruul04" uid="21972502" lat="47.9045080" lon="106.9348099"/>
 <node id="12723075653" visible="true" version="1" changeset="164415706" timestamp="2025-04-02T11:04:21Z" user="saruul04" uid="21972502" lat="47.9045200" lon="106.9350640"/>
 <node id="12723075654" visible="true" version="1" changeset="164415706" timestamp="2025-04-02T11:04:21Z" user="saruul04" uid="21972502" lat="47.9041894" lon="106.9350987"/>
 <node id="12723075655" visible="true" version="1" changeset="164415706" timestamp="2025-04-02T11:04:21Z" user="saruul04" uid="21972502" lat="47.9041775" lon="106.9348446"/>
 <node id="12723075656" visible="true" version="1" changeset="164415706" timestamp="2025-04-02T11:04:21Z" user="saruul04" uid="21972502" lat="47.9044980" lon="106.9348110"/>
 <node id="12723075657" visible="true" version="1" changeset="164415706" timestamp="2025-04-02T11:04:21Z" user="saruul04" uid="21972502" lat="47.9041925" lon="106.9348430"/>
 <node id="12723075658" visible="true" version="1" changeset="164415706" timestamp="2025-04-02T11:04:21Z" user="saruul04" uid="21972502" lat="47.9041861" lon="106.9346995"/>
 <node id="12723075659" visible="true" version="1" changeset="164415706" timestamp="2025-04-02T11:04:21Z" user="saruul04" uid="21972502" lat="47.9042126" lon="106.9346949"/>
 <node id="12723075660" visible="true" version="1" changeset="164415706" timestamp="2025-04-02T11:04:21Z" user="saruul04" uid="21972502" lat="47.9065568" lon="106.9341884"/>
 <node id="12723075661" visible="true" version="1" changeset="164415706" timestamp="2025-04-02T11:04:21Z" user="saruul04" uid="21972502" lat="47.9068548" lon="106.9295624"/>
 <node id="12723075662" visible="true" version="1" changeset="164415706" timestamp="2025-04-02T11:04:21Z" user="saruul04" uid="21972502" lat="47.9068496" lon="106.9298644"/>
 <node id="12723075663" visible="true" version="1" changeset="164415706" timestamp="2025-04-02T11:04:21Z" user="saruul04" uid="21972502" lat="47.9069069" lon="106.9301282"/>
 <node id="12723075664" visible="true" version="1" changeset="164415706" timestamp="2025-04-02T11:04:21Z" user="saruul04" uid="21972502" lat="47.9070511" lon="106.9301336"/>
 <node id="12723075665" visible="true" version="1" changeset="164415706" timestamp="2025-04-02T11:04:21Z" user="saruul04" uid="21972502" lat="47.9070606" lon="106.9295701"/>
 <node id="12723075666" visible="true" version="1" changeset="164415706" timestamp="2025-04-02T11:04:21Z" user="saruul04" uid="21972502" lat="47.9070392" lon="106.9311482"/>
 <node id="12723075667" visible="true" version="1" changeset="164415706" timestamp="2025-04-02T11:04:21Z" user="saruul04" uid="21972502" lat="47.9070405" lon="106.9310742"/>
 <node id="12723075668" visible="true" version="1" changeset="164415706" timestamp="2025-04-02T11:04:21Z" user="saruul04" uid="21972502" lat="47.9072456" lon="106.9311549"/>
 <node id="12723075669" visible="true" version="1" changeset="164415706" timestamp="2025-04-02T11:04:21Z" user="saruul04" uid="21972502" lat="47.9070216" lon="106.9311477"/>
 <node id="12723075670" visible="true" version="1" changeset="164415706" timestamp="2025-04-02T11:04:21Z" user="saruul04" uid="21972502" lat="47.9070205" lon="106.9312268"/>
 <node id="12723075671" visible="true" version="1" changeset="164415706" timestamp="2025-04-02T11:04:21Z" user="saruul04" uid="21972502" lat="47.9069643" lon="106.9312250"/>
 <node id="12723075672" visible="true" version="1" changeset="164415706" timestamp="2025-04-02T11:04:21Z" user="saruul04" uid="21972502" lat="47.9069558" lon="106.9318190"/>
 <node id="12723075673" visible="true" version="1" changeset="164415706" timestamp="2025-04-02T11:04:21Z" user="saruul04" uid="21972502" lat="47.9070164" lon="106.9318209"/>
 <node id="12723075674" visible="true" version="1" changeset="164415706" timestamp="2025-04-02T11:04:21Z" user="saruul04" uid="21972502" lat="47.9070154" lon="106.9318896"/>
 <node id="12723075675" visible="true" version="1" changeset="164415706" timestamp="2025-04-02T11:04:21Z" user="saruul04" uid="21972502" lat="47.9072348" lon="106.9318996"/>
 <node id="12723075676" visible="true" version="1" changeset="164415706" timestamp="2025-04-02T11:04:21Z" user="saruul04" uid="21972502" lat="47.9070302" lon="106.9318913"/>
 <node id="12723075677" visible="true" version="1" changeset="164415706" timestamp="2025-04-02T11:04:21Z" user="saruul04" uid="21972502" lat="47.9070287" lon="106.9319743"/>
 <node id="12723075678" visible="true" version="1" changeset="164415706" timestamp="2025-04-02T11:04:21Z" user="saruul04" uid="21972502" lat="47.9069702" lon="106.9319719"/>
 <node id="12723075679" visible="true" version="1" changeset="164415706" timestamp="2025-04-02T11:04:21Z" user="saruul04" uid="21972502" lat="47.9069583" lon="106.9326160"/>
 <node id="12723075680" visible="true" version="1" changeset="164415706" timestamp="2025-04-02T11:04:21Z" user="saruul04" uid="21972502" lat="47.9072320" lon="106.9326272"/>
 <node id="12723075681" visible="true" version="1" changeset="164415706" timestamp="2025-04-02T11:04:21Z" user="saruul04" uid="21972502" lat="47.9072453" lon="106.9319000"/>
 <node id="12727134889" visible="true" version="1" changeset="164488405" timestamp="2025-04-04T02:59:09Z" user="HamiDesert" uid="20109098" lat="47.9071850" lon="106.9351191"/>
 <node id="12727134890" visible="true" version="1" changeset="164488405" timestamp="2025-04-04T02:59:09Z" user="HamiDesert" uid="20109098" lat="47.9068127" lon="106.9351271"/>
 <node id="12727134891" visible="true" version="1" changeset="164488405" timestamp="2025-04-04T02:59:09Z" user="HamiDesert" uid="20109098" lat="47.9067893" lon="106.9351056"/>
 <node id="12727134892" visible="true" version="1" changeset="164488405" timestamp="2025-04-04T02:59:09Z" user="HamiDesert" uid="20109098" lat="47.9067731" lon="106.9350587"/>
 <node id="12746581113" visible="true" version="1" changeset="164796478" timestamp="2025-04-11T04:50:10Z" user="LakeMatano" uid="16936637" lat="47.9053024" lon="106.9360851"/>
 <node id="12746581114" visible="true" version="1" changeset="164796478" timestamp="2025-04-11T04:50:10Z" user="LakeMatano" uid="16936637" lat="47.9053932" lon="106.9360887"/>
 <node id="12746581115" visible="true" version="1" changeset="164796478" timestamp="2025-04-11T04:50:10Z" user="LakeMatano" uid="16936637" lat="47.9054381" lon="106.9361074"/>
 <node id="12746581116" visible="true" version="1" changeset="164796478" timestamp="2025-04-11T04:50:10Z" user="LakeMatano" uid="16936637" lat="47.9054588" lon="106.9361557"/>
 <node id="12746581117" visible="true" version="1" changeset="164796478" timestamp="2025-04-11T04:50:10Z" user="LakeMatano" uid="16936637" lat="47.9055046" lon="106.9369537"/>
 <node id="12746581118" visible="true" version="1" changeset="164796478" timestamp="2025-04-11T04:50:10Z" user="LakeMatano" uid="16936637" lat="47.9054732" lon="106.9370288"/>
 <node id="12746581119" visible="true" version="1" changeset="164796478" timestamp="2025-04-11T04:50:10Z" user="LakeMatano" uid="16936637" lat="47.9054210" lon="106.9370475"/>
 <node id="12746581120" visible="true" version="1" changeset="164796478" timestamp="2025-04-11T04:50:10Z" user="LakeMatano" uid="16936637" lat="47.9053671" lon="106.9370341"/>
 <node id="12746581121" visible="true" version="1" changeset="164796478" timestamp="2025-04-11T04:50:10Z" user="LakeMatano" uid="16936637" lat="47.9053419" lon="106.9369845"/>
 <node id="12746581122" visible="true" version="1" changeset="164796478" timestamp="2025-04-11T04:50:10Z" user="LakeMatano" uid="16936637" lat="47.9052898" lon="106.9358000"/>
 <node id="12746581123" visible="true" version="1" changeset="164796478" timestamp="2025-04-11T04:50:10Z" user="LakeMatano" uid="16936637" lat="47.9052848" lon="106.9357443"/>
 <node id="13009663358" visible="true" version="1" changeset="169124694" timestamp="2025-07-18T19:05:56Z" user="Ochbayar Ganbold" uid="4727667" lat="47.9047520" lon="106.9436541"/>
 <node id="13118744881" visible="true" version="1" changeset="171436608" timestamp="2025-09-04T06:55:15Z" user="HamiDesert" uid="20109098" lat="47.9037347" lon="106.9284289"/>
 <node id="13204018724" visible="true" version="1" changeset="173028093" timestamp="2025-10-09T01:31:58Z" user="HamiDesert" uid="20109098" lat="47.9048657" lon="106.9424616"/>
 <node id="13204018725" visible="true" version="1" changeset="173028093" timestamp="2025-10-09T01:31:58Z" user="HamiDesert" uid="20109098" lat="47.9048245" lon="106.9424669"/>
 <node id="13204018726" visible="true" version="1" changeset="173028093" timestamp="2025-10-09T01:31:58Z" user="HamiDesert" uid="20109098" lat="47.9047622" lon="106.9417609"/>
 <way id="72503071" visible="true" version="21" changeset="158336343" timestamp="2024-10-25T12:52:36Z" user="GubanDesert" uid="21272439">
  <nd ref="1653007946"/>
  <nd ref="1653007944"/>
  <nd ref="1772220833"/>
  <nd ref="724913944"/>
  <nd ref="1772220823"/>
  <nd ref="724913950"/>
  <nd ref="1772220830"/>
  <nd ref="724913953"/>
  <nd ref="1772220819"/>
  <nd ref="724913956"/>
  <nd ref="1772220825"/>
  <nd ref="1772220821"/>
  <nd ref="1772220815"/>
  <nd ref="1772220816"/>
  <nd ref="1772220811"/>
  <nd ref="1772220812"/>
  <nd ref="8404083375"/>
  <nd ref="8404083376"/>
  <nd ref="1772220832"/>
  <nd ref="5232397767"/>
  <nd ref="724913958"/>
  <nd ref="5232397766"/>
  <nd ref="5232397765"/>
  <nd ref="5232397764"/>
  <nd ref="1772220839"/>
  <nd ref="5232397763"/>
  <nd ref="1772220836"/>
  <nd ref="1772220809"/>
  <nd ref="1772220797"/>
  <nd ref="724913961"/>
  <nd ref="1772220800"/>
  <nd ref="1772220804"/>
  <nd ref="1772220806"/>
  <nd ref="1772220807"/>
  <nd ref="724913964"/>
  <nd ref="724913968"/>
  <nd ref="1643120396"/>
  <nd ref="724913971"/>
  <nd ref="1277286207"/>
  <nd ref="1424255714"/>
  <nd ref="9295664664"/>
  <nd ref="1270395994"/>
  <nd ref="724913975"/>
  <nd ref="2699995722"/>
  <nd ref="2699995725"/>
  <nd ref="2699995724"/>
  <nd ref="2699995727"/>
  <nd ref="2699995719"/>
  <nd ref="2699995721"/>
  <nd ref="2699995717"/>
  <nd ref="1277286245"/>
  <nd ref="724913978"/>
  <nd ref="3912943594"/>
  <nd ref="1277286145"/>
  <nd ref="12057572367"/>
  <nd ref="2291722158"/>
  <nd ref="9333269841"/>
  <nd ref="1424255672"/>
  <nd ref="3912943586"/>
  <nd ref="10005919195"/>
  <nd ref="3912943584"/>
  <nd ref="1277286172"/>
  <nd ref="3912943583"/>
  <nd ref="3912943582"/>
  <nd ref="1643120364"/>
  <nd ref="724913981"/>
  <nd ref="1277286192"/>
  <nd ref="1277286232"/>
  <nd ref="1277286137"/>
  <nd ref="3912943572"/>
  <nd ref="1277286164"/>
  <nd ref="3912943570"/>
  <nd ref="724913985"/>
  <nd ref="3912943564"/>
  <nd ref="1277286176"/>
  <nd ref="3912943561"/>
  <nd ref="1277286212"/>
  <nd ref="3912943051"/>
  <nd ref="3912943052"/>
  <nd ref="1277286223"/>
  <nd ref="3912943050"/>
  <nd ref="724913988"/>
  <nd ref="3912943048"/>
  <nd ref="3912943043"/>
  <nd ref="3912943037"/>
  <nd ref="3912943035"/>
  <nd ref="1277286255"/>
  <nd ref="3912943028"/>
  <nd ref="3912943031"/>
  <nd ref="3912943029"/>
  <nd ref="6593522834"/>
  <nd ref="724913991"/>
  <nd ref="6593522833"/>
  <nd ref="3912943038"/>
  <nd ref="6593522832"/>
  <nd ref="3912943044"/>
  <nd ref="6593522831"/>
  <nd ref="6593522830"/>
  <nd ref="6593522829"/>
  <nd ref="6593522828"/>
  <nd ref="724913993"/>
  <nd ref="6593522827"/>
  <nd ref="6593522826"/>
  <nd ref="6593522825"/>
  <nd ref="6593522824"/>
  <nd ref="6593522823"/>
  <nd ref="724913994"/>
  <nd ref="8095670241"/>
  <nd ref="6285752056"/>
  <nd ref="1772497839"/>
  <nd ref="6285752059"/>
  <nd ref="6285752058"/>
  <nd ref="6285752057"/>
  <nd ref="1772497837"/>
  <nd ref="6285744923"/>
  <nd ref="6285744921"/>
  <nd ref="1772497842"/>
  <nd ref="6285744919"/>
  <nd ref="6285744922"/>
  <nd ref="6285744920"/>
  <nd ref="724913995"/>
  <nd ref="6285744918"/>
  <nd ref="6285744917"/>
  <nd ref="6285744913"/>
  <nd ref="6285744914"/>
  <nd ref="6285744915"/>
  <nd ref="6285744916"/>
  <nd ref="1772497846"/>
  <nd ref="6285744912"/>
  <nd ref="6285744907"/>
  <nd ref="6285744908"/>
  <nd ref="6285744911"/>
  <nd ref="6285744909"/>
  <nd ref="6285744910"/>
  <nd ref="1772497848"/>
  <nd ref="6285744906"/>
  <nd ref="6285744905"/>
  <nd ref="6285744902"/>
  <nd ref="6285744903"/>
  <nd ref="724913996"/>
  <nd ref="6285744904"/>
  <nd ref="6285744896"/>
  <nd ref="6285744901"/>
  <nd ref="6285744900"/>
  <nd ref="6285744895"/>
  <nd ref="6285744899"/>
  <nd ref="6285744898"/>
  <nd ref="6285744897"/>
  <nd ref="6285744892"/>
  <nd ref="6285744893"/>
  <nd ref="6285744894"/>
  <nd ref="6285744891"/>
  <nd ref="6285744888"/>
  <nd ref="6285744890"/>
  <nd ref="6285744889"/>
  <nd ref="724913999"/>
  <nd ref="6285744887"/>
  <nd ref="6285741684"/>
  <nd ref="6285744885"/>
  <nd ref="6285744886"/>
  <nd ref="860704512"/>
  <nd ref="6285741681"/>
  <nd ref="6285741682"/>
  <nd ref="6285741678"/>
  <nd ref="6285741683"/>
  <nd ref="6285741680"/>
  <nd ref="6285741679"/>
  <nd ref="1772497895"/>
  <nd ref="6285741677"/>
  <nd ref="6285741675"/>
  <nd ref="6285741676"/>
  <nd ref="1772497896"/>
  <nd ref="6285741674"/>
  <nd ref="6285741673"/>
  <nd ref="6285741672"/>
  <nd ref="6285741669"/>
  <nd ref="6285741671"/>
  <nd ref="6285741670"/>
  <nd ref="860704513"/>
  <nd ref="860704324"/>
  <nd ref="1772497874"/>
  <nd ref="1772497873"/>
  <nd ref="8111770529"/>
  <nd ref="860704328"/>
  <nd ref="8111770530"/>
  <nd ref="8111770531"/>
  <nd ref="6285709780"/>
  <nd ref="8111770532"/>
  <nd ref="8111770533"/>
  <nd ref="6285709781"/>
  <nd ref="6285709784"/>
  <nd ref="6285709783"/>
  <nd ref="6285709782"/>
  <nd ref="6285709786"/>
  <nd ref="6285709785"/>
  <nd ref="6285709779"/>
  <nd ref="6285709791"/>
  <nd ref="6285709790"/>
  <nd ref="6285709789"/>
  <nd ref="6285709788"/>
  <nd ref="6285709787"/>
  <nd ref="6285709792"/>
  <nd ref="6285709795"/>
  <nd ref="6285709796"/>
  <nd ref="6285709794"/>
  <nd ref="6285709797"/>
  <nd ref="6285709793"/>
  <nd ref="6285709803"/>
  <nd ref="6285709804"/>
  <nd ref="6285709802"/>
  <nd ref="6285709799"/>
  <nd ref="6285709800"/>
  <nd ref="6285709801"/>
  <nd ref="6285709798"/>
  <nd ref="860704331"/>
  <nd ref="6285709778"/>
  <nd ref="6285709777"/>
  <nd ref="6285709776"/>
  <nd ref="6285709775"/>
  <nd ref="6285709773"/>
  <nd ref="6285709772"/>
  <nd ref="6285709774"/>
  <nd ref="6285709771"/>
  <nd ref="6285709768"/>
  <nd ref="6285709770"/>
  <nd ref="6285709769"/>
  <nd ref="6285709767"/>
  <nd ref="6285709766"/>
  <nd ref="1653235949"/>
  <nd ref="9298379793"/>
  <nd ref="9298379794"/>
  <nd ref="9298379795"/>
  <nd ref="860704334"/>
  <nd ref="860704337"/>
  <nd ref="8937617167"/>
  <nd ref="8937617166"/>
  <nd ref="860704338"/>
  <nd ref="860704339"/>
  <nd ref="8198338072"/>
  <nd ref="8984522593"/>
  <nd ref="8984522592"/>
  <nd ref="8984522591"/>
  <nd ref="8984522590"/>
  <nd ref="8984522589"/>
  <nd ref="8984522588"/>
  <nd ref="8984522587"/>
  <nd ref="8984522586"/>
  <nd ref="8984522585"/>
  <nd ref="12288030476"/>
  <nd ref="8984522579"/>
  <nd ref="8984522580"/>
  <nd ref="8984522581"/>
  <nd ref="860704340"/>
  <nd ref="8584720057"/>
  <nd ref="2323953974"/>
  <tag k="boat" v="no"/>
  <tag k="name" v="Дунд гол"/>
  <tag k="waterway" v="river"/>
 </way>
 <way id="111314557" visible="true" version="40" changeset="173028093" timestamp="2025-10-09T01:31:58Z" user="HamiDesert" uid="20109098">
  <nd ref="1827538612"/>
  <nd ref="8730563348"/>
  <nd ref="10005789820"/>
  <nd ref="13204018725"/>
  <nd ref="10980044530"/>
  <nd ref="10980044516"/>
  <nd ref="1497219576"/>
  <nd ref="6375460811"/>
  <nd ref="6375458584"/>
  <nd ref="8047245326"/>
  <nd ref="2282812563"/>
  <nd ref="2282812561"/>
  <nd ref="2282811641"/>
  <nd ref="12620594934"/>
  <nd ref="4196467397"/>
  <nd ref="1277286142"/>
  <nd ref="8730563259"/>
  <nd ref="8730563257"/>
  <nd ref="10005766748"/>
  <nd ref="8730563258"/>
  <nd ref="1268520151"/>
  <tag k="highway" v="secondary"/>
  <tag k="lanes" v="2"/>
  <tag k="maxspeed" v="60"/>
  <tag k="name" v="Хүннүгийн гудамж"/>
  <tag k="name:zh" v="匈奴街"/>
  <tag k="oneway" v="yes"/>
  <tag k="surface" v="asphalt"/>
 </way>
 <way id="134370617" visible="true" version="30" changeset="169124694" timestamp="2025-07-18T19:05:56Z" user="Ochbayar Ganbold" uid="4727667">
  <nd ref="7885702103"/>
  <nd ref="2357441876"/>
  <nd ref="2357441883"/>
  <nd ref="2010678602"/>
  <nd ref="1827538596"/>
  <nd ref="5466041486"/>
  <nd ref="2916981238"/>
  <nd ref="2916981252"/>
  <nd ref="5542637630"/>
  <nd ref="5542674113"/>
  <nd ref="1424255621"/>
  <nd ref="3086969669"/>
  <nd ref="3086969670"/>
  <nd ref="3086969704"/>
  <nd ref="2924704961"/>
  <nd ref="10838679862"/>
  <nd ref="1477522479"/>
  <nd ref="2924704971"/>
  <nd ref="2924704978"/>
  <nd ref="2924704980"/>
  <nd ref="6124460911"/>
  <nd ref="1477522481"/>
  <nd ref="1477522484"/>
  <nd ref="10005789823"/>
  <nd ref="13009663358"/>
  <tag k="highway" v="primary"/>
  <tag k="lanes" v="2"/>
  <tag k="maxspeed" v="60"/>
  <tag k="name" v="Нийслэл хүрээ өргөн чөлөө"/>
  <tag k="name:zh" v="首都框架大道"/>
  <tag k="oneway" v="yes"/>
  <tag k="surface" v="asphalt"/>
 </way>
 <way id="136492853" visible="true" version="5" changeset="138794444" timestamp="2023-07-21T05:46:06Z" user="LakeVostok" uid="16853710">
  <nd ref="1497219583"/>
  <nd ref="1772220829"/>
  <nd ref="11058012067"/>
  <nd ref="1772220786"/>
  <nd ref="10980044540"/>
  <nd ref="8730563337"/>
  <nd ref="1497219576"/>
  <tag k="highway" v="residential"/>
 </way>
 <way id="165681022" visible="true" version="3" changeset="42563490" timestamp="2016-10-01T13:56:27Z" user="Баатар" uid="2700224">
  <nd ref="1772220849"/>
  <nd ref="1772220858"/>
  <nd ref="1772220869"/>
  <nd ref="1772220850"/>
  <nd ref="1772220849"/>
  <tag k="building" v="apartments"/>
  <tag k="name" v="801"/>
 </way>
 <way id="165681024" visible="true" version="3" changeset="104676062" timestamp="2021-05-14T09:15:26Z" user="Saruul Gan" uid="3328620">
  <nd ref="1772220846"/>
  <nd ref="1772220860"/>
  <nd ref="1772220865"/>
  <nd ref="1772220848"/>
  <nd ref="1772220846"/>
  <tag k="building" v="apartments"/>
  <tag k="building:levels" v="8"/>
  <tag k="name" v="401"/>
 </way>
 <way id="165681026" visible="true" version="5" changeset="145170550" timestamp="2023-12-16T00:33:18Z" user="mtmail" uid="8339">
  <nd ref="1772220765"/>
  <nd ref="1772220778"/>
  <nd ref="1772220779"/>
  <nd ref="2268077795"/>
  <nd ref="1772220766"/>
  <nd ref="1772220765"/>
  <tag k="addr:city" v="Улаанбаатар"/>
  <tag k="addr:housenumber" v="БЗД 26 р хороо"/>
  <tag k="building" v="apartments"/>
  <tag k="building:levels" v="10"/>
  <tag k="name" v="416"/>
 </way>
 <way id="165681028" visible="true" version="3" changeset="104676062" timestamp="2021-05-14T09:15:26Z" user="Saruul Gan" uid="3328620">
  <nd ref="1772220793"/>
  <nd ref="1772220826"/>
  <nd ref="1772220827"/>
  <nd ref="1772220794"/>
  <nd ref="1772220793"/>
  <tag k="building" v="apartments"/>
  <tag k="building:levels" v="8"/>
  <tag k="name" v="404"/>
 </way>
 <way id="165681029" visible="true" version="2" changeset="104676062" timestamp="2021-05-14T09:15:26Z" user="Saruul Gan" uid="3328620">
  <nd ref="1772220824"/>
  <nd ref="1772220822"/>
  <nd ref="1772220853"/>
  <nd ref="1772220856"/>
  <nd ref="1772220824"/>
  <tag k="building" v="apartments"/>
  <tag k="building:levels" v="8"/>
  <tag k="name" v="406"/>
 </way>
 <way id="165681031" visible="true" version="7" changeset="134588833" timestamp="2023-04-06T18:18:43Z" user="parukhin" uid="519501">
  <nd ref="1772220759"/>
  <nd ref="1772220771"/>
  <nd ref="1772220772"/>
  <nd ref="2268078633"/>
  <nd ref="1772220760"/>
  <nd ref="1772220759"/>
  <tag k="addr:housenumber" v="410"/>
  <tag k="building" v="apartments"/>
  <tag k="building:levels" v="10"/>
 </way>
 <way id="165681032" visible="true" version="3" changeset="104676062" timestamp="2021-05-14T09:15:26Z" user="Saruul Gan" uid="3328620">
  <nd ref="1772220790"/>
  <nd ref="1772220818"/>
  <nd ref="1772220820"/>
  <nd ref="1772220792"/>
  <nd ref="1772220790"/>
  <tag k="building" v="apartments"/>
  <tag k="building:levels" v="8"/>
  <tag k="name" v="405"/>
 </way>
 <way id="165681037" visible="true" version="3" changeset="104676062" timestamp="2021-05-14T09:15:26Z" user="Saruul Gan" uid="3328620">
  <nd ref="1772220795"/>
  <nd ref="1772220863"/>
  <nd ref="1772220867"/>
  <nd ref="1772220796"/>
  <nd ref="1772220795"/>
  <tag k="addr:housenumber" v="Bayanmongol 403"/>
  <tag k="building" v="apartments"/>
  <tag k="building:levels" v="8"/>
  <tag k="name" v="403"/>
 </way>
 <way id="165681038" visible="true" version="1" changeset="11764052" timestamp="2012-06-01T05:21:29Z" user="mongoltweets" uid="254455">
  <nd ref="1772220879"/>
  <nd ref="1772220873"/>
  <nd ref="1772220882"/>
  <nd ref="1772220888"/>
  <nd ref="1772220879"/>
  <tag k="building" v="yes"/>
 </way>
 <way id="165681039" visible="true" version="1" changeset="11764052" timestamp="2012-06-01T05:21:30Z" user="mongoltweets" uid="254455">
  <nd ref="1772220880"/>
  <nd ref="1772220875"/>
  <nd ref="1772220886"/>
  <nd ref="1772220890"/>
  <nd ref="1772220880"/>
  <tag k="building" v="yes"/>
 </way>
 <way id="165681040" visible="true" version="3" changeset="104676062" timestamp="2021-05-14T09:15:26Z" user="Saruul Gan" uid="3328620">
  <nd ref="1772220784"/>
  <nd ref="1772220798"/>
  <nd ref="1772220799"/>
  <nd ref="1772220785"/>
  <nd ref="1772220784"/>
  <tag k="building" v="apartments"/>
  <tag k="building:levels" v="10"/>
  <tag k="name" v="407"/>
 </way>
 <way id="165681041" visible="true" version="5" changeset="134588833" timestamp="2023-04-06T18:18:43Z" user="parukhin" uid="519501">
  <nd ref="1772220787"/>
  <nd ref="1772220801"/>
  <nd ref="8730563229"/>
  <nd ref="8730563232"/>
  <nd ref="8730563231"/>
  <nd ref="8730563230"/>
  <nd ref="1772220803"/>
  <nd ref="1772220789"/>
  <nd ref="1772220787"/>
  <tag k="addr:housenumber" v="408"/>
  <tag k="building" v="apartments"/>
  <tag k="building:levels" v="10"/>
 </way>
 <way id="165681042" visible="true" version="3" changeset="42563490" timestamp="2016-10-01T13:56:27Z" user="Баатар" uid="2700224">
  <nd ref="1772220808"/>
  <nd ref="1772220813"/>
  <nd ref="1772220817"/>
  <nd ref="1772220810"/>
  <nd ref="1772220808"/>
  <tag k="building" v="apartments"/>
  <tag k="name" v="802"/>
 </way>
 <way id="165681043" visible="true" version="3" changeset="42563490" timestamp="2016-10-01T13:56:27Z" user="Баатар" uid="2700224">
  <nd ref="1772220770"/>
  <nd ref="1772220780"/>
  <nd ref="1772220783"/>
  <nd ref="1772220773"/>
  <nd ref="1772220770"/>
  <tag k="building" v="apartments"/>
  <tag k="name" v="803"/>
 </way>
 <way id="165681046" visible="true" version="2" changeset="173028093" timestamp="2025-10-09T01:31:58Z" user="HamiDesert" uid="20109098">
  <nd ref="1772220831"/>
  <nd ref="1772220835"/>
  <nd ref="1772220843"/>
  <nd ref="1772220840"/>
  <nd ref="1772220831"/>
  <tag k="highway" v="residential"/>
 </way>
 <way id="165681047" visible="true" version="2" changeset="138794444" timestamp="2023-07-21T05:46:06Z" user="LakeVostok" uid="16853710">
  <nd ref="1772220788"/>
  <nd ref="1772220791"/>
  <nd ref="11058012068"/>
  <nd ref="11058012069"/>
  <nd ref="1772220805"/>
  <nd ref="1772220802"/>
  <nd ref="1772220788"/>
  <tag k="highway" v="residential"/>
 </way>
 <way id="213389542" visible="true" version="2" changeset="104676062" timestamp="2021-05-14T09:15:26Z" user="Saruul Gan" uid="3328620">
  <nd ref="2230958074"/>
  <nd ref="2230958149"/>
  <nd ref="2230958148"/>
  <nd ref="2230958043"/>
  <nd ref="2230958074"/>
  <tag k="building" v="apartments"/>
  <tag k="building:levels" v="12"/>
  <tag k="name" v="601"/>
 </way>
 <way id="213389555" visible="true" version="2" changeset="15734359" timestamp="2013-04-15T08:46:21Z" user="Tsenge Kh" uid="673530">
  <nd ref="2230958059"/>
  <nd ref="2230958122"/>
  <nd ref="2230958120"/>
  <nd ref="2230958113"/>
  <nd ref="2230958059"/>
  <tag k="building" v="residential"/>
  <tag k="name" v="804"/>
 </way>
 <way id="213389556" visible="true" version="2" changeset="104676062" timestamp="2021-05-14T09:15:26Z" user="Saruul Gan" uid="3328620">
  <nd ref="2230958078"/>
  <nd ref="2230958123"/>
  <nd ref="2230958094"/>
  <nd ref="2230958060"/>
  <nd ref="2230958078"/>
  <tag k="building" v="apartments"/>
  <tag k="building:levels" v="12"/>
  <tag k="name" v="603"/>
 </way>
 <way id="217525909" visible="true" version="4" changeset="104676062" timestamp="2021-05-14T09:15:26Z" user="Saruul Gan" uid="3328620">
  <nd ref="1772220767"/>
  <nd ref="2268077796"/>
  <nd ref="2268077795"/>
  <nd ref="1772220766"/>
  <nd ref="1772220767"/>
  <tag k="building" v="retail"/>
 </way>
 <way id="217525948" visible="true" version="2" changeset="104676062" timestamp="2021-05-14T09:15:26Z" user="Saruul Gan" uid="3328620">
  <nd ref="1772220763"/>
  <nd ref="2268077974"/>
  <nd ref="2268077973"/>
  <nd ref="1772220762"/>
  <nd ref="1772220763"/>
  <tag k="building" v="retail"/>
 </way>
 <way id="217526013" visible="true" version="2" changeset="104676062" timestamp="2021-05-14T09:15:26Z" user="Saruul Gan" uid="3328620">
  <nd ref="1772220761"/>
  <nd ref="2268078632"/>
  <nd ref="2268078633"/>
  <nd ref="1772220760"/>
  <nd ref="1772220761"/>
  <tag k="building" v="retail"/>
 </way>
 <way id="217526467" visible="true" version="2" changeset="104676062" timestamp="2021-05-14T09:15:26Z" user="Saruul Gan" uid="3328620">
  <nd ref="2268082572"/>
  <nd ref="2268082594"/>
  <nd ref="2268082570"/>
  <nd ref="2268082568"/>
  <nd ref="2268082572"/>
  <tag k="building" v="yes"/>
  <tag k="building:levels" v="4"/>
  <tag k="name" v="409"/>
 </way>
 <way id="219073673" visible="true" version="1" changeset="15880103" timestamp="2013-04-27T07:13:59Z" user="Tsenge Kh" uid="673530">
  <nd ref="2282811637"/>
  <nd ref="2282811633"/>
  <tag k="highway" v="residential"/>
 </way>
 <way id="219073675" visible="true" version="10" changeset="164488405" timestamp="2025-04-04T02:59:09Z" user="HamiDesert" uid="20109098">
  <nd ref="2282811643"/>
  <nd ref="12727134889"/>
  <nd ref="2282811628"/>
  <nd ref="2282813045"/>
  <nd ref="12723075660"/>
  <nd ref="2282811632"/>
  <nd ref="3241759705"/>
  <tag k="highway" v="residential"/>
 </way>
 <way id="219073676" visible="true" version="1" changeset="15880103" timestamp="2013-04-27T07:13:59Z" user="Tsenge Kh" uid="673530">
  <nd ref="2282811627"/>
  <nd ref="2282811631"/>
  <nd ref="2282811649"/>
  <nd ref="2282811625"/>
  <nd ref="2282811633"/>
  <nd ref="2282811627"/>
  <tag k="highway" v="residential"/>
 </way>
 <way id="219073677" visible="true" version="1" changeset="15880103" timestamp="2013-04-27T07:13:59Z" user="Tsenge Kh" uid="673530">
  <nd ref="2282811630"/>
  <nd ref="2282811629"/>
  <tag k="highway" v="residential"/>
 </way>
 <way id="219073678" visible="true" version="2" changeset="29734392" timestamp="2015-03-25T18:32:23Z" user="RichRico" uid="2219338">
  <nd ref="2282811636"/>
  <nd ref="2282811624"/>
  <tag k="highway" v="residential"/>
 </way>
 <way id="219073860" visible="true" version="6" changeset="27559484" timestamp="2014-12-18T21:45:38Z" user="Luis36995" uid="1829683">
  <nd ref="2282812968"/>
  <nd ref="2282813046"/>
  <nd ref="3241759707"/>
  <nd ref="3241759706"/>
  <nd ref="3241759705"/>
  <nd ref="2282812565"/>
  <tag k="highway" v="residential"/>
 </way>
 <way id="219073861" visible="true" version="3" changeset="15880103" timestamp="2013-04-27T07:19:40Z" user="Tsenge Kh" uid="673530">
  <nd ref="2282812565"/>
  <nd ref="2282813379"/>
  <nd ref="2282812561"/>
  <tag k="highway" v="residential"/>
  <tag k="oneway" v="yes"/>
 </way>
 <way id="219073862" visible="true" version="4" changeset="137396783" timestamp="2023-06-16T05:12:59Z" user="LakeVostok" uid="16853710">
  <nd ref="2282812563"/>
  <nd ref="2282812562"/>
  <nd ref="2282813380"/>
  <nd ref="3241759706"/>
  <tag k="highway" v="residential"/>
  <tag k="oneway" v="yes"/>
 </way>
 <way id="219073886" visible="true" version="1" changeset="15880103" timestamp="2013-04-27T07:17:57Z" user="Tsenge Kh" uid="673530">
  <nd ref="2282812968"/>
  <nd ref="2282812973"/>
  <tag k="highway" v="residential"/>
 </way>
 <way id="219073887" visible="true" version="1" changeset="15880103" timestamp="2013-04-27T07:17:57Z" user="Tsenge Kh" uid="673530">
  <nd ref="2282812969"/>
  <nd ref="2282812971"/>
  <nd ref="2282812970"/>
  <nd ref="2282812972"/>
  <nd ref="2282812973"/>
  <nd ref="2282812969"/>
  <tag k="highway" v="residential"/>
 </way>
 <way id="219073908" visible="true" version="2" changeset="27559484" timestamp="2014-12-18T21:45:38Z" user="Luis36995" uid="1829683">
  <nd ref="2282813045"/>
  <nd ref="2282813047"/>
  <tag k="highway" v="residential"/>
 </way>
 <way id="219073925" visible="true" version="2" changeset="15880103" timestamp="2013-04-27T07:19:48Z" user="Tsenge Kh" uid="673530">
  <nd ref="2282813379"/>
  <nd ref="2282813380"/>
  <tag k="highway" v="residential"/>
 </way>
 <way id="219074019" visible="true" version="10" changeset="160166476" timestamp="2024-12-11T12:20:04Z" user="bekkuu" uid="22282805">
  <nd ref="8730563238"/>
  <nd ref="3891462744"/>
  <nd ref="3891462747"/>
  <nd ref="2282814031"/>
  <nd ref="2282814044"/>
  <nd ref="2282814037"/>
  <nd ref="2282814043"/>
  <nd ref="2282814054"/>
  <nd ref="2282814046"/>
  <nd ref="2282814041"/>
  <nd ref="2282814033"/>
  <nd ref="2282814035"/>
  <nd ref="2282814048"/>
  <nd ref="12412429986"/>
  <nd ref="2282814039"/>
  <nd ref="8730563238"/>
  <tag k="landuse" v="residential"/>
  <tag k="name" v="Баянмонгол хороолол"/>
 </way>
 <way id="219074180" visible="true" version="5" changeset="104676062" timestamp="2021-05-14T09:15:26Z" user="Saruul Gan" uid="3328620">
  <nd ref="2282815538"/>
  <nd ref="8730563250"/>
  <nd ref="2282815540"/>
  <nd ref="2282815537"/>
  <nd ref="2282815538"/>
  <tag k="landuse" v="residential"/>
  <tag k="name" v="Кристал Таун Хотхон"/>
  <tag k="name:en" v="Crystal Town"/>
 </way>
 <way id="219074380" visible="true" version="8" changeset="145170550" timestamp="2023-12-16T00:33:18Z" user="mtmail" uid="8339">
  <nd ref="2282821616"/>
  <nd ref="8730563208"/>
  <nd ref="8730563210"/>
  <nd ref="8730563211"/>
  <nd ref="8730563209"/>
  <nd ref="2282821618"/>
  <nd ref="2282821615"/>
  <nd ref="8730563205"/>
  <nd ref="8730563207"/>
  <nd ref="8730563206"/>
  <nd ref="8730563204"/>
  <nd ref="2282821617"/>
  <nd ref="2282821616"/>
  <tag k="addr:city" v="Улаанбаатар"/>
  <tag k="addr:housename" v="Olympic Village"/>
  <tag k="addr:housenumber" v="200"/>
  <tag k="addr:street" v="Хүннүгийн гудамж"/>
  <tag k="building" v="apartments"/>
  <tag k="building:levels" v="12"/>
 </way>
 <way id="220886874" visible="true" version="3" changeset="99697203" timestamp="2021-02-21T20:14:39Z" user="cstripling" uid="10082100">
  <nd ref="2299650101"/>
  <nd ref="2299650100"/>
  <nd ref="2299650102"/>
  <nd ref="2299650104"/>
  <nd ref="2299650101"/>
  <tag k="building" v="yes"/>
 </way>
 <way id="220886877" visible="true" version="1" changeset="16079645" timestamp="2013-05-11T14:12:35Z" user="Dashzegve" uid="629718">
  <nd ref="2299650113"/>
  <nd ref="2299650111"/>
  <nd ref="2299650103"/>
  <nd ref="2299650110"/>
  <nd ref="2299650113"/>
  <tag k="building" v="yes"/>
 </way>
 <way id="221447673" visible="true" version="6" changeset="104676062" timestamp="2021-05-14T09:15:26Z" user="Saruul Gan" uid="3328620">
  <nd ref="3148982849"/>
  <nd ref="2497053729"/>
  <tag k="highway" v="path"/>
  <tag k="motorcar" v="no"/>
  <tag k="motorcycle" v="no"/>
 </way>
 <way id="221967640" visible="true" version="1" changeset="16178807" timestamp="2013-05-18T11:26:30Z" user="Dashzegve" uid="629718">
  <nd ref="2309451137"/>
  <nd ref="2309451085"/>
  <nd ref="2309451118"/>
  <nd ref="2309450901"/>
  <nd ref="2309451137"/>
  <tag k="building" v="yes"/>
 </way>
 <way id="287669629" visible="true" version="5" changeset="25552909" timestamp="2014-09-20T04:21:09Z" user="Seandebasti" uid="550560">
  <nd ref="2924678419"/>
  <nd ref="2916981272"/>
  <nd ref="2924678418"/>
  <nd ref="2912400653"/>
  <nd ref="2912400647"/>
  <nd ref="3086969648"/>
  <nd ref="3086969692"/>
  <nd ref="3086969649"/>
  <nd ref="3086969650"/>
  <nd ref="2912400651"/>
  <nd ref="3086969651"/>
  <nd ref="3086969683"/>
  <nd ref="2925739554"/>
  <nd ref="3086969652"/>
  <nd ref="2925739552"/>
  <nd ref="2925739550"/>
  <nd ref="3086969688"/>
  <nd ref="3086969689"/>
  <nd ref="3086969690"/>
  <nd ref="2925739553"/>
  <nd ref="2925739556"/>
  <nd ref="2925739562"/>
  <nd ref="2924678419"/>
  <tag k="amenity" v="parking"/>
 </way>
 <way id="288148060" visible="true" version="4" changeset="109466671" timestamp="2021-08-10T13:38:58Z" user="kartonage" uid="1497225">
  <nd ref="2916981269"/>
  <nd ref="2916981275"/>
  <nd ref="2916981250"/>
  <nd ref="2916981233"/>
  <nd ref="2916981269"/>
  <tag k="amenity" v="parking"/>
  <tag k="name" v="Encanto parking"/>
 </way>
 <way id="288148077" visible="true" version="9" changeset="154023728" timestamp="2024-07-16T16:29:12Z" user="Saruul Gan" uid="3328620">
  <nd ref="2916981238"/>
  <nd ref="12057591381"/>
  <nd ref="8420726612"/>
  <nd ref="2924704927"/>
  <nd ref="2916981232"/>
  <nd ref="2916981221"/>
  <nd ref="2924704917"/>
  <nd ref="2916981220"/>
  <nd ref="2916981230"/>
  <nd ref="2924704919"/>
  <nd ref="2924704925"/>
  <nd ref="2916981256"/>
  <nd ref="2924704928"/>
  <nd ref="3086969654"/>
  <nd ref="2924704929"/>
  <nd ref="3086969694"/>
  <nd ref="2916981270"/>
  <nd ref="2924704932"/>
  <nd ref="2925739564"/>
  <nd ref="3086969655"/>
  <nd ref="2916981258"/>
  <nd ref="3086969653"/>
  <nd ref="2916981251"/>
  <nd ref="2916981239"/>
  <nd ref="2924704926"/>
  <nd ref="2924704924"/>
  <nd ref="2916981228"/>
  <nd ref="2916981225"/>
  <nd ref="2916981226"/>
  <nd ref="3013058998"/>
  <nd ref="2916981236"/>
  <nd ref="2916981246"/>
  <nd ref="12057591378"/>
  <nd ref="12057591382"/>
  <nd ref="2916981252"/>
  <tag k="highway" v="service"/>
  <tag k="oneway" v="yes"/>
 </way>
 <way id="288148094" visible="true" version="4" changeset="99219318" timestamp="2021-02-13T16:07:46Z" user="Saruul Gan" uid="3328620">
  <nd ref="2916981069"/>
  <nd ref="2916981084"/>
  <nd ref="2916981164"/>
  <nd ref="2916981255"/>
  <nd ref="2916981279"/>
  <nd ref="2916981292"/>
  <nd ref="2924704955"/>
  <nd ref="2916981296"/>
  <nd ref="2924704962"/>
  <nd ref="2916981304"/>
  <nd ref="2924704974"/>
  <nd ref="2916981309"/>
  <nd ref="2924704979"/>
  <nd ref="2924704981"/>
  <nd ref="2924704982"/>
  <tag k="barrier" v="kerb"/>
 </way>
 <way id="289029091" visible="true" version="30" changeset="138794444" timestamp="2023-07-21T05:46:06Z" user="LakeVostok" uid="16853710">
  <nd ref="2925788844"/>
  <nd ref="11058012066"/>
  <nd ref="10005789824"/>
  <nd ref="8730563348"/>
  <nd ref="8730563264"/>
  <nd ref="10005789822"/>
  <nd ref="1477522483"/>
  <nd ref="10838679848"/>
  <nd ref="1477522482"/>
  <nd ref="1477522480"/>
  <nd ref="2924704969"/>
  <nd ref="1477522478"/>
  <nd ref="1477522477"/>
  <nd ref="2924704959"/>
  <nd ref="1424255632"/>
  <nd ref="3901084344"/>
  <nd ref="5542674114"/>
  <nd ref="3901142958"/>
  <nd ref="5542637629"/>
  <nd ref="8730563312"/>
  <nd ref="10838679806"/>
  <nd ref="10838624487"/>
  <nd ref="5466041485"/>
  <nd ref="10838650462"/>
  <nd ref="6348872582"/>
  <nd ref="8424810423"/>
  <nd ref="9427225304"/>
  <nd ref="1827538609"/>
  <nd ref="2357441897"/>
  <nd ref="7885702102"/>
  <nd ref="1423579061"/>
  <tag k="highway" v="primary"/>
  <tag k="lanes" v="2"/>
  <tag k="maxspeed" v="60"/>
  <tag k="name" v="Нийслэл хүрээ өргөн чөлөө"/>
  <tag k="name:zh" v="首都框架大道"/>
  <tag k="oneway" v="yes"/>
  <tag k="surface" v="asphalt"/>
 </way>
 <way id="304171300" visible="true" version="1" changeset="25552909" timestamp="2014-09-20T04:21:02Z" user="Seandebasti" uid="550560">
  <nd ref="2916981258"/>
  <nd ref="2924704928"/>
  <tag k="highway" v="service"/>
  <tag k="service" v="parking_aisle"/>
 </way>
 <way id="304171302" visible="true" version="5" changeset="154023728" timestamp="2024-07-16T16:29:12Z" user="Saruul Gan" uid="3328620">
  <nd ref="3013059000"/>
  <nd ref="3086969673"/>
  <nd ref="3086969674"/>
  <nd ref="3086969675"/>
  <nd ref="3086969676"/>
  <nd ref="3086969677"/>
  <nd ref="3086969678"/>
  <nd ref="3086969679"/>
  <nd ref="3086969680"/>
  <nd ref="3086969681"/>
  <nd ref="3086969686"/>
  <nd ref="3086969682"/>
  <nd ref="3086969687"/>
  <nd ref="12057591377"/>
  <nd ref="3086969685"/>
  <nd ref="2916981273"/>
  <nd ref="12057591380"/>
  <nd ref="3013059000"/>
  <nd ref="3013059001"/>
  <nd ref="3013059002"/>
  <nd ref="2916981278"/>
  <nd ref="2924704937"/>
  <nd ref="2924704947"/>
  <nd ref="2916981288"/>
  <nd ref="3086969667"/>
  <nd ref="3086969695"/>
  <nd ref="3086969668"/>
  <nd ref="9316875526"/>
  <nd ref="9316875527"/>
  <nd ref="9316875528"/>
  <nd ref="3912819874"/>
  <tag k="highway" v="footway"/>
 </way>
 <way id="309555821" visible="true" version="9" changeset="164796478" timestamp="2025-04-11T04:50:10Z" user="LakeMatano" uid="16936637">
  <nd ref="4099907961"/>
  <nd ref="8443563949"/>
  <nd ref="8730563239"/>
  <nd ref="2282811643"/>
  <nd ref="3912578455"/>
  <nd ref="3912580907"/>
  <nd ref="3912580914"/>
  <nd ref="8730563240"/>
  <nd ref="11058012049"/>
  <nd ref="12746581123"/>
  <nd ref="8730563344"/>
  <nd ref="8047245326"/>
  <tag k="highway" v="tertiary"/>
 </way>
 <way id="317861229" visible="true" version="1" changeset="27559484" timestamp="2014-12-18T21:45:38Z" user="Luis36995" uid="1829683">
  <nd ref="2282813047"/>
  <nd ref="2282813046"/>
  <tag k="highway" v="residential"/>
 </way>
 <way id="317861230" visible="true" version="3" changeset="104676062" timestamp="2021-05-14T09:15:26Z" user="Saruul Gan" uid="3328620">
  <nd ref="2282812565"/>
  <nd ref="8047246477"/>
  <nd ref="2282811629"/>
  <nd ref="2282811637"/>
  <nd ref="2282811635"/>
  <nd ref="8730563345"/>
  <nd ref="2282811641"/>
  <tag k="highway" v="residential"/>
 </way>
 <way id="334725168" visible="true" version="1" changeset="29734392" timestamp="2015-03-25T18:32:23Z" user="RichRico" uid="2219338">
  <nd ref="2282811640"/>
  <nd ref="2282811639"/>
  <tag k="highway" v="residential"/>
 </way>
 <way id="334725169" visible="true" version="1" changeset="29734392" timestamp="2015-03-25T18:32:23Z" user="RichRico" uid="2219338">
  <nd ref="2282811624"/>
  <nd ref="2282811640"/>
  <tag k="highway" v="residential"/>
 </way>
 <way id="334725170" visible="true" version="1" changeset="29734392" timestamp="2015-03-25T18:32:23Z" user="RichRico" uid="2219338">
  <nd ref="2282811639"/>
  <nd ref="2282811630"/>
  <nd ref="2282811636"/>
  <tag k="highway" v="residential"/>
 </way>
 <way id="374898593" visible="true" version="6" changeset="136196563" timestamp="2023-05-17T06:53:42Z" user="Batuyanga" uid="8684333">
  <nd ref="3782794833"/>
  <nd ref="3782794834"/>
  <nd ref="3782794835"/>
  <nd ref="10904458481"/>
  <nd ref="3782794836"/>
  <nd ref="3782794833"/>
  <tag k="addr:city" v="Ulaanbaatar"/>
  <tag k="addr:postcode" v="13312"/>
  <tag k="building" v="apartments"/>
  <tag k="building:flats" v="88"/>
  <tag k="building:levels" v="17"/>
  <tag k="name" v="721"/>
  <tag k="name:mn" v="Нарлаг Өргөө хотхон 721"/>
 </way>
 <way id="385814999" visible="true" version="3" changeset="100061857" timestamp="2021-02-26T16:07:10Z" user="jma364" uid="12720746">
  <nd ref="3891462744"/>
  <nd ref="3891462745"/>
  <nd ref="3891462746"/>
  <nd ref="8461570041"/>
  <nd ref="4696470305"/>
  <nd ref="3891462747"/>
  <nd ref="3891462744"/>
  <tag k="construction" v="apartment"/>
  <tag k="landuse" v="residential"/>
  <tag k="name" v="Саруул хороолол"/>
  <tag k="operator" v="Алтай констракшн"/>
  <tag k="phone" v="+976-11-319699"/>
  <tag k="website" v="http://www.altaiconstruction.mn/"/>
 </way>
 <way id="385815008" visible="true" version="2" changeset="89857929" timestamp="2020-08-24T12:23:23Z" user="Bayanjargal Byambatsogt" uid="4879525">
  <nd ref="3891462980"/>
  <nd ref="3891462981"/>
  <nd ref="3891462982"/>
  <nd ref="3891462983"/>
  <nd ref="3891462980"/>
  <tag k="addr:housenumber" v="120"/>
  <tag k="building" v="yes"/>
 </way>
 <way id="386120481" visible="true" version="3" changeset="109466671" timestamp="2021-08-10T13:38:58Z" user="kartonage" uid="1497225">
  <nd ref="2916981250"/>
  <nd ref="2916981233"/>
  <nd ref="3894584315"/>
  <nd ref="3894584316"/>
  <nd ref="2916981250"/>
  <tag k="building" v="commercial"/>
  <tag k="name" v="Encanto sports center"/>
 </way>
 <way id="386123373" visible="true" version="3" changeset="57968936" timestamp="2018-04-10T11:13:50Z" user="Баатар" uid="2700224">
  <nd ref="3894615944"/>
  <nd ref="3894615945"/>
  <nd ref="4845743349"/>
  <nd ref="4845743348"/>
  <nd ref="3894615946"/>
  <nd ref="3894615947"/>
  <nd ref="3894615944"/>
  <tag k="building" v="apartments"/>
 </way>
 <way id="386123749" visible="true" version="3" changeset="54134904" timestamp="2017-11-27T22:36:57Z" user="landfahrer" uid="1069176">
  <nd ref="3894621226"/>
  <nd ref="3894621221"/>
  <nd ref="3894621222"/>
  <nd ref="3894621223"/>
  <nd ref="3894621224"/>
  <nd ref="3894621227"/>
  <nd ref="3894621226"/>
  <tag k="building" v="apartments"/>
  <tag k="name" v="-Р БАЙР"/>
 </way>
 <way id="386764466" visible="true" version="5" changeset="135323147" timestamp="2023-04-25T01:14:33Z" user="LakeVostok" uid="16853710">
  <nd ref="3901142958"/>
  <nd ref="8730563346"/>
  <nd ref="10838679816"/>
  <nd ref="10838679830"/>
  <nd ref="3901142960"/>
  <tag k="highway" v="residential"/>
 </way>
 <way id="387124111" visible="true" version="19" changeset="171436608" timestamp="2025-09-04T06:55:15Z" user="HamiDesert" uid="20109098">
  <nd ref="10005702914"/>
  <nd ref="8730563354"/>
  <nd ref="8730563347"/>
  <nd ref="3904523424"/>
  <nd ref="8730563308"/>
  <nd ref="8730563309"/>
  <nd ref="8730563310"/>
  <nd ref="8730563311"/>
  <nd ref="8730563355"/>
  <nd ref="8622444591"/>
  <nd ref="8730563307"/>
  <nd ref="8730563357"/>
  <nd ref="8730563356"/>
  <nd ref="12620594924"/>
  <nd ref="10980044586"/>
  <nd ref="3904523423"/>
  <nd ref="8730563353"/>
  <nd ref="3904522191"/>
  <nd ref="8730563352"/>
  <nd ref="10980044602"/>
  <nd ref="10980044599"/>
  <nd ref="8730563351"/>
  <nd ref="3904523422"/>
  <nd ref="10980044592"/>
  <nd ref="3904523421"/>
  <nd ref="10980044588"/>
  <nd ref="13118744881"/>
  <nd ref="3904523420"/>
  <nd ref="10187548429"/>
  <nd ref="9932910345"/>
  <nd ref="9043559318"/>
  <nd ref="10187536868"/>
  <nd ref="7350342420"/>
  <nd ref="3904523419"/>
  <nd ref="7885702193"/>
  <tag k="highway" v="footway"/>
 </way>
 <way id="387124831" visible="true" version="6" changeset="173028093" timestamp="2025-10-09T01:31:58Z" user="HamiDesert" uid="20109098">
  <nd ref="3904533430"/>
  <nd ref="13204018724"/>
  <nd ref="10980044511"/>
  <nd ref="10980044517"/>
  <nd ref="8730563337"/>
  <nd ref="2282815539"/>
  <tag k="highway" v="footway"/>
 </way>
 <way id="387125172" visible="true" version="3" changeset="104676062" timestamp="2021-05-14T09:15:26Z" user="Saruul Gan" uid="3328620">
  <nd ref="2282815539"/>
  <nd ref="8443551974"/>
  <nd ref="8730563249"/>
  <nd ref="3904530518"/>
  <nd ref="8730563248"/>
  <nd ref="8730563247"/>
  <nd ref="3904530535"/>
  <tag k="highway" v="footway"/>
 </way>
 <way id="387125260" visible="true" version="5" changeset="164796478" timestamp="2025-04-11T04:50:10Z" user="LakeMatano" uid="16936637">
  <nd ref="3904530535"/>
  <nd ref="3904530536"/>
  <nd ref="12746581122"/>
  <nd ref="11058012048"/>
  <nd ref="8443563959"/>
  <nd ref="8443563958"/>
  <nd ref="8443563957"/>
  <nd ref="8730563237"/>
  <tag k="highway" v="footway"/>
 </way>
 <way id="387125413" visible="true" version="3" changeset="104676062" timestamp="2021-05-14T09:15:26Z" user="Saruul Gan" uid="3328620">
  <nd ref="3904530536"/>
  <nd ref="8730563344"/>
  <nd ref="3904532309"/>
  <tag k="highway" v="footway"/>
 </way>
 <way id="387125471" visible="true" version="2" changeset="104676062" timestamp="2021-05-14T09:15:26Z" user="Saruul Gan" uid="3328620">
  <nd ref="3904533005"/>
  <nd ref="8730563345"/>
  <nd ref="3904532785"/>
  <tag k="highway" v="footway"/>
 </way>
 <way id="387125489" visible="true" version="2" changeset="104676062" timestamp="2021-05-14T09:15:26Z" user="Saruul Gan" uid="3328620">
  <nd ref="3904532785"/>
  <nd ref="8730563349"/>
  <nd ref="3904532786"/>
  <tag k="highway" v="footway"/>
 </way>
 <way id="387128647" visible="true" version="12" changeset="135323147" timestamp="2023-04-25T01:14:33Z" user="LakeVostok" uid="16853710">
  <nd ref="8299578098"/>
  <nd ref="8299578099"/>
  <nd ref="3904552609"/>
  <nd ref="8299578094"/>
  <nd ref="10006043981"/>
  <nd ref="3904552608"/>
  <nd ref="8730563350"/>
  <nd ref="8730563346"/>
  <nd ref="3904552607"/>
  <nd ref="9531219690"/>
  <nd ref="8047216365"/>
  <nd ref="7640141322"/>
  <nd ref="10838679805"/>
  <nd ref="10838624488"/>
  <nd ref="3904552606"/>
  <nd ref="10838650463"/>
  <nd ref="9043559359"/>
  <nd ref="9043559360"/>
  <nd ref="3904552605"/>
  <nd ref="2357441923"/>
  <tag k="highway" v="footway"/>
 </way>
 <way id="388035218" visible="true" version="4" changeset="99697428" timestamp="2021-02-21T20:20:55Z" user="cstripling" uid="10082100">
  <nd ref="3912534108"/>
  <nd ref="3912534109"/>
  <nd ref="3912534112"/>
  <nd ref="3912534113"/>
  <nd ref="3912534108"/>
  <tag k="building" v="apartments"/>
  <tag k="name" v="501"/>
 </way>
 <way id="388035454" visible="true" version="3" changeset="99697428" timestamp="2021-02-21T20:20:55Z" user="cstripling" uid="10082100">
  <nd ref="3912535132"/>
  <nd ref="3912535133"/>
  <nd ref="3912535134"/>
  <nd ref="3912535135"/>
  <nd ref="3912535132"/>
  <tag k="building" v="apartments"/>
  <tag k="name" v="502"/>
 </way>
 <way id="388035502" visible="true" version="1" changeset="36193408" timestamp="2015-12-27T12:15:56Z" user="Oyungerel" uid="3483329">
  <nd ref="3912535721"/>
  <nd ref="3912535722"/>
  <nd ref="3912535723"/>
  <nd ref="3912535724"/>
  <nd ref="3912535721"/>
  <tag k="building" v="apartments"/>
  <tag k="name" v="503"/>
 </way>
 <way id="388035741" visible="true" version="2" changeset="36193442" timestamp="2015-12-27T12:18:04Z" user="Oyungerel" uid="3483329">
  <nd ref="3912538043"/>
  <nd ref="3912538044"/>
  <nd ref="3912538045"/>
  <nd ref="3912538046"/>
  <nd ref="3912538043"/>
  <tag k="building" v="apartments"/>
  <tag k="name" v="504"/>
 </way>
 <way id="388036041" visible="true" version="2" changeset="36193493" timestamp="2015-12-27T12:20:47Z" user="Oyungerel" uid="3483329">
  <nd ref="3912544226"/>
  <nd ref="3912544227"/>
  <nd ref="3912544228"/>
  <nd ref="3912544229"/>
  <nd ref="3912544226"/>
  <tag k="building" v="apartments"/>
  <tag k="name" v="505"/>
 </way>
 <way id="388037424" visible="true" version="3" changeset="99697428" timestamp="2021-02-21T20:20:55Z" user="cstripling" uid="10082100">
  <nd ref="3912548362"/>
  <nd ref="3912548364"/>
  <nd ref="3912548365"/>
  <nd ref="3912548366"/>
  <nd ref="3912548362"/>
  <tag k="building" v="yes"/>
  <tag k="name" v="Smeraldo"/>
  <tag k="shop" v="supermarket"/>
 </way>
 <way id="388037579" visible="true" version="1" changeset="36193536" timestamp="2015-12-27T12:23:06Z" user="Oyungerel" uid="3483329">
  <nd ref="3912548307"/>
  <nd ref="3912548308"/>
  <nd ref="3912548309"/>
  <nd ref="3912548310"/>
  <nd ref="3912548307"/>
  <tag k="leisure" v="pitch"/>
  <tag k="name" v="сагсны талбай"/>
  <tag k="sport" v="basketball"/>
 </way>
 <way id="388040543" visible="true" version="3" changeset="154255887" timestamp="2024-07-22T10:35:10Z" user="Saruul Gan" uid="3328620">
  <nd ref="3912578465"/>
  <nd ref="3912578466"/>
  <nd ref="3912578467"/>
  <nd ref="3912578468"/>
  <nd ref="3912578465"/>
  <tag k="leisure" v="playground"/>
 </way>
 <way id="388040703" visible="true" version="2" changeset="99697428" timestamp="2021-02-21T20:20:55Z" user="cstripling" uid="10082100">
  <nd ref="3912578450"/>
  <nd ref="3912578451"/>
  <nd ref="3912578452"/>
  <nd ref="3912578453"/>
  <nd ref="3912578454"/>
  <nd ref="8443563950"/>
  <nd ref="8443563957"/>
  <nd ref="3912578455"/>
  <tag k="highway" v="residential"/>
 </way>
 <way id="388040734" visible="true" version="2" changeset="99697428" timestamp="2021-02-21T20:20:55Z" user="cstripling" uid="10082100">
  <nd ref="3912578450"/>
  <nd ref="8443563951"/>
  <nd ref="3912580075"/>
  <nd ref="8443563952"/>
  <nd ref="8443563950"/>
  <tag k="highway" v="residential"/>
 </way>
 <way id="388040806" visible="true" version="3" changeset="104676062" timestamp="2021-05-14T09:15:26Z" user="Saruul Gan" uid="3328620">
  <nd ref="3912580907"/>
  <nd ref="8443563958"/>
  <nd ref="8730563242"/>
  <nd ref="8730563241"/>
  <nd ref="3912580908"/>
  <nd ref="3912580909"/>
  <nd ref="3912580910"/>
  <nd ref="3912580911"/>
  <nd ref="3912580912"/>
  <nd ref="3912580913"/>
  <nd ref="8443563959"/>
  <nd ref="3912580914"/>
  <tag k="highway" v="residential"/>
 </way>
 <way id="395712233" visible="true" version="4" changeset="164415706" timestamp="2025-04-02T11:04:21Z" user="saruul04" uid="21972502">
  <nd ref="5335785544"/>
  <nd ref="3985521035"/>
  <tag k="bridge" v="yes"/>
  <tag k="highway" v="residential"/>
  <tag k="layer" v="1"/>
  <tag k="oneway" v="no"/>
 </way>
 <way id="419613514" visible="true" version="5" changeset="137396783" timestamp="2023-06-16T05:12:59Z" user="LakeVostok" uid="16853710">
  <nd ref="4196467397"/>
  <nd ref="8730563349"/>
  <nd ref="10980044582"/>
  <nd ref="4196467400"/>
  <nd ref="5335785542"/>
  <nd ref="8730563203"/>
  <nd ref="4196467401"/>
  <nd ref="4196467402"/>
  <nd ref="4196467403"/>
  <nd ref="5335785545"/>
  <nd ref="3985521035"/>
  <tag k="highway" v="living_street"/>
 </way>
 <way id="475977474" visible="true" version="2" changeset="104676062" timestamp="2021-05-14T09:15:26Z" user="Saruul Gan" uid="3328620">
  <nd ref="4696533701"/>
  <nd ref="4696533700"/>
  <nd ref="4696533699"/>
  <nd ref="4696533698"/>
  <nd ref="4696533697"/>
  <nd ref="4696533696"/>
  <nd ref="4696533695"/>
  <nd ref="4696533694"/>
  <nd ref="4696533701"/>
  <tag k="building" v="apartments"/>
  <tag k="building:levels" v="16"/>
  <tag k="name" v="715"/>
 </way>
 <way id="475977475" visible="true" version="2" changeset="104676062" timestamp="2021-05-14T09:15:26Z" user="Saruul Gan" uid="3328620">
  <nd ref="4696533709"/>
  <nd ref="4696533705"/>
  <nd ref="4696533704"/>
  <nd ref="4696533702"/>
  <nd ref="4696533703"/>
  <nd ref="4696533706"/>
  <nd ref="4696533707"/>
  <nd ref="4696533708"/>
  <nd ref="4696533709"/>
  <tag k="building" v="apartments"/>
  <tag k="building:levels" v="16"/>
  <tag k="name" v="716"/>
 </way>
 <way id="492570794" visible="true" version="4" changeset="134588833" timestamp="2023-04-06T18:18:43Z" user="parukhin" uid="519501">
  <nd ref="4845664910"/>
  <nd ref="4845664911"/>
  <nd ref="4845664912"/>
  <nd ref="4845664913"/>
  <nd ref="4845664910"/>
  <tag k="addr:housenumber" v="423"/>
  <tag k="addr:street" v="Хүннүгийн гудамж"/>
  <tag k="building" v="apartments"/>
  <tag k="building:levels" v="13"/>
 </way>
 <way id="492570795" visible="true" version="3" changeset="104676062" timestamp="2021-05-14T09:15:26Z" user="Saruul Gan" uid="3328620">
  <nd ref="4845664914"/>
  <nd ref="4845664915"/>
  <nd ref="4845664916"/>
  <nd ref="4845664917"/>
  <nd ref="4845664918"/>
  <nd ref="8730563298"/>
  <nd ref="8730563297"/>
  <nd ref="8730563296"/>
  <nd ref="4845664920"/>
  <nd ref="4845664914"/>
  <tag k="addr:street" v="Хүннүгийн гудамж"/>
  <tag k="building" v="yes"/>
  <tag k="building:levels" v="12"/>
 </way>
 <way id="492570796" visible="true" version="2" changeset="54705334" timestamp="2017-12-17T15:02:04Z" user="Amgalan Bat-Erdene" uid="7257244">
  <nd ref="4845665421"/>
  <nd ref="4845665422"/>
  <nd ref="4845665423"/>
  <nd ref="4845665424"/>
  <nd ref="4845665421"/>
  <tag k="addr:street" v="Хүннүгийн гудамж"/>
  <tag k="building" v="yes"/>
  <tag k="building:levels" v="2"/>
 </way>
 <way id="492570797" visible="true" version="4" changeset="61969985" timestamp="2018-08-24T19:59:57Z" user="Evandering" uid="6172527">
  <nd ref="4845665425"/>
  <nd ref="5854594083"/>
  <nd ref="4845665427"/>
  <nd ref="4845665428"/>
  <nd ref="4845665429"/>
  <nd ref="4845665430"/>
  <nd ref="4845665431"/>
  <nd ref="4845665432"/>
  <nd ref="4845665425"/>
  <tag k="addr:street" v="Хүннүгийн гудамж"/>
  <tag k="building" v="yes"/>
  <tag k="building:levels" v="2"/>
 </way>
 <way id="492570798" visible="true" version="2" changeset="54705334" timestamp="2017-12-17T15:02:01Z" user="Amgalan Bat-Erdene" uid="7257244">
  <nd ref="4845665433"/>
  <nd ref="4845665434"/>
  <nd ref="4845665435"/>
  <nd ref="4845665436"/>
  <nd ref="4845665433"/>
  <tag k="addr:postcode" v="424"/>
  <tag k="addr:street" v="Хүннүгийн гудамж"/>
  <tag k="building" v="apartments"/>
  <tag k="building:levels" v="15"/>
 </way>
 <way id="492570799" visible="true" version="5" changeset="134588833" timestamp="2023-04-06T18:18:43Z" user="parukhin" uid="519501">
  <nd ref="4845665437"/>
  <nd ref="8730563091"/>
  <nd ref="8730563094"/>
  <nd ref="8730563093"/>
  <nd ref="8730563092"/>
  <nd ref="8730563089"/>
  <nd ref="8730563090"/>
  <nd ref="8730563095"/>
  <nd ref="8730563098"/>
  <nd ref="8730563097"/>
  <nd ref="8730563096"/>
  <nd ref="4845665440"/>
  <nd ref="8730563100"/>
  <nd ref="8730563102"/>
  <nd ref="8730563101"/>
  <nd ref="8730563099"/>
  <nd ref="4845665437"/>
  <tag k="addr:housenumber" v="429"/>
  <tag k="addr:street" v="Хүннүгийн гудамж"/>
  <tag k="building" v="apartments"/>
  <tag k="building:levels" v="15"/>
 </way>
 <way id="492570800" visible="true" version="5" changeset="134588833" timestamp="2023-04-06T18:18:43Z" user="parukhin" uid="519501">
  <nd ref="4845665441"/>
  <nd ref="4845665442"/>
  <nd ref="8730563107"/>
  <nd ref="8730563109"/>
  <nd ref="8730563110"/>
  <nd ref="8730563108"/>
  <nd ref="4845665443"/>
  <nd ref="4845665444"/>
  <nd ref="8730563104"/>
  <nd ref="8730563106"/>
  <nd ref="8730563105"/>
  <nd ref="8730563103"/>
  <nd ref="4845665441"/>
  <tag k="addr:housenumber" v="428"/>
  <tag k="addr:street" v="Хүннүгийн гудамж"/>
  <tag k="building" v="apartments"/>
  <tag k="building:levels" v="15"/>
 </way>
 <way id="492570804" visible="true" version="4" changeset="105725149" timestamp="2021-06-02T14:13:07Z" user="Migmagnai" uid="13469867">
  <nd ref="4845665458"/>
  <nd ref="4845665459"/>
  <nd ref="4845665460"/>
  <nd ref="8730563151"/>
  <nd ref="8730563150"/>
  <nd ref="8730563148"/>
  <nd ref="8730563146"/>
  <nd ref="4845665461"/>
  <nd ref="4845665462"/>
  <nd ref="8730563145"/>
  <nd ref="8730563147"/>
  <nd ref="8730563152"/>
  <nd ref="8730563153"/>
  <nd ref="8730563149"/>
  <nd ref="4845665464"/>
  <nd ref="4845665465"/>
  <nd ref="4845665458"/>
  <tag k="addr:city" v="Улаанбаатар"/>
  <tag k="addr:housenumber" v="420"/>
  <tag k="addr:street" v="Хүннүгийн гудамж"/>
  <tag k="building" v="retail"/>
  <tag k="building:levels" v="3"/>
 </way>
 <way id="492570809" visible="true" version="3" changeset="154255887" timestamp="2024-07-22T10:35:10Z" user="Saruul Gan" uid="3328620">
  <nd ref="4845665482"/>
  <nd ref="4845665483"/>
  <nd ref="4845665484"/>
  <nd ref="4845665485"/>
  <nd ref="4845665482"/>
  <tag k="building" v="apartments"/>
  <tag k="building:levels" v="12"/>
  <tag k="name" v="215"/>
 </way>
 <way id="492570810" visible="true" version="3" changeset="154255887" timestamp="2024-07-22T10:35:10Z" user="Saruul Gan" uid="3328620">
  <nd ref="4845665486"/>
  <nd ref="4845665487"/>
  <nd ref="4845665488"/>
  <nd ref="4845665489"/>
  <nd ref="4845665486"/>
  <tag k="building" v="apartments"/>
  <tag k="building:levels" v="12"/>
  <tag k="name" v="214"/>
 </way>
 <way id="492570812" visible="true" version="2" changeset="57968936" timestamp="2018-04-10T11:13:50Z" user="Баатар" uid="2700224">
  <nd ref="4845665494"/>
  <nd ref="4845665495"/>
  <nd ref="4845665496"/>
  <nd ref="4845665497"/>
  <nd ref="4845665494"/>
  <tag k="building" v="apartments"/>
 </way>
 <way id="492570813" visible="true" version="2" changeset="57968936" timestamp="2018-04-10T11:13:50Z" user="Баатар" uid="2700224">
  <nd ref="4845665498"/>
  <nd ref="4845665499"/>
  <nd ref="4845665500"/>
  <nd ref="4845665501"/>
  <nd ref="4845665498"/>
  <tag k="building" v="apartments"/>
 </way>
 <way id="492570814" visible="true" version="2" changeset="57968936" timestamp="2018-04-10T11:13:50Z" user="Баатар" uid="2700224">
  <nd ref="4845665502"/>
  <nd ref="4845665503"/>
  <nd ref="4845665504"/>
  <nd ref="4845665505"/>
  <nd ref="4845665502"/>
  <tag k="building" v="apartments"/>
 </way>
 <way id="492570815" visible="true" version="2" changeset="141867524" timestamp="2023-09-28T14:35:48Z" user="Idre" uid="20307712">
  <nd ref="4845665506"/>
  <nd ref="4845665507"/>
  <nd ref="4845665508"/>
  <nd ref="4845665509"/>
  <nd ref="4845665506"/>
  <tag k="building" v="apartments"/>
  <tag k="name" v="216-Р БАЙР"/>
 </way>
 <way id="492570816" visible="true" version="3" changeset="141867524" timestamp="2023-09-28T14:35:48Z" user="Idre" uid="20307712">
  <nd ref="4845665510"/>
  <nd ref="4845665511"/>
  <nd ref="4845665512"/>
  <nd ref="4845665513"/>
  <nd ref="4845665510"/>
  <tag k="building" v="apartments"/>
  <tag k="name" v="217-Р БАЙР"/>
 </way>
 <way id="492570817" visible="true" version="3" changeset="141867524" timestamp="2023-09-28T14:35:48Z" user="Idre" uid="20307712">
  <nd ref="4845665514"/>
  <nd ref="4845665515"/>
  <nd ref="4845665516"/>
  <nd ref="4845665517"/>
  <nd ref="4845665514"/>
  <tag k="building" v="apartments"/>
  <tag k="name" v="218-Р БАЙР"/>
 </way>
 <way id="492570818" visible="true" version="4" changeset="141867524" timestamp="2023-09-28T14:35:48Z" user="Idre" uid="20307712">
  <nd ref="4845665518"/>
  <nd ref="4845665519"/>
  <nd ref="4845665520"/>
  <nd ref="4845665521"/>
  <nd ref="4845665518"/>
  <tag k="addr:housenumber" v="219"/>
  <tag k="building" v="apartments"/>
  <tag k="name" v="219-Р БАЙР"/>
 </way>
 <way id="492570819" visible="true" version="5" changeset="154255887" timestamp="2024-07-22T10:35:10Z" user="Saruul Gan" uid="3328620">
  <nd ref="4845665522"/>
  <nd ref="4845665523"/>
  <nd ref="4845665524"/>
  <nd ref="4845665525"/>
  <nd ref="4845665522"/>
  <tag k="addr:housenumber" v="220-р байр"/>
  <tag k="building" v="apartments"/>
  <tag k="building:levels" v="12"/>
  <tag k="name" v="220"/>
 </way>
 <way id="492570820" visible="true" version="4" changeset="154255887" timestamp="2024-07-22T10:35:10Z" user="Saruul Gan" uid="3328620">
  <nd ref="4845665526"/>
  <nd ref="4845665527"/>
  <nd ref="4845665528"/>
  <nd ref="4845665529"/>
  <nd ref="4845665526"/>
  <tag k="building" v="apartments"/>
  <tag k="building:levels" v="12"/>
  <tag k="name" v="221"/>
 </way>
 <way id="492580235" visible="true" version="4" changeset="104676062" timestamp="2021-05-14T09:15:26Z" user="Saruul Gan" uid="3328620">
  <nd ref="4845743375"/>
  <nd ref="4845743376"/>
  <nd ref="4845743377"/>
  <nd ref="4845743378"/>
  <nd ref="4845743379"/>
  <nd ref="4845743380"/>
  <nd ref="4845743381"/>
  <nd ref="4845743382"/>
  <nd ref="4845743375"/>
  <tag k="building" v="apartments"/>
 </way>
 <way id="492580236" visible="true" version="4" changeset="104676062" timestamp="2021-05-14T09:15:26Z" user="Saruul Gan" uid="3328620">
  <nd ref="4845743383"/>
  <nd ref="4845743384"/>
  <nd ref="4845743385"/>
  <nd ref="4845743386"/>
  <nd ref="4845743383"/>
  <tag k="building" v="apartments"/>
 </way>
 <way id="492580238" visible="true" version="3" changeset="104676062" timestamp="2021-05-14T09:15:26Z" user="Saruul Gan" uid="3328620">
  <nd ref="4845743391"/>
  <nd ref="8730553468"/>
  <nd ref="8730553469"/>
  <nd ref="8730553470"/>
  <nd ref="8730553467"/>
  <nd ref="4845743392"/>
  <nd ref="8730553471"/>
  <nd ref="8730553473"/>
  <nd ref="8730553474"/>
  <nd ref="8730553472"/>
  <nd ref="4845743393"/>
  <nd ref="4845743394"/>
  <nd ref="4845743395"/>
  <nd ref="8730553475"/>
  <nd ref="8730553476"/>
  <nd ref="4845743396"/>
  <nd ref="4845743391"/>
  <tag k="building" v="apartments"/>
  <tag k="building:levels" v="16"/>
 </way>
 <way id="492580240" visible="true" version="1" changeset="48561536" timestamp="2017-05-10T13:01:22Z" user="Shigemura Yoshiro" uid="5579168">
  <nd ref="4845743400"/>
  <nd ref="4845743401"/>
  <nd ref="4845743402"/>
  <nd ref="4845743403"/>
  <nd ref="4845743400"/>
  <tag k="building" v="apartments"/>
  <tag k="name" v="-Р БАЙР"/>
 </way>
 <way id="552689601" visible="true" version="1" changeset="55394387" timestamp="2018-01-12T22:27:14Z" user="whatmeinfallible" uid="7150022">
  <nd ref="3792265702"/>
  <nd ref="5335785544"/>
  <tag k="highway" v="residential"/>
 </way>
 <way id="578466641" visible="true" version="1" changeset="57968936" timestamp="2018-04-10T11:13:48Z" user="Баатар" uid="2700224">
  <nd ref="5542637629"/>
  <nd ref="5542637630"/>
  <tag k="highway" v="primary_link"/>
 </way>
 <way id="615412292" visible="true" version="3" changeset="137396783" timestamp="2023-06-16T05:12:59Z" user="LakeVostok" uid="16853710">
  <nd ref="8730563269"/>
  <nd ref="8730563353"/>
  <nd ref="8730563283"/>
  <nd ref="10980046205"/>
  <nd ref="10980046207"/>
  <nd ref="5819504023"/>
  <nd ref="8730563282"/>
  <nd ref="8730563281"/>
  <nd ref="10980046206"/>
  <nd ref="10980044604"/>
  <nd ref="3904522191"/>
  <nd ref="8730563268"/>
  <tag k="highway" v="residential"/>
 </way>
 <way id="615412309" visible="true" version="4" changeset="137396783" timestamp="2023-06-16T05:12:59Z" user="LakeVostok" uid="16853710">
  <nd ref="8730563279"/>
  <nd ref="8730563351"/>
  <nd ref="10980044594"/>
  <nd ref="5819504135"/>
  <nd ref="10980044598"/>
  <nd ref="10980044601"/>
  <nd ref="5819504136"/>
  <nd ref="10980044597"/>
  <nd ref="8730563352"/>
  <nd ref="8730563280"/>
  <tag k="highway" v="residential"/>
 </way>
 <way id="669481264" visible="true" version="13" changeset="165287639" timestamp="2025-04-22T13:58:36Z" user="NFZANMNIM" uid="1980310">
  <nd ref="6269327793"/>
  <nd ref="9344021532"/>
  <nd ref="9344021533"/>
  <nd ref="9344021534"/>
  <nd ref="9344021535"/>
  <nd ref="9344021536"/>
  <nd ref="9344021537"/>
  <nd ref="9344021531"/>
  <nd ref="9344021538"/>
  <nd ref="6269327794"/>
  <nd ref="4342704913"/>
  <nd ref="6269327796"/>
  <nd ref="8390956536"/>
  <nd ref="6269327797"/>
  <nd ref="8420822316"/>
  <nd ref="8420822315"/>
  <nd ref="8452224728"/>
  <nd ref="8452224730"/>
  <nd ref="8420822314"/>
  <nd ref="8452224734"/>
  <nd ref="8452224735"/>
  <nd ref="8420822313"/>
  <nd ref="8420822312"/>
  <nd ref="8452224767"/>
  <nd ref="8452224768"/>
  <nd ref="8452224769"/>
  <nd ref="8444057268"/>
  <nd ref="8452224770"/>
  <nd ref="8452224771"/>
  <nd ref="8444057265"/>
  <nd ref="8420822311"/>
  <nd ref="8420822310"/>
  <nd ref="8420822309"/>
  <nd ref="8420822308"/>
  <nd ref="8420822307"/>
  <nd ref="8420822306"/>
  <nd ref="8420822305"/>
  <nd ref="8420822291"/>
  <nd ref="8420822292"/>
  <nd ref="8420822290"/>
  <nd ref="8420822289"/>
  <nd ref="8420822288"/>
  <nd ref="8420822287"/>
  <nd ref="8420822286"/>
  <nd ref="8420822285"/>
  <nd ref="8420822284"/>
  <nd ref="8420822283"/>
  <nd ref="8420822282"/>
  <nd ref="8567128227"/>
  <nd ref="8567128226"/>
  <nd ref="8567128225"/>
  <nd ref="8567128224"/>
  <nd ref="8567128223"/>
  <nd ref="8420822281"/>
  <nd ref="8567128222"/>
  <nd ref="8567128221"/>
  <nd ref="8567128220"/>
  <nd ref="8420822280"/>
  <nd ref="8567128219"/>
  <nd ref="8567128218"/>
  <nd ref="8420822279"/>
  <nd ref="8567128217"/>
  <nd ref="6269327798"/>
  <nd ref="8567076916"/>
  <nd ref="8567076915"/>
  <nd ref="6269327799"/>
  <nd ref="8567076867"/>
  <nd ref="8567076866"/>
  <nd ref="8567076865"/>
  <nd ref="8567076863"/>
  <nd ref="8567076864"/>
  <nd ref="6269327800"/>
  <nd ref="6269327801"/>
  <nd ref="6269327802"/>
  <nd ref="8060715520"/>
  <nd ref="8060717919"/>
  <nd ref="6269327803"/>
  <nd ref="9344021543"/>
  <nd ref="9344021544"/>
  <nd ref="9344021545"/>
  <nd ref="9344021546"/>
  <nd ref="9344021542"/>
  <nd ref="9344021521"/>
  <nd ref="6269327806"/>
  <nd ref="9344021522"/>
  <nd ref="9344021523"/>
  <nd ref="9344021524"/>
  <nd ref="9344021525"/>
  <nd ref="8934837293"/>
  <nd ref="9344021527"/>
  <nd ref="9344021528"/>
  <nd ref="9344021526"/>
  <nd ref="9344021529"/>
  <nd ref="9344021530"/>
  <nd ref="6269327793"/>
  <tag k="leisure" v="park"/>
  <tag k="name" v="Үндэсний Цэцэрлэгт Хүрээлэн ᠦᠨᠳᠦᠰᠦᠨ ᠦ ᠴᠡᠴᠡᠷᠯᠢᠭ᠍ᠲᠤ ᠬᠦᠷᠢᠶᠡᠯᠡᠩ"/>
  <tag k="name:de" v="National Park"/>
  <tag k="name:mn" v="Үндэсний Цэцэрлэгт Хүрээлэн"/>
  <tag k="name:mn-Cyrl" v="Үндэсний Цэцэрлэгт Хүрээлэн"/>
  <tag k="name:mn-Mong" v="ᠦᠨᠳᠦᠰᠦᠨ ᠦ ᠴᠡᠴᠡᠷᠯᠢᠭ᠍ᠲᠤ ᠬᠦᠷᠢᠶᠡᠯᠡᠩ"/>
 </way>
 <way id="678064579" visible="true" version="9" changeset="135322929" timestamp="2023-04-25T01:00:39Z" user="LakeVostok" uid="16853710">
  <nd ref="6348872582"/>
  <nd ref="9043559359"/>
  <nd ref="6348872583"/>
  <nd ref="6348872584"/>
  <nd ref="6348872785"/>
  <nd ref="6348872786"/>
  <nd ref="10838650481"/>
  <nd ref="7640141323"/>
  <nd ref="8530654917"/>
  <nd ref="6348872791"/>
  <nd ref="8530654919"/>
  <tag k="highway" v="residential"/>
 </way>
 <way id="680831208" visible="true" version="4" changeset="131099399" timestamp="2023-01-10T09:59:51Z" user="MoldoveanuPeak" uid="17110706">
  <nd ref="10536616151"/>
  <nd ref="7350342420"/>
  <nd ref="4845743356"/>
  <tag k="highway" v="residential"/>
 </way>
 <way id="680856857" visible="true" version="2" changeset="104676062" timestamp="2021-05-14T09:15:26Z" user="Saruul Gan" uid="3328620">
  <nd ref="6375458584"/>
  <nd ref="3904530535"/>
  <nd ref="6375459485"/>
  <tag k="highway" v="residential"/>
 </way>
 <way id="680856895" visible="true" version="1" changeset="68745982" timestamp="2019-04-01T08:43:31Z" user="лакистрайк1989" uid="8352405">
  <nd ref="6375459485"/>
  <nd ref="6375459542"/>
  <tag k="highway" v="residential"/>
 </way>
 <way id="680857030" visible="true" version="2" changeset="99697483" timestamp="2021-02-21T20:22:35Z" user="cstripling" uid="10082100">
  <nd ref="6375460811"/>
  <nd ref="8443551974"/>
  <nd ref="8443551973"/>
  <nd ref="6375460812"/>
  <nd ref="8443551972"/>
  <nd ref="6375459542"/>
  <tag k="highway" v="residential"/>
 </way>
 <way id="687887723" visible="true" version="3" changeset="136195613" timestamp="2023-05-17T06:28:28Z" user="Batuyanga" uid="8684333">
  <nd ref="6448941974"/>
  <nd ref="6448941973"/>
  <nd ref="6448941972"/>
  <nd ref="6448941971"/>
  <nd ref="6448941974"/>
  <tag k="addr:city" v="Ulaanbaatar"/>
  <tag k="addr:postcode" v="13312"/>
  <tag k="building" v="apartments"/>
  <tag k="building:flats" v="88"/>
  <tag k="building:levels" v="17"/>
  <tag k="name" v="722"/>
  <tag k="name:mn" v="Нарлаг Өргөө 722"/>
 </way>
 <way id="778032615" visible="true" version="2" changeset="104676062" timestamp="2021-05-14T09:15:26Z" user="Saruul Gan" uid="3328620">
  <nd ref="7261315552"/>
  <nd ref="7261315549"/>
  <nd ref="7261315550"/>
  <nd ref="7261315551"/>
  <nd ref="7261315552"/>
  <tag k="building" v="apartments"/>
  <tag k="building:levels" v="1"/>
 </way>
 <way id="778032616" visible="true" version="2" changeset="104676062" timestamp="2021-05-14T09:15:26Z" user="Saruul Gan" uid="3328620">
  <nd ref="7261315556"/>
  <nd ref="7261315553"/>
  <nd ref="7261315554"/>
  <nd ref="7261315555"/>
  <nd ref="7261315556"/>
  <tag k="building" v="apartments"/>
  <tag k="building:levels" v="1"/>
 </way>
 <way id="778032617" visible="true" version="2" changeset="114606334" timestamp="2021-12-06T07:34:47Z" user="Saruul Gan" uid="3328620">
  <nd ref="7261315560"/>
  <nd ref="7261315557"/>
  <nd ref="7261315558"/>
  <nd ref="7261315559"/>
  <nd ref="7261315560"/>
  <tag k="building" v="garage"/>
  <tag k="building:levels" v="1"/>
 </way>
 <way id="778032618" visible="true" version="4" changeset="156747226" timestamp="2024-09-17T20:57:13Z" user="Saruul Gan" uid="3328620">
  <nd ref="7261315564"/>
  <nd ref="7261315561"/>
  <nd ref="7261315562"/>
  <nd ref="7261315563"/>
  <nd ref="7261315564"/>
  <tag k="building" v="apartments"/>
  <tag k="name" v="510"/>
 </way>
 <way id="778032619" visible="true" version="2" changeset="104676062" timestamp="2021-05-14T09:15:26Z" user="Saruul Gan" uid="3328620">
  <nd ref="7261315568"/>
  <nd ref="7261315565"/>
  <nd ref="7261315566"/>
  <nd ref="7261315567"/>
  <nd ref="7261315568"/>
  <tag k="building" v="construction"/>
  <tag k="building:levels" v="1"/>
 </way>
 <way id="778032626" visible="true" version="2" changeset="104676062" timestamp="2021-05-14T09:15:26Z" user="Saruul Gan" uid="3328620">
  <nd ref="7261349996"/>
  <nd ref="7261349993"/>
  <nd ref="7261349994"/>
  <nd ref="7261349995"/>
  <nd ref="7261349996"/>
  <tag k="building" v="apartments"/>
  <tag k="building:levels" v="1"/>
 </way>
 <way id="845230981" visible="true" version="9" changeset="157545687" timestamp="2024-10-06T15:22:45Z" user="saruul04" uid="21972502">
  <nd ref="1268520439"/>
  <nd ref="9932910799"/>
  <nd ref="5862396460"/>
  <nd ref="11601608024"/>
  <nd ref="9932910373"/>
  <nd ref="3792265702"/>
  <nd ref="9932921665"/>
  <nd ref="11328669713"/>
  <nd ref="3792265703"/>
  <tag k="highway" v="tertiary"/>
  <tag k="lanes" v="2"/>
 </way>
 <way id="863779657" visible="true" version="5" changeset="135323147" timestamp="2023-04-25T01:14:33Z" user="LakeVostok" uid="16853710">
  <nd ref="8730563263"/>
  <nd ref="8730563311"/>
  <nd ref="10838679835"/>
  <nd ref="10838624497"/>
  <nd ref="10838624499"/>
  <nd ref="10838679829"/>
  <nd ref="9531219690"/>
  <nd ref="8730563312"/>
  <tag k="highway" v="residential"/>
 </way>
 <way id="863779863" visible="true" version="2" changeset="104676062" timestamp="2021-05-14T09:15:26Z" user="Saruul Gan" uid="3328620">
  <nd ref="2282812968"/>
  <nd ref="8730563240"/>
  <tag k="highway" v="residential"/>
 </way>
 <way id="863779958" visible="true" version="1" changeset="93061157" timestamp="2020-10-26T12:23:39Z" user="mytilene" uid="2490007">
  <nd ref="2282811628"/>
  <nd ref="8047246474"/>
  <nd ref="8047246475"/>
  <nd ref="8047246476"/>
  <nd ref="8047246477"/>
  <tag k="highway" v="residential"/>
 </way>
 <way id="899829961" visible="true" version="3" changeset="104676062" timestamp="2021-05-14T09:15:26Z" user="Saruul Gan" uid="3328620">
  <nd ref="8360489969"/>
  <nd ref="8360489970"/>
  <nd ref="8360489971"/>
  <nd ref="8360489972"/>
  <nd ref="8360489969"/>
  <tag k="building" v="construction"/>
 </way>
 <way id="899829962" visible="true" version="3" changeset="104676062" timestamp="2021-05-14T09:15:26Z" user="Saruul Gan" uid="3328620">
  <nd ref="8360489975"/>
  <nd ref="8360489978"/>
  <nd ref="8360489979"/>
  <nd ref="8360489985"/>
  <nd ref="8360489975"/>
  <tag k="building" v="construction"/>
 </way>
 <way id="899830743" visible="true" version="1" changeset="98115570" timestamp="2021-01-25T11:12:20Z" user="百变怪" uid="12544876">
  <nd ref="8360502297"/>
  <nd ref="8360502298"/>
  <nd ref="8360502299"/>
  <nd ref="8360502300"/>
  <nd ref="8360502297"/>
  <tag k="building" v="yes"/>
 </way>
 <way id="906003705" visible="true" version="4" changeset="169749754" timestamp="2025-07-31T05:00:41Z" user="justAnand" uid="23145136">
  <nd ref="8413480316"/>
  <nd ref="8413500817"/>
  <nd ref="8413500818"/>
  <nd ref="8413500819"/>
  <nd ref="8413480316"/>
  <tag k="building" v="commercial"/>
  <tag k="name" v="Зүүн өндөр"/>
 </way>
 <way id="906940977" visible="true" version="1" changeset="99233845" timestamp="2021-02-13T23:44:45Z" user="niravi" uid="5574327">
  <nd ref="8421629404"/>
  <nd ref="8421629405"/>
  <nd ref="8421629406"/>
  <nd ref="8421629407"/>
  <nd ref="8421629404"/>
  <tag k="building" v="yes"/>
 </way>
 <way id="909156420" visible="true" version="1" changeset="99659218" timestamp="2021-02-20T20:33:09Z" user="Neil Sillence" uid="11013975">
  <nd ref="8441517041"/>
  <nd ref="8441517042"/>
  <nd ref="8441517043"/>
  <nd ref="8441517044"/>
  <nd ref="8441517041"/>
  <tag k="building" v="yes"/>
 </way>
 <way id="909156722" visible="true" version="2" changeset="137396783" timestamp="2023-06-16T05:12:59Z" user="LakeVostok" uid="16853710">
  <nd ref="8441518951"/>
  <nd ref="8441518952"/>
  <tag k="highway" v="service"/>
 </way>
 <way id="909385447" visible="true" version="1" changeset="99697203" timestamp="2021-02-21T20:14:39Z" user="cstripling" uid="10082100">
  <nd ref="8443558922"/>
  <nd ref="8443558923"/>
  <nd ref="8443558924"/>
  <nd ref="8443558925"/>
  <nd ref="8443558922"/>
  <tag k="building" v="construction"/>
 </way>
 <way id="909385448" visible="true" version="1" changeset="99697203" timestamp="2021-02-21T20:14:39Z" user="cstripling" uid="10082100">
  <nd ref="8443558926"/>
  <nd ref="8443558927"/>
  <nd ref="8443558928"/>
  <nd ref="8443558929"/>
  <nd ref="8443558926"/>
  <tag k="building" v="yes"/>
 </way>
 <way id="909385449" visible="true" version="1" changeset="99697203" timestamp="2021-02-21T20:14:39Z" user="cstripling" uid="10082100">
  <nd ref="8443558930"/>
  <nd ref="8443558931"/>
  <nd ref="8443558932"/>
  <nd ref="8443558933"/>
  <nd ref="8443558930"/>
  <tag k="building" v="yes"/>
 </way>
 <way id="909385450" visible="true" version="1" changeset="99697203" timestamp="2021-02-21T20:14:39Z" user="cstripling" uid="10082100">
  <nd ref="8443558934"/>
  <nd ref="8443558935"/>
  <nd ref="8443558936"/>
  <nd ref="8443558937"/>
  <nd ref="8443558934"/>
  <tag k="building" v="yes"/>
 </way>
 <way id="909385451" visible="true" version="1" changeset="99697203" timestamp="2021-02-21T20:14:39Z" user="cstripling" uid="10082100">
  <nd ref="8443558938"/>
  <nd ref="8443558939"/>
  <nd ref="8443558940"/>
  <nd ref="8443558941"/>
  <nd ref="8443558938"/>
  <tag k="building" v="yes"/>
 </way>
 <way id="909385452" visible="true" version="1" changeset="99697203" timestamp="2021-02-21T20:14:39Z" user="cstripling" uid="10082100">
  <nd ref="8443558942"/>
  <nd ref="8443558943"/>
  <nd ref="8443558944"/>
  <nd ref="8443558945"/>
  <nd ref="8443558942"/>
  <tag k="building" v="yes"/>
 </way>
 <way id="909386423" visible="true" version="2" changeset="104676062" timestamp="2021-05-14T09:15:26Z" user="Saruul Gan" uid="3328620">
  <nd ref="8443563953"/>
  <nd ref="8443563954"/>
  <nd ref="8443563955"/>
  <nd ref="8443563956"/>
  <nd ref="8443563953"/>
  <tag k="building" v="apartments"/>
 </way>
 <way id="911279180" visible="true" version="1" changeset="100061857" timestamp="2021-02-26T16:07:10Z" user="jma364" uid="12720746">
  <nd ref="8461570025"/>
  <nd ref="8461570026"/>
  <nd ref="8461570027"/>
  <nd ref="8461570028"/>
  <nd ref="8461570025"/>
  <tag k="building" v="yes"/>
 </way>
 <way id="911279181" visible="true" version="1" changeset="100061857" timestamp="2021-02-26T16:07:10Z" user="jma364" uid="12720746">
  <nd ref="8461570029"/>
  <nd ref="8461570030"/>
  <nd ref="8461570031"/>
  <nd ref="8461570032"/>
  <nd ref="8461570033"/>
  <nd ref="8461570029"/>
  <tag k="building" v="yes"/>
 </way>
 <way id="911279184" visible="true" version="1" changeset="100061857" timestamp="2021-02-26T16:07:10Z" user="jma364" uid="12720746">
  <nd ref="8461570041"/>
  <nd ref="8461570042"/>
  <nd ref="8461570043"/>
  <nd ref="8461570044"/>
  <nd ref="8461570045"/>
  <nd ref="8461570046"/>
  <nd ref="8461570047"/>
  <nd ref="8461570048"/>
  <tag k="barrier" v="fence"/>
 </way>
 <way id="911279185" visible="true" version="1" changeset="100061857" timestamp="2021-02-26T16:07:10Z" user="jma364" uid="12720746">
  <nd ref="8461570049"/>
  <nd ref="8461570050"/>
  <nd ref="8461570051"/>
  <tag k="barrier" v="fence"/>
 </way>
 <way id="911279186" visible="true" version="1" changeset="100061857" timestamp="2021-02-26T16:07:10Z" user="jma364" uid="12720746">
  <nd ref="8461570052"/>
  <nd ref="8461570053"/>
  <nd ref="8461570054"/>
  <nd ref="8461570055"/>
  <nd ref="8461570052"/>
  <tag k="building" v="yes"/>
 </way>
 <way id="911279187" visible="true" version="1" changeset="100061857" timestamp="2021-02-26T16:07:10Z" user="jma364" uid="12720746">
  <nd ref="8461570056"/>
  <nd ref="8461570057"/>
  <nd ref="8461570058"/>
  <nd ref="8461570059"/>
  <nd ref="8461570056"/>
  <tag k="building" v="yes"/>
 </way>
 <way id="911279188" visible="true" version="1" changeset="100061857" timestamp="2021-02-26T16:07:10Z" user="jma364" uid="12720746">
  <nd ref="8461570060"/>
  <nd ref="8461570061"/>
  <nd ref="8461570062"/>
  <nd ref="8461570063"/>
  <nd ref="8461570060"/>
  <tag k="building" v="yes"/>
 </way>
 <way id="911279189" visible="true" version="1" changeset="100061857" timestamp="2021-02-26T16:07:10Z" user="jma364" uid="12720746">
  <nd ref="8461570064"/>
  <nd ref="8461570065"/>
  <nd ref="8461570066"/>
  <nd ref="8461570067"/>
  <nd ref="8461570064"/>
  <tag k="building" v="yes"/>
 </way>
 <way id="911279190" visible="true" version="1" changeset="100061857" timestamp="2021-02-26T16:07:10Z" user="jma364" uid="12720746">
  <nd ref="8461570068"/>
  <nd ref="8461570069"/>
  <nd ref="8461570070"/>
  <nd ref="8461570071"/>
  <nd ref="8461570068"/>
  <tag k="building" v="yes"/>
 </way>
 <way id="911279191" visible="true" version="2" changeset="104676062" timestamp="2021-05-14T09:15:26Z" user="Saruul Gan" uid="3328620">
  <nd ref="8461570072"/>
  <nd ref="8461570073"/>
  <nd ref="8461570074"/>
  <nd ref="8461570075"/>
  <nd ref="8461570072"/>
  <tag k="building" v="construction"/>
 </way>
 <way id="929776566" visible="true" version="2" changeset="104676062" timestamp="2021-05-14T09:15:26Z" user="Saruul Gan" uid="3328620">
  <nd ref="8622444437"/>
  <nd ref="8730563018"/>
  <nd ref="8622444438"/>
  <nd ref="8730563019"/>
  <nd ref="8730563020"/>
  <nd ref="8730563021"/>
  <nd ref="8622444439"/>
  <nd ref="8622444440"/>
  <nd ref="8622444437"/>
  <tag k="building" v="apartments"/>
 </way>
 <way id="929776567" visible="true" version="3" changeset="114606334" timestamp="2021-12-06T07:34:47Z" user="Saruul Gan" uid="3328620">
  <nd ref="8622444443"/>
  <nd ref="8622444444"/>
  <nd ref="8622444452"/>
  <nd ref="8730553509"/>
  <nd ref="8730553512"/>
  <nd ref="8730563017"/>
  <nd ref="8730553516"/>
  <nd ref="8730553511"/>
  <nd ref="9314654813"/>
  <nd ref="8730553513"/>
  <nd ref="8730553514"/>
  <nd ref="8730553515"/>
  <nd ref="8730553510"/>
  <nd ref="8622444443"/>
  <tag k="building" v="apartments"/>
 </way>
 <way id="929776568" visible="true" version="2" changeset="104676062" timestamp="2021-05-14T09:15:26Z" user="Saruul Gan" uid="3328620">
  <nd ref="8622444441"/>
  <nd ref="8622444453"/>
  <nd ref="8622444454"/>
  <nd ref="8730563027"/>
  <nd ref="8730563026"/>
  <nd ref="8730563025"/>
  <nd ref="8622444455"/>
  <nd ref="8622444456"/>
  <nd ref="8730563022"/>
  <nd ref="8730563024"/>
  <nd ref="8730563023"/>
  <nd ref="8622444457"/>
  <nd ref="8622444441"/>
  <tag k="building" v="apartments"/>
 </way>
 <way id="929776569" visible="true" version="2" changeset="104676062" timestamp="2021-05-14T09:15:26Z" user="Saruul Gan" uid="3328620">
  <nd ref="8622444458"/>
  <nd ref="8622444460"/>
  <nd ref="8622444462"/>
  <nd ref="8622444442"/>
  <nd ref="8622444458"/>
  <tag k="building" v="apartments"/>
 </way>
 <way id="929776574" visible="true" version="2" changeset="104676062" timestamp="2021-05-14T09:15:26Z" user="Saruul Gan" uid="3328620">
  <nd ref="8622444481"/>
  <nd ref="8622444482"/>
  <nd ref="8622444484"/>
  <nd ref="8730563325"/>
  <nd ref="8622444481"/>
  <tag k="building" v="apartments"/>
 </way>
 <way id="929776579" visible="true" version="2" changeset="104676062" timestamp="2021-05-14T09:15:26Z" user="Saruul Gan" uid="3328620">
  <nd ref="8622444504"/>
  <nd ref="8622444505"/>
  <nd ref="8622444688"/>
  <nd ref="8622444687"/>
  <nd ref="8622444504"/>
  <tag k="building" v="yes"/>
  <tag k="office" v="yes"/>
 </way>
 <way id="929776582" visible="true" version="2" changeset="104676062" timestamp="2021-05-14T09:15:26Z" user="Saruul Gan" uid="3328620">
  <nd ref="8622444523"/>
  <nd ref="8622444524"/>
  <nd ref="8730563032"/>
  <nd ref="8730563031"/>
  <nd ref="8622444525"/>
  <nd ref="8622444526"/>
  <nd ref="8622444523"/>
  <tag k="building" v="school"/>
  <tag k="name" v="Олонлог сургууль"/>
 </way>
 <way id="929776609" visible="true" version="2" changeset="104676062" timestamp="2021-05-14T09:15:26Z" user="Saruul Gan" uid="3328620">
  <nd ref="8622444687"/>
  <nd ref="8622444688"/>
  <nd ref="8622444691"/>
  <nd ref="8622444692"/>
  <nd ref="8622444687"/>
  <tag k="building" v="apartments"/>
 </way>
 <way id="942815965" visible="true" version="1" changeset="104676062" timestamp="2021-05-14T09:15:26Z" user="Saruul Gan" uid="3328620">
  <nd ref="8730553477"/>
  <nd ref="8730553478"/>
  <nd ref="8730553479"/>
  <nd ref="8730553480"/>
  <nd ref="8730553481"/>
  <nd ref="8730553482"/>
  <nd ref="8730553483"/>
  <nd ref="8730553484"/>
  <nd ref="8730553485"/>
  <nd ref="8730553486"/>
  <nd ref="8730553487"/>
  <nd ref="8730553488"/>
  <nd ref="8730553489"/>
  <nd ref="8730553490"/>
  <nd ref="8730553491"/>
  <nd ref="8730553492"/>
  <nd ref="8730553477"/>
  <tag k="building" v="apartments"/>
  <tag k="building:levels" v="16"/>
  <tag k="name" v="720"/>
 </way>
 <way id="942815969" visible="true" version="1" changeset="104676062" timestamp="2021-05-14T09:15:26Z" user="Saruul Gan" uid="3328620">
  <nd ref="8730563111"/>
  <nd ref="8730563112"/>
  <nd ref="8730563113"/>
  <nd ref="8730563114"/>
  <nd ref="8730563115"/>
  <nd ref="8730563116"/>
  <nd ref="8730563117"/>
  <nd ref="8730563118"/>
  <nd ref="8730563119"/>
  <nd ref="8730563120"/>
  <nd ref="8730563121"/>
  <nd ref="8730563122"/>
  <nd ref="8730563111"/>
  <tag k="addr:housenumber" v="428"/>
  <tag k="addr:street" v="Хүннүгийн гудамж"/>
  <tag k="building" v="apartments"/>
  <tag k="building:levels" v="15"/>
  <tag k="name" v="430"/>
 </way>
 <way id="942815970" visible="true" version="1" changeset="104676062" timestamp="2021-05-14T09:15:26Z" user="Saruul Gan" uid="3328620">
  <nd ref="8730563123"/>
  <nd ref="8730563124"/>
  <nd ref="8730563125"/>
  <nd ref="8730563126"/>
  <nd ref="8730563127"/>
  <nd ref="8730563128"/>
  <nd ref="8730563151"/>
  <nd ref="4845665460"/>
  <nd ref="8730563129"/>
  <nd ref="8730563130"/>
  <nd ref="8730563131"/>
  <nd ref="8730563132"/>
  <nd ref="8730563133"/>
  <nd ref="8730563123"/>
  <tag k="addr:housenumber" v="428"/>
  <tag k="addr:street" v="Хүннүгийн гудамж"/>
  <tag k="building" v="apartments"/>
  <tag k="building:levels" v="15"/>
  <tag k="name" v="427"/>
 </way>
 <way id="942815971" visible="true" version="1" changeset="104676062" timestamp="2021-05-14T09:15:26Z" user="Saruul Gan" uid="3328620">
  <nd ref="8730563134"/>
  <nd ref="4845665463"/>
  <nd ref="8730563149"/>
  <nd ref="8730563153"/>
  <nd ref="8730563135"/>
  <nd ref="8730563136"/>
  <nd ref="8730563137"/>
  <nd ref="8730563138"/>
  <nd ref="8730563139"/>
  <nd ref="8730563140"/>
  <nd ref="8730563141"/>
  <nd ref="8730563142"/>
  <nd ref="8730563143"/>
  <nd ref="8730563144"/>
  <nd ref="8730563134"/>
  <tag k="addr:housenumber" v="428"/>
  <tag k="addr:street" v="Хүннүгийн гудамж"/>
  <tag k="building" v="apartments"/>
  <tag k="building:levels" v="15"/>
  <tag k="name" v="426"/>
 </way>
 <way id="942815977" visible="true" version="2" changeset="145170550" timestamp="2023-12-16T00:33:18Z" user="mtmail" uid="8339">
  <nd ref="8730563212"/>
  <nd ref="8730563213"/>
  <nd ref="8730563214"/>
  <nd ref="8730563215"/>
  <nd ref="8730563216"/>
  <nd ref="8730563217"/>
  <nd ref="8730563218"/>
  <nd ref="8730563219"/>
  <nd ref="8730563220"/>
  <nd ref="8730563221"/>
  <nd ref="8730563222"/>
  <nd ref="8730563223"/>
  <nd ref="8730563212"/>
  <tag k="addr:city" v="Улаанбаатар"/>
  <tag k="addr:housename" v="Olympic Village"/>
  <tag k="addr:housenumber" v="200"/>
  <tag k="addr:street" v="Хүннүгийн гудамж"/>
  <tag k="building" v="apartments"/>
  <tag k="building:levels" v="12"/>
  <tag k="name" v="201"/>
 </way>
 <way id="942815978" visible="true" version="1" changeset="104676062" timestamp="2021-05-14T09:15:26Z" user="Saruul Gan" uid="3328620">
  <nd ref="1772220761"/>
  <nd ref="2268078632"/>
  <nd ref="8730563224"/>
  <nd ref="8730563225"/>
  <nd ref="2268077973"/>
  <nd ref="1772220762"/>
  <nd ref="1772220761"/>
  <tag k="addr:housenumber" v="410"/>
  <tag k="building" v="apartments"/>
  <tag k="building:levels" v="10"/>
  <tag k="name" v="412"/>
 </way>
 <way id="942815979" visible="true" version="1" changeset="104676062" timestamp="2021-05-14T09:15:26Z" user="Saruul Gan" uid="3328620">
  <nd ref="1772220763"/>
  <nd ref="2268077974"/>
  <nd ref="8730563226"/>
  <nd ref="8730563227"/>
  <nd ref="8730563228"/>
  <nd ref="1772220763"/>
  <tag k="addr:housenumber" v="410"/>
  <tag k="building" v="apartments"/>
  <tag k="building:levels" v="10"/>
  <tag k="name" v="414"/>
 </way>
 <way id="942815980" visible="true" version="2" changeset="145170550" timestamp="2023-12-16T00:33:18Z" user="mtmail" uid="8339">
  <nd ref="1772220767"/>
  <nd ref="2268077796"/>
  <nd ref="8730563234"/>
  <nd ref="8730563235"/>
  <nd ref="8730563236"/>
  <nd ref="1772220767"/>
  <tag k="addr:city" v="Улаанбаатар"/>
  <tag k="addr:housenumber" v="БЗД 26 р хороо"/>
  <tag k="building" v="apartments"/>
  <tag k="building:levels" v="10"/>
  <tag k="name" v="418"/>
 </way>
 <way id="942815981" visible="true" version="2" changeset="156747226" timestamp="2024-09-17T20:57:13Z" user="Saruul Gan" uid="3328620">
  <nd ref="8730563243"/>
  <nd ref="8730563244"/>
  <nd ref="12182870010"/>
  <nd ref="8730563245"/>
  <nd ref="8730563246"/>
  <nd ref="8730563243"/>
  <tag k="building" v="apartments"/>
  <tag k="name" v="511"/>
 </way>
 <way id="942815982" visible="true" version="10" changeset="173028093" timestamp="2025-10-09T01:31:58Z" user="HamiDesert" uid="20109098">
  <nd ref="8730563260"/>
  <nd ref="8730563261"/>
  <nd ref="10005766749"/>
  <nd ref="11381001290"/>
  <nd ref="8730563262"/>
  <nd ref="10980044593"/>
  <nd ref="8730563267"/>
  <nd ref="8730563279"/>
  <nd ref="10980044600"/>
  <nd ref="10980044603"/>
  <nd ref="8730563280"/>
  <nd ref="8730563268"/>
  <nd ref="9994578764"/>
  <nd ref="8730563269"/>
  <nd ref="8730563271"/>
  <nd ref="12620594925"/>
  <nd ref="9994578765"/>
  <nd ref="8730563306"/>
  <nd ref="8730563270"/>
  <nd ref="9994578766"/>
  <nd ref="8730563265"/>
  <nd ref="9994578767"/>
  <nd ref="8730563263"/>
  <nd ref="8730563266"/>
  <nd ref="8730563338"/>
  <nd ref="9994578768"/>
  <nd ref="8730563320"/>
  <nd ref="13204018726"/>
  <nd ref="10838679853"/>
  <nd ref="10005789821"/>
  <nd ref="8730563264"/>
  <nd ref="13009663358"/>
  <tag k="highway" v="secondary"/>
  <tag k="lanes" v="2"/>
  <tag k="maxspeed" v="60"/>
  <tag k="name" v="Хүннүгийн гудамж"/>
  <tag k="oneway" v="yes"/>
  <tag k="surface" v="asphalt"/>
 </way>
 <way id="942815983" visible="true" version="5" changeset="146351838" timestamp="2024-01-17T08:15:07Z" user="LakeMatano" uid="16936637">
  <nd ref="8730563265"/>
  <nd ref="8730563355"/>
  <nd ref="10980046221"/>
  <nd ref="8730563284"/>
  <nd ref="8730563285"/>
  <nd ref="8730563286"/>
  <nd ref="8730563287"/>
  <nd ref="8730563288"/>
  <nd ref="10980046220"/>
  <nd ref="8730563289"/>
  <tag k="highway" v="residential"/>
  <tag k="name" v="Ikh Huree Street"/>
 </way>
 <way id="942815984" visible="true" version="2" changeset="134588833" timestamp="2023-04-06T18:18:43Z" user="parukhin" uid="519501">
  <nd ref="8730563290"/>
  <nd ref="8730563291"/>
  <nd ref="8730563292"/>
  <nd ref="8730563293"/>
  <nd ref="8730563290"/>
  <tag k="addr:housenumber" v="422"/>
  <tag k="addr:street" v="Хүннүгийн гудамж"/>
  <tag k="building" v="apartments"/>
  <tag k="building:levels" v="13"/>
 </way>
 <way id="942815985" visible="true" version="2" changeset="134588833" timestamp="2023-04-06T18:18:43Z" user="parukhin" uid="519501">
  <nd ref="4845664917"/>
  <nd ref="4845664916"/>
  <nd ref="8730563294"/>
  <nd ref="8730563295"/>
  <nd ref="4845664918"/>
  <nd ref="4845664917"/>
  <tag k="addr:housenumber" v="421"/>
  <tag k="addr:street" v="Хүннүгийн гудамж"/>
  <tag k="building" v="apartments"/>
  <tag k="building:levels" v="13"/>
 </way>
 <way id="942815986" visible="true" version="1" changeset="104676062" timestamp="2021-05-14T09:15:26Z" user="Saruul Gan" uid="3328620">
  <nd ref="8730563299"/>
  <nd ref="8730563300"/>
  <tag k="highway" v="residential"/>
 </way>
 <way id="942815987" visible="true" version="2" changeset="137396783" timestamp="2023-06-16T05:12:59Z" user="LakeVostok" uid="16853710">
  <nd ref="8730563289"/>
  <nd ref="10980046229"/>
  <nd ref="8730563301"/>
  <nd ref="8730563302"/>
  <nd ref="8730563303"/>
  <nd ref="8730563300"/>
  <tag k="highway" v="residential"/>
 </way>
 <way id="942815988" visible="true" version="1" changeset="104676062" timestamp="2021-05-14T09:15:26Z" user="Saruul Gan" uid="3328620">
  <nd ref="8730563299"/>
  <nd ref="8730563304"/>
  <nd ref="8730563357"/>
  <nd ref="8730563270"/>
  <tag k="highway" v="residential"/>
  <tag k="oneway" v="yes"/>
 </way>
 <way id="942815989" visible="true" version="1" changeset="104676062" timestamp="2021-05-14T09:15:26Z" user="Saruul Gan" uid="3328620">
  <nd ref="8730563306"/>
  <nd ref="8730563356"/>
  <nd ref="8730563305"/>
  <nd ref="8730563299"/>
  <tag k="highway" v="residential"/>
  <tag k="oneway" v="yes"/>
 </way>
 <way id="942815990" visible="true" version="2" changeset="162972332" timestamp="2025-02-26T13:38:41Z" user="LakeTekapo" uid="20366460">
  <nd ref="8730563313"/>
  <nd ref="12620594918"/>
  <nd ref="8730563314"/>
  <nd ref="8730563315"/>
  <nd ref="8730563316"/>
  <nd ref="8730563289"/>
  <tag k="highway" v="residential"/>
 </way>
 <way id="942815991" visible="true" version="1" changeset="104676062" timestamp="2021-05-14T09:15:26Z" user="Saruul Gan" uid="3328620">
  <nd ref="8730563300"/>
  <nd ref="8730563317"/>
  <tag k="highway" v="residential"/>
 </way>
 <way id="942815992" visible="true" version="1" changeset="104676062" timestamp="2021-05-14T09:15:26Z" user="Saruul Gan" uid="3328620">
  <nd ref="8730563317"/>
  <nd ref="8730563318"/>
  <tag k="highway" v="service"/>
  <tag k="service" v="parking_aisle"/>
 </way>
 <way id="942815993" visible="true" version="1" changeset="104676062" timestamp="2021-05-14T09:15:26Z" user="Saruul Gan" uid="3328620">
  <nd ref="8730563317"/>
  <nd ref="8730563319"/>
  <tag k="highway" v="service"/>
  <tag k="service" v="parking_aisle"/>
 </way>
 <way id="942815994" visible="true" version="4" changeset="135323147" timestamp="2023-04-25T01:14:33Z" user="LakeVostok" uid="16853710">
  <nd ref="8730563320"/>
  <nd ref="8730563354"/>
  <nd ref="10838679811"/>
  <nd ref="3901142960"/>
  <tag k="highway" v="residential"/>
 </way>
 <way id="942815995" visible="true" version="1" changeset="104676062" timestamp="2021-05-14T09:15:26Z" user="Saruul Gan" uid="3328620">
  <nd ref="8730563323"/>
  <nd ref="8730563324"/>
  <nd ref="8622444505"/>
  <nd ref="8622444504"/>
  <nd ref="8730563323"/>
  <tag k="building" v="apartments"/>
 </way>
 <way id="942815998" visible="true" version="1" changeset="104676062" timestamp="2021-05-14T09:15:26Z" user="Saruul Gan" uid="3328620">
  <nd ref="8730563338"/>
  <nd ref="8730563347"/>
  <nd ref="8730563339"/>
  <nd ref="8730563340"/>
  <nd ref="8730563341"/>
  <nd ref="8730563342"/>
  <nd ref="8730563343"/>
  <tag k="highway" v="service"/>
 </way>
 <way id="962939462" visible="true" version="1" changeset="107711053" timestamp="2021-07-09T14:47:03Z" user="munkhbayar b" uid="2851175">
  <nd ref="8907486540"/>
  <nd ref="8907486541"/>
  <nd ref="8907486542"/>
  <nd ref="8907486543"/>
  <nd ref="8907486540"/>
  <tag k="leisure" v="pitch"/>
  <tag k="sport" v="basketball"/>
 </way>
 <way id="1009523612" visible="true" version="1" changeset="114606334" timestamp="2021-12-06T07:34:47Z" user="Saruul Gan" uid="3328620">
  <nd ref="9314654782"/>
  <nd ref="9314654783"/>
  <nd ref="9314654784"/>
  <nd ref="9314654785"/>
  <nd ref="9314654786"/>
  <nd ref="9314654787"/>
  <nd ref="9314654788"/>
  <nd ref="9314654782"/>
  <tag k="landuse" v="residential"/>
  <tag k="name" v="Emerald residence хотхон"/>
 </way>
 <way id="1009523613" visible="true" version="1" changeset="114606334" timestamp="2021-12-06T07:34:47Z" user="Saruul Gan" uid="3328620">
  <nd ref="9314654789"/>
  <nd ref="9314654806"/>
  <nd ref="9314654790"/>
  <nd ref="9314654791"/>
  <nd ref="9314654792"/>
  <nd ref="9314654789"/>
  <tag k="landuse" v="residential"/>
  <tag k="name" v="True-L хотхон"/>
 </way>
 <way id="1009523616" visible="true" version="3" changeset="136197351" timestamp="2023-05-17T07:13:59Z" user="Batuyanga" uid="8684333">
  <nd ref="9314654793"/>
  <nd ref="9314654805"/>
  <nd ref="9314654806"/>
  <nd ref="9314654789"/>
  <nd ref="9314654800"/>
  <nd ref="3901084346"/>
  <nd ref="3901084345"/>
  <nd ref="9314654793"/>
  <tag k="addr:city" v="Ulaanbaatar"/>
  <tag k="addr:housenumber" v="721-724"/>
  <tag k="addr:postcode" v="13312"/>
  <tag k="addr:street" v="Нийслэл хүрээ өргөн чөлөө"/>
  <tag k="landuse" v="residential"/>
  <tag k="name" v="Нарлаг өргөө хотхон"/>
  <tag k="name:en" v="Narlag Urguu khotkhon"/>
  <tag k="residential" v="apartments"/>
 </way>
 <way id="1009523617" visible="true" version="1" changeset="114606334" timestamp="2021-12-06T07:34:47Z" user="Saruul Gan" uid="3328620">
  <nd ref="9314654807"/>
  <nd ref="9314654808"/>
  <nd ref="9314654809"/>
  <nd ref="9314654810"/>
  <nd ref="9314654811"/>
  <nd ref="9314654812"/>
  <nd ref="9314654807"/>
  <tag k="building" v="yes"/>
  <tag k="name" v="Парк Од Малл"/>
  <tag k="name:en" v="Park Od Mall"/>
  <tag k="shop" v="mall"/>
 </way>
 <way id="1009523619" visible="true" version="1" changeset="114606334" timestamp="2021-12-06T07:34:47Z" user="Saruul Gan" uid="3328620">
  <nd ref="9314661018"/>
  <nd ref="9314661019"/>
  <nd ref="9314661020"/>
  <nd ref="9314661021"/>
  <nd ref="9314661022"/>
  <nd ref="9314661018"/>
  <tag k="landuse" v="residential"/>
  <tag k="name" v="Sunshine village хотхон"/>
 </way>
 <way id="1083918594" visible="true" version="1" changeset="124502919" timestamp="2022-08-05T03:43:27Z" user="Ochbayar Ganbold" uid="4727667">
  <nd ref="9932910369"/>
  <nd ref="9932910371"/>
  <tag k="highway" v="footway"/>
 </way>
 <way id="1083918595" visible="true" version="1" changeset="124502919" timestamp="2022-08-05T03:43:27Z" user="Ochbayar Ganbold" uid="4727667">
  <nd ref="9932910374"/>
  <nd ref="9932910373"/>
  <nd ref="9932910371"/>
  <tag k="highway" v="footway"/>
 </way>
 <way id="1083918643" visible="true" version="2" changeset="164415706" timestamp="2025-04-02T11:04:21Z" user="saruul04" uid="21972502">
  <nd ref="9932921657"/>
  <nd ref="9932921658"/>
  <nd ref="9932921659"/>
  <nd ref="12723075667"/>
  <nd ref="12723075666"/>
  <nd ref="12723075668"/>
  <nd ref="9932921660"/>
  <nd ref="9932921657"/>
  <tag k="building" v="apartments"/>
  <tag k="building:levels" v="15"/>
  <tag k="name" v="River Village"/>
 </way>
 <way id="1083918644" visible="true" version="1" changeset="124502949" timestamp="2022-08-05T03:46:03Z" user="Ochbayar Ganbold" uid="4727667">
  <nd ref="9932921661"/>
  <nd ref="9932921662"/>
  <nd ref="9932921663"/>
  <nd ref="9932921664"/>
  <nd ref="9932921666"/>
  <nd ref="9932921661"/>
  <tag k="amenity" v="parking"/>
 </way>
 <way id="1083918645" visible="true" version="2" changeset="143676951" timestamp="2023-11-06T05:48:30Z" user="LakeTumba" uid="19895058">
  <nd ref="9932921665"/>
  <nd ref="11328669711"/>
  <tag k="highway" v="service"/>
 </way>
 <way id="1091202001" visible="true" version="1" changeset="125690407" timestamp="2022-09-02T09:54:02Z" user="mytilene" uid="2490007">
  <nd ref="2282811641"/>
  <nd ref="9994578764"/>
  <tag k="highway" v="secondary"/>
 </way>
 <way id="1091202002" visible="true" version="2" changeset="137396783" timestamp="2023-06-16T05:12:59Z" user="LakeVostok" uid="16853710">
  <nd ref="2282812563"/>
  <nd ref="9994578765"/>
  <tag k="highway" v="residential"/>
 </way>
 <way id="1091202003" visible="true" version="1" changeset="125690407" timestamp="2022-09-02T09:54:02Z" user="mytilene" uid="2490007">
  <nd ref="8047245326"/>
  <nd ref="9994578766"/>
  <tag k="highway" v="secondary"/>
 </way>
 <way id="1091202004" visible="true" version="1" changeset="125690407" timestamp="2022-09-02T09:54:02Z" user="mytilene" uid="2490007">
  <nd ref="6375458584"/>
  <nd ref="9994578767"/>
  <tag k="highway" v="secondary"/>
 </way>
 <way id="1091202005" visible="true" version="1" changeset="125690407" timestamp="2022-09-02T09:54:02Z" user="mytilene" uid="2490007">
  <nd ref="1497219576"/>
  <nd ref="9994578768"/>
  <tag k="highway" v="secondary"/>
 </way>
 <way id="1101834336" visible="true" version="5" changeset="164010763" timestamp="2025-03-24T01:19:23Z" user="Mauro Morello" uid="6755522">
  <nd ref="10082835062"/>
  <nd ref="10082834960"/>
  <nd ref="10082834959"/>
  <nd ref="10082834958"/>
  <nd ref="10082834954"/>
  <nd ref="10082834951"/>
  <nd ref="10082834945"/>
  <nd ref="10082834940"/>
  <nd ref="10082834935"/>
  <nd ref="12193708031"/>
  <nd ref="10082834932"/>
  <nd ref="10082834931"/>
  <nd ref="12057572292"/>
  <nd ref="12057572293"/>
  <nd ref="10082834930"/>
  <nd ref="12057572291"/>
  <nd ref="12057572290"/>
  <nd ref="10082834929"/>
  <nd ref="10082834928"/>
  <nd ref="10082834927"/>
  <nd ref="10082834926"/>
  <nd ref="10005766746"/>
  <nd ref="10082834925"/>
  <nd ref="11809829959"/>
  <nd ref="10082834924"/>
  <nd ref="10082834923"/>
  <nd ref="10082834922"/>
  <nd ref="12057572287"/>
  <nd ref="10082834920"/>
  <nd ref="12057572282"/>
  <nd ref="1772220830"/>
  <nd ref="1772220823"/>
  <nd ref="724913944"/>
  <nd ref="1772220833"/>
  <nd ref="1653007944"/>
  <nd ref="12057572283"/>
  <nd ref="12057572286"/>
  <nd ref="10082834919"/>
  <tag k="admin_level" v="6"/>
  <tag k="boundary" v="administrative"/>
 </way>
 <way id="1165289049" visible="true" version="1" changeset="135322929" timestamp="2023-04-25T01:00:39Z" user="LakeVostok" uid="16853710">
  <nd ref="6348872786"/>
  <nd ref="10838650475"/>
  <nd ref="10838650474"/>
  <nd ref="10838650473"/>
  <nd ref="10838650472"/>
  <nd ref="10838650471"/>
  <nd ref="10838650470"/>
  <nd ref="10838650469"/>
  <tag k="highway" v="residential"/>
 </way>
 <way id="1165289050" visible="true" version="1" changeset="135322929" timestamp="2023-04-25T01:00:39Z" user="LakeVostok" uid="16853710">
  <nd ref="10838650481"/>
  <nd ref="10838650480"/>
  <nd ref="10838650479"/>
  <nd ref="10838650478"/>
  <nd ref="10838650477"/>
  <nd ref="10838650476"/>
  <nd ref="8530654919"/>
  <tag k="highway" v="residential"/>
 </way>
 <way id="1165290361" visible="true" version="1" changeset="135323147" timestamp="2023-04-25T01:14:33Z" user="LakeVostok" uid="16853710">
  <nd ref="8730563289"/>
  <nd ref="10838624496"/>
  <nd ref="10838624495"/>
  <nd ref="10838624494"/>
  <nd ref="10838624493"/>
  <nd ref="10838624492"/>
  <nd ref="10838624491"/>
  <nd ref="10838624490"/>
  <nd ref="10838624489"/>
  <nd ref="10838624488"/>
  <nd ref="10838624487"/>
  <tag k="highway" v="residential"/>
 </way>
 <way id="1165290362" visible="true" version="1" changeset="135323147" timestamp="2023-04-25T01:14:33Z" user="LakeVostok" uid="16853710">
  <nd ref="10838624498"/>
  <nd ref="10838624497"/>
  <tag k="highway" v="service"/>
 </way>
 <way id="1165290363" visible="true" version="1" changeset="135323147" timestamp="2023-04-25T01:14:33Z" user="LakeVostok" uid="16853710">
  <nd ref="10838679806"/>
  <nd ref="10838679805"/>
  <nd ref="10838624504"/>
  <nd ref="10838624503"/>
  <nd ref="10838624502"/>
  <nd ref="10838624501"/>
  <nd ref="10838624500"/>
  <nd ref="10838624499"/>
  <tag k="highway" v="service"/>
 </way>
 <way id="1165290365" visible="true" version="1" changeset="135323147" timestamp="2023-04-25T01:14:33Z" user="LakeVostok" uid="16853710">
  <nd ref="10838679815"/>
  <nd ref="10838679814"/>
  <nd ref="10838679813"/>
  <nd ref="10838679812"/>
  <nd ref="10838679811"/>
  <nd ref="10838679810"/>
  <tag k="highway" v="service"/>
 </way>
 <way id="1165290366" visible="true" version="1" changeset="135323147" timestamp="2023-04-25T01:14:33Z" user="LakeVostok" uid="16853710">
  <nd ref="10838679819"/>
  <nd ref="10838679818"/>
  <nd ref="10838679817"/>
  <nd ref="10838679816"/>
  <tag k="highway" v="service"/>
 </way>
 <way id="1165290367" visible="true" version="1" changeset="135323147" timestamp="2023-04-25T01:14:33Z" user="LakeVostok" uid="16853710">
  <nd ref="10838679829"/>
  <nd ref="10838679828"/>
  <nd ref="10838679827"/>
  <nd ref="10838679826"/>
  <nd ref="10838679825"/>
  <nd ref="10838679824"/>
  <nd ref="10838679823"/>
  <nd ref="10838679822"/>
  <nd ref="10838679821"/>
  <nd ref="10838679820"/>
  <tag k="highway" v="service"/>
 </way>
 <way id="1165290368" visible="true" version="1" changeset="135323147" timestamp="2023-04-25T01:14:33Z" user="LakeVostok" uid="16853710">
  <nd ref="10838679834"/>
  <nd ref="10838679820"/>
  <nd ref="10838679833"/>
  <nd ref="10838679832"/>
  <nd ref="10838679831"/>
  <nd ref="10838679830"/>
  <tag k="highway" v="service"/>
 </way>
 <way id="1165290369" visible="true" version="1" changeset="135323147" timestamp="2023-04-25T01:14:33Z" user="LakeVostok" uid="16853710">
  <nd ref="10838679842"/>
  <nd ref="3901142960"/>
  <nd ref="10838679841"/>
  <nd ref="10838679840"/>
  <nd ref="10838679839"/>
  <nd ref="10838679838"/>
  <nd ref="10838679837"/>
  <nd ref="10838679836"/>
  <nd ref="10838679835"/>
  <tag k="highway" v="residential"/>
 </way>
 <way id="1182394239" visible="true" version="1" changeset="137396783" timestamp="2023-06-16T05:12:59Z" user="LakeVostok" uid="16853710">
  <nd ref="10980044540"/>
  <nd ref="10980044539"/>
  <tag k="highway" v="service"/>
 </way>
 <way id="1182394240" visible="true" version="1" changeset="137396783" timestamp="2023-06-16T05:12:59Z" user="LakeVostok" uid="16853710">
  <nd ref="10980044539"/>
  <nd ref="10980044538"/>
  <nd ref="10980044537"/>
  <nd ref="10980044536"/>
  <nd ref="10980044535"/>
  <nd ref="10980044534"/>
  <nd ref="10980044533"/>
  <nd ref="10980044532"/>
  <nd ref="10980044531"/>
  <nd ref="10980044539"/>
  <tag k="highway" v="service"/>
 </way>
 <way id="1182394252" visible="true" version="1" changeset="137396783" timestamp="2023-06-16T05:12:59Z" user="LakeVostok" uid="16853710">
  <nd ref="10980044582"/>
  <nd ref="8441518951"/>
  <nd ref="10980044581"/>
  <nd ref="10980044580"/>
  <nd ref="10980044579"/>
  <nd ref="10980044578"/>
  <tag k="highway" v="service"/>
 </way>
 <way id="1182394253" visible="true" version="1" changeset="137396783" timestamp="2023-06-16T05:12:59Z" user="LakeVostok" uid="16853710">
  <nd ref="8730563271"/>
  <nd ref="10980044586"/>
  <nd ref="10980044585"/>
  <nd ref="10980044584"/>
  <nd ref="10980044583"/>
  <nd ref="5819504023"/>
  <tag k="highway" v="service"/>
 </way>
 <way id="1182394255" visible="true" version="1" changeset="137396783" timestamp="2023-06-16T05:12:59Z" user="LakeVostok" uid="16853710">
  <nd ref="10980044597"/>
  <nd ref="10980044596"/>
  <nd ref="10980044595"/>
  <nd ref="10980044594"/>
  <tag k="highway" v="service"/>
 </way>
 <way id="1182394256" visible="true" version="1" changeset="137396783" timestamp="2023-06-16T05:12:59Z" user="LakeVostok" uid="16853710">
  <nd ref="10980044600"/>
  <nd ref="10980044599"/>
  <nd ref="10980044595"/>
  <nd ref="10980044598"/>
  <tag k="highway" v="service"/>
 </way>
 <way id="1182394257" visible="true" version="1" changeset="137396783" timestamp="2023-06-16T05:12:59Z" user="LakeVostok" uid="16853710">
  <nd ref="10980044603"/>
  <nd ref="10980044602"/>
  <nd ref="10980044596"/>
  <nd ref="10980044601"/>
  <tag k="highway" v="service"/>
 </way>
 <way id="1182394258" visible="true" version="1" changeset="137396783" timestamp="2023-06-16T05:12:59Z" user="LakeVostok" uid="16853710">
  <nd ref="10980046205"/>
  <nd ref="10980044604"/>
  <tag k="highway" v="residential"/>
 </way>
 <way id="1182394259" visible="true" version="2" changeset="154564064" timestamp="2024-07-29T13:51:05Z" user="KarooDesert" uid="21470671">
  <nd ref="10980046207"/>
  <nd ref="12080194103"/>
  <nd ref="10980046206"/>
  <tag k="highway" v="residential"/>
 </way>
 <way id="1182394263" visible="true" version="1" changeset="137396783" timestamp="2023-06-16T05:12:59Z" user="LakeVostok" uid="16853710">
  <nd ref="10838624490"/>
  <nd ref="10980046220"/>
  <tag k="highway" v="residential"/>
 </way>
 <way id="1182394264" visible="true" version="1" changeset="137396783" timestamp="2023-06-16T05:12:59Z" user="LakeVostok" uid="16853710">
  <nd ref="10980046222"/>
  <nd ref="10980046221"/>
  <tag k="highway" v="service"/>
 </way>
 <way id="1182394266" visible="true" version="1" changeset="137396783" timestamp="2023-06-16T05:12:59Z" user="LakeVostok" uid="16853710">
  <nd ref="10980046229"/>
  <nd ref="10980046228"/>
  <tag k="highway" v="service"/>
 </way>
 <way id="1186070629" visible="true" version="2" changeset="154023728" timestamp="2024-07-16T16:29:12Z" user="Saruul Gan" uid="3328620">
  <nd ref="10082834919"/>
  <nd ref="12057572286"/>
  <nd ref="12057572285"/>
  <nd ref="12057572284"/>
  <nd ref="1653007946"/>
  <tag k="boat" v="no"/>
  <tag k="name" v="Сэлбэ гол"/>
  <tag k="waterway" v="stream"/>
 </way>
 <way id="1190963211" visible="true" version="1" changeset="138794444" timestamp="2023-07-21T05:46:06Z" user="LakeVostok" uid="16853710">
  <nd ref="11058012049"/>
  <nd ref="11058012048"/>
  <nd ref="11058012047"/>
  <nd ref="11058012046"/>
  <nd ref="3912580911"/>
  <tag k="highway" v="residential"/>
 </way>
 <way id="1190963215" visible="true" version="1" changeset="138794444" timestamp="2023-07-21T05:46:06Z" user="LakeVostok" uid="16853710">
  <nd ref="1772220802"/>
  <nd ref="11058012067"/>
  <tag k="highway" v="residential"/>
 </way>
 <way id="1190963216" visible="true" version="1" changeset="138794444" timestamp="2023-07-21T05:46:06Z" user="LakeVostok" uid="16853710">
  <nd ref="1772220786"/>
  <nd ref="1772220788"/>
  <tag k="highway" v="residential"/>
 </way>
 <way id="1224671514" visible="true" version="4" changeset="154509094" timestamp="2024-07-28T07:56:50Z" user="Saruul Gan" uid="3328620">
  <nd ref="12057591372"/>
  <nd ref="12057591373"/>
  <nd ref="11357399094"/>
  <nd ref="11357399095"/>
  <nd ref="11357399136"/>
  <nd ref="11357399096"/>
  <nd ref="11357399097"/>
  <nd ref="11357399098"/>
  <nd ref="11357399099"/>
  <nd ref="11357399100"/>
  <nd ref="11357399101"/>
  <nd ref="11357399102"/>
  <nd ref="11357399103"/>
  <nd ref="11357399104"/>
  <nd ref="11357399105"/>
  <nd ref="11357399106"/>
  <nd ref="11357399107"/>
  <nd ref="11357399108"/>
  <nd ref="11357399109"/>
  <nd ref="11357399110"/>
  <nd ref="11357399111"/>
  <nd ref="11357399112"/>
  <nd ref="11357399113"/>
  <nd ref="11357399114"/>
  <nd ref="11357399115"/>
  <nd ref="11357399116"/>
  <nd ref="11357399117"/>
  <nd ref="11357399118"/>
  <nd ref="11357399119"/>
  <nd ref="11357399120"/>
  <nd ref="11357399121"/>
  <nd ref="11357399122"/>
  <nd ref="11357399123"/>
  <nd ref="11357399124"/>
  <nd ref="11357399125"/>
  <nd ref="11357399126"/>
  <nd ref="11357399127"/>
  <nd ref="11357399128"/>
  <nd ref="11357399129"/>
  <nd ref="11357399130"/>
  <nd ref="11357399131"/>
  <nd ref="11357399132"/>
  <nd ref="11357399133"/>
  <nd ref="11359835722"/>
  <nd ref="8420726612"/>
  <nd ref="12057591378"/>
  <nd ref="12057591377"/>
  <nd ref="11357399134"/>
  <nd ref="12057591380"/>
  <nd ref="11357399135"/>
  <tag k="bicycle" v="yes"/>
  <tag k="foot" v="yes"/>
  <tag k="highway" v="cycleway"/>
  <tag k="horse" v="no"/>
  <tag k="incline" v="0%"/>
  <tag k="motor_vehicle" v="no"/>
  <tag k="surface" v="asphalt"/>
 </way>
 <way id="1224968878" visible="true" version="1" changeset="144170037" timestamp="2023-11-18T11:14:50Z" user="Batubileg" uid="18216995">
  <nd ref="7261315531"/>
  <nd ref="3086969440"/>
  <nd ref="3086969656"/>
  <nd ref="3086969671"/>
  <nd ref="3086969672"/>
  <nd ref="3013059001"/>
  <tag k="access" v="no"/>
  <tag k="bicycle" v="yes"/>
  <tag k="foot" v="yes"/>
  <tag k="highway" v="footway"/>
  <tag k="horse" v="no"/>
  <tag k="motor_vehicle" v="no"/>
 </way>
 <way id="1271757538" visible="true" version="2" changeset="154023728" timestamp="2024-07-16T16:29:12Z" user="Saruul Gan" uid="3328620">
  <nd ref="11809829952"/>
  <nd ref="11809829953"/>
  <nd ref="11809829954"/>
  <nd ref="11809829955"/>
  <nd ref="11809829956"/>
  <nd ref="11809829957"/>
  <nd ref="11809829958"/>
  <nd ref="12057572288"/>
  <nd ref="11809829952"/>
  <tag k="building" v="apartments"/>
  <tag k="name" v="Encanto town 3"/>
 </way>
 <way id="1275477511" visible="true" version="1" changeset="150423446" timestamp="2024-04-24T05:11:16Z" user="unabold" uid="21291580">
  <nd ref="11842958546"/>
  <nd ref="11842958547"/>
  <nd ref="11842958548"/>
  <nd ref="11842958549"/>
  <nd ref="11842958546"/>
  <tag k="leisure" v="playground"/>
 </way>
 <way id="1303053863" visible="true" version="1" changeset="154255887" timestamp="2024-07-22T10:35:10Z" user="Saruul Gan" uid="3328620">
  <nd ref="12067885436"/>
  <nd ref="12067885437"/>
  <nd ref="12067885438"/>
  <nd ref="12067885439"/>
  <nd ref="12067885436"/>
  <tag k="landuse" v="residential"/>
  <tag k="name" v="Элизабет хотхон"/>
 </way>
 <way id="1303053864" visible="true" version="1" changeset="154255887" timestamp="2024-07-22T10:35:10Z" user="Saruul Gan" uid="3328620">
  <nd ref="12067885440"/>
  <nd ref="12067885441"/>
  <nd ref="12067885442"/>
  <nd ref="12067885443"/>
  <nd ref="12067885440"/>
  <tag k="building" v="construction"/>
 </way>
 <way id="1303053865" visible="true" version="1" changeset="154255887" timestamp="2024-07-22T10:35:10Z" user="Saruul Gan" uid="3328620">
  <nd ref="12067885444"/>
  <nd ref="12067885445"/>
  <nd ref="12067885446"/>
  <nd ref="12067885447"/>
  <nd ref="12067885444"/>
  <tag k="building" v="construction"/>
 </way>
 <way id="1303053866" visible="true" version="1" changeset="154255887" timestamp="2024-07-22T10:35:10Z" user="Saruul Gan" uid="3328620">
  <nd ref="12067885448"/>
  <nd ref="12067885449"/>
  <nd ref="12067885450"/>
  <nd ref="12067885451"/>
  <nd ref="12067885448"/>
  <tag k="building" v="construction"/>
 </way>
 <way id="1303053867" visible="true" version="1" changeset="154255887" timestamp="2024-07-22T10:35:10Z" user="Saruul Gan" uid="3328620">
  <nd ref="12067885452"/>
  <nd ref="12067885453"/>
  <nd ref="12067885454"/>
  <nd ref="12067885455"/>
  <nd ref="12067885452"/>
  <tag k="building" v="construction"/>
 </way>
 <way id="1303053868" visible="true" version="1" changeset="154255887" timestamp="2024-07-22T10:35:10Z" user="Saruul Gan" uid="3328620">
  <nd ref="12067885456"/>
  <nd ref="12067885457"/>
  <nd ref="12067885458"/>
  <nd ref="12067885459"/>
  <nd ref="12067885456"/>
  <tag k="building" v="construction"/>
 </way>
 <way id="1303053869" visible="true" version="1" changeset="154255887" timestamp="2024-07-22T10:35:10Z" user="Saruul Gan" uid="3328620">
  <nd ref="12067885460"/>
  <nd ref="12067885461"/>
  <nd ref="12067885462"/>
  <nd ref="12067885463"/>
  <nd ref="12067885460"/>
  <tag k="building" v="construction"/>
 </way>
 <way id="1303053870" visible="true" version="1" changeset="154255887" timestamp="2024-07-22T10:35:10Z" user="Saruul Gan" uid="3328620">
  <nd ref="12067885464"/>
  <nd ref="12067885465"/>
  <nd ref="12067885466"/>
  <nd ref="12067885467"/>
  <nd ref="12067885464"/>
  <tag k="building" v="construction"/>
 </way>
 <way id="1304455746" visible="true" version="1" changeset="154564064" timestamp="2024-07-29T13:51:05Z" user="KarooDesert" uid="21470671">
  <nd ref="12080194099"/>
  <nd ref="12080194098"/>
  <nd ref="12080194097"/>
  <nd ref="12080194096"/>
  <nd ref="12080194095"/>
  <nd ref="12080194094"/>
  <nd ref="12080194093"/>
  <nd ref="12080194100"/>
  <tag k="highway" v="service"/>
 </way>
 <way id="1304455747" visible="true" version="1" changeset="154564064" timestamp="2024-07-29T13:51:05Z" user="KarooDesert" uid="21470671">
  <nd ref="12080194103"/>
  <nd ref="12080194099"/>
  <nd ref="12080194102"/>
  <nd ref="12080194101"/>
  <nd ref="12080194100"/>
  <tag k="highway" v="service"/>
 </way>
 <way id="1316237819" visible="true" version="1" changeset="156747226" timestamp="2024-09-17T20:57:13Z" user="Saruul Gan" uid="3328620">
  <nd ref="12182870009"/>
  <nd ref="12182870010"/>
  <nd ref="8730563245"/>
  <nd ref="12182870020"/>
  <nd ref="12182870011"/>
  <nd ref="12182870012"/>
  <nd ref="12182870013"/>
  <nd ref="12182870014"/>
  <nd ref="12182870009"/>
  <tag k="building" v="yes"/>
 </way>
 <way id="1316237820" visible="true" version="1" changeset="156747226" timestamp="2024-09-17T20:57:13Z" user="Saruul Gan" uid="3328620">
  <nd ref="8730563246"/>
  <nd ref="12182870015"/>
  <nd ref="12182870016"/>
  <nd ref="12182870017"/>
  <nd ref="12182870018"/>
  <nd ref="12182870019"/>
  <nd ref="12182870020"/>
  <nd ref="8730563245"/>
  <nd ref="8730563246"/>
  <tag k="building" v="commercial"/>
 </way>
 <way id="1321631085" visible="true" version="1" changeset="157545687" timestamp="2024-10-06T15:22:45Z" user="saruul04" uid="21972502">
  <nd ref="12229841081"/>
  <nd ref="12229841070"/>
  <nd ref="12229841071"/>
  <nd ref="12229841072"/>
  <nd ref="12229841073"/>
  <nd ref="12229841074"/>
  <nd ref="12229841075"/>
  <nd ref="12229841076"/>
  <nd ref="12229841077"/>
  <nd ref="12229841078"/>
  <nd ref="12229841079"/>
  <tag k="man_made" v="pipeline"/>
 </way>
 <way id="1363083402" visible="true" version="1" changeset="162972332" timestamp="2025-02-26T13:38:41Z" user="LakeTekapo" uid="20366460">
  <nd ref="12620594918"/>
  <nd ref="12620594917"/>
  <nd ref="12620594916"/>
  <nd ref="12620594915"/>
  <nd ref="12620594914"/>
  <nd ref="12620594913"/>
  <nd ref="8730563317"/>
  <tag k="highway" v="service"/>
 </way>
 <way id="1363083403" visible="true" version="1" changeset="162972332" timestamp="2025-02-26T13:38:41Z" user="LakeTekapo" uid="20366460">
  <nd ref="12620594925"/>
  <nd ref="12620594924"/>
  <nd ref="12620594923"/>
  <nd ref="12620594922"/>
  <nd ref="12620594921"/>
  <nd ref="12620594920"/>
  <nd ref="12620594919"/>
  <nd ref="8730563305"/>
  <tag k="highway" v="service"/>
 </way>
 <way id="1363083404" visible="true" version="1" changeset="162972332" timestamp="2025-02-26T13:38:41Z" user="LakeTekapo" uid="20366460">
  <nd ref="12620594934"/>
  <nd ref="12620594933"/>
  <nd ref="12620594932"/>
  <nd ref="12620594931"/>
  <nd ref="12620594930"/>
  <nd ref="12620594929"/>
  <nd ref="12620594928"/>
  <nd ref="12620594927"/>
  <nd ref="12620594926"/>
  <tag k="highway" v="service"/>
 </way>
 <way id="1374130401" visible="true" version="1" changeset="164415706" timestamp="2025-04-02T11:04:21Z" user="saruul04" uid="21972502">
  <nd ref="12723075646"/>
  <nd ref="12723075647"/>
  <nd ref="12723075648"/>
  <nd ref="12723075649"/>
  <nd ref="12723075650"/>
  <nd ref="12723075651"/>
  <nd ref="12723075646"/>
  <tag k="building" v="commercial"/>
  <tag k="name" v="Paradise"/>
 </way>
 <way id="1374130402" visible="true" version="1" changeset="164415706" timestamp="2025-04-02T11:04:21Z" user="saruul04" uid="21972502">
  <nd ref="12723075652"/>
  <nd ref="12723075653"/>
  <nd ref="12723075654"/>
  <nd ref="12723075655"/>
  <nd ref="12723075657"/>
  <nd ref="12723075658"/>
  <nd ref="12723075659"/>
  <nd ref="12723075646"/>
  <nd ref="12723075651"/>
  <nd ref="12723075656"/>
  <nd ref="12723075652"/>
  <tag k="building" v="hotel"/>
  <tag k="name" v="May seven"/>
 </way>
 <way id="1374130403" visible="true" version="1" changeset="164415706" timestamp="2025-04-02T11:04:21Z" user="saruul04" uid="21972502">
  <nd ref="12723075661"/>
  <nd ref="12723075662"/>
  <nd ref="12723075663"/>
  <nd ref="12723075664"/>
  <nd ref="12723075665"/>
  <nd ref="12723075661"/>
  <tag k="amenity" v="parking"/>
  <tag k="building" v="garage"/>
  <tag k="parking" v="multi-storey"/>
 </way>
 <way id="1374130404" visible="true" version="1" changeset="164415706" timestamp="2025-04-02T11:04:21Z" user="saruul04" uid="21972502">
  <nd ref="12723075668"/>
  <nd ref="12723075666"/>
  <nd ref="12723075669"/>
  <nd ref="12723075670"/>
  <nd ref="12723075671"/>
  <nd ref="12723075672"/>
  <nd ref="12723075673"/>
  <nd ref="12723075674"/>
  <nd ref="12723075676"/>
  <nd ref="12723075675"/>
  <nd ref="12723075668"/>
  <tag k="building" v="apartments"/>
 </way>
 <way id="1374130405" visible="true" version="1" changeset="164415706" timestamp="2025-04-02T11:04:21Z" user="saruul04" uid="21972502">
  <nd ref="12723075676"/>
  <nd ref="12723075677"/>
  <nd ref="12723075678"/>
  <nd ref="12723075679"/>
  <nd ref="12723075680"/>
  <nd ref="12723075681"/>
  <nd ref="12723075675"/>
  <nd ref="12723075676"/>
  <tag k="building" v="apartments"/>
 </way>
 <way id="1374566148" visible="true" version="1" changeset="164488405" timestamp="2025-04-04T02:59:09Z" user="HamiDesert" uid="20109098">
  <nd ref="2282813047"/>
  <nd ref="12727134892"/>
  <nd ref="12727134891"/>
  <nd ref="12727134890"/>
  <nd ref="12727134889"/>
  <tag k="highway" v="residential"/>
 </way>
 <way id="1376649505" visible="true" version="1" changeset="164796478" timestamp="2025-04-11T04:50:10Z" user="LakeMatano" uid="16936637">
  <nd ref="12746581123"/>
  <nd ref="12746581122"/>
  <nd ref="12746581113"/>
  <tag k="highway" v="residential"/>
 </way>
 <way id="1376649506" visible="true" version="1" changeset="164796478" timestamp="2025-04-11T04:50:10Z" user="LakeMatano" uid="16936637">
  <nd ref="12746581113"/>
  <nd ref="12746581121"/>
  <nd ref="12746581120"/>
  <nd ref="12746581119"/>
  <nd ref="12746581118"/>
  <nd ref="12746581117"/>
  <nd ref="12746581116"/>
  <nd ref="12746581115"/>
  <nd ref="12746581114"/>
  <nd ref="12746581113"/>
  <tag k="highway" v="residential"/>
 </way>
 <way id="1436590730" visible="true" version="1" changeset="173028093" timestamp="2025-10-09T01:31:58Z" user="HamiDesert" uid="20109098">
  <nd ref="1772220829"/>
  <nd ref="1772220831"/>
  <tag k="highway" v="residential"/>
 </way>
 <relation id="270090" visible="true" version="35" changeset="172318959" timestamp="2025-09-22T23:37:53Z" user="hangukhistory" uid="17860844">
  <member type="way" ref="1102229247" role="outer"/>
  <member type="way" ref="1102229246" role="outer"/>
  <member type="way" ref="1102229245" role="outer"/>
  <member type="way" ref="1102226101" role="outer"/>
  <member type="way" ref="1102226100" role="outer"/>
  <member type="way" ref="1101834330" role="outer"/>
  <member type="way" ref="1101834325" role="outer"/>
  <member type="way" ref="1101834318" role="outer"/>
  <member type="way" ref="1101834319" role="outer"/>
  <member type="way" ref="1101834323" role="outer"/>
  <member type="way" ref="1101834320" role="outer"/>
  <member type="way" ref="1101834321" role="outer"/>
  <member type="way" ref="1101834328" role="outer"/>
  <member type="way" ref="1101834343" role="outer"/>
  <member type="way" ref="1101834341" role="outer"/>
  <member type="way" ref="1101834340" role="outer"/>
  <member type="way" ref="1101834339" role="outer"/>
  <member type="node" ref="27547986" role="admin_centre"/>
  <member type="relation" ref="14669140" role="subarea"/>
  <member type="relation" ref="14669141" role="subarea"/>
  <member type="relation" ref="14669146" role="subarea"/>
  <member type="relation" ref="14669143" role="subarea"/>
  <member type="relation" ref="14669142" role="subarea"/>
  <member type="relation" ref="14669147" role="subarea"/>
  <member type="relation" ref="14669144" role="subarea"/>
  <member type="relation" ref="14669148" role="subarea"/>
  <member type="relation" ref="14669145" role="subarea"/>
  <tag k="admin_level" v="4"/>
  <tag k="alt_name:zh" v="乌兰巴托"/>
  <tag k="boundary" v="administrative"/>
  <tag k="ISO3166-2" v="MN-1"/>
  <tag k="name" v="Улаанбаатар ᠤᠯᠠᠭᠠᠨ ᠪᠠᠭᠠᠲᠤᠷ"/>
  <tag k="name:ace" v="Ulan Bator"/>
  <tag k="name:af" v="Ulaanbaatar"/>
  <tag k="name:am" v="ኡላዓን ባዓታር"/>
  <tag k="name:an" v="Ulán Bator"/>
  <tag k="name:ar" v="أولان باتور"/>
  <tag k="name:arz" v="اولان باتور"/>
  <tag k="name:ast" v="Ulán Bátor"/>
  <tag k="name:az" v="Ulan-Bator"/>
  <tag k="name:azb" v="اولان‌باتور"/>
  <tag k="name:ba" v="Улан-Батор"/>
  <tag k="name:ban" v="Ulaanbaatar"/>
  <tag k="name:bcl" v="Ulaanbaatar"/>
  <tag k="name:be" v="Улан-Батар"/>
  <tag k="name:be-tarask" v="Улан-Батар"/>
  <tag k="name:bg" v="Улан Батор"/>
  <tag k="name:bn" v="উলানবাটর"/>
  <tag k="name:bo" v="ཝུ་ལན་བ་ཐུར"/>
  <tag k="name:br" v="Ulaanbaatar"/>
  <tag k="name:bs" v="Ulan Bator"/>
  <tag k="name:bxr" v="Улаан Баатар"/>
  <tag k="name:ca" v="Ulan Bator"/>
  <tag k="name:cdo" v="Ulaanbaatar"/>
  <tag k="name:ce" v="Улан-Батор"/>
  <tag k="name:ceb" v="Ulaanbaatar Hot"/>
  <tag k="name:ckb" v="ئولانباتۆر"/>
  <tag k="name:cs" v="Ulánbátar"/>
  <tag k="name:cv" v="Улан Батор"/>
  <tag k="name:cy" v="Ulan Bator"/>
  <tag k="name:da" v="Ulan Bator"/>
  <tag k="name:de" v="Ulaanbaatar"/>
  <tag k="name:diq" v="Ulan Bator"/>
  <tag k="name:dsb" v="Ulaanbaatar"/>
  <tag k="name:el" v="Ουλάν Μπατόρ"/>
  <tag k="name:en" v="Ulaanbaatar"/>
  <tag k="name:es" v="Ulán Bator"/>
  <tag k="name:et" v="Ulaanbaatar"/>
  <tag k="name:eu" v="Ulan Bator"/>
  <tag k="name:fa" v="کلان‌شهر اولان‌باتور"/>
  <tag k="name:fi" v="Ulan Bator"/>
  <tag k="name:fr" v="Oulan-Bator"/>
  <tag k="name:frr" v="Ulan-Bator"/>
  <tag k="name:fy" v="Ulaanbaatar"/>
  <tag k="name:ga" v="Ulánbátar"/>
  <tag k="name:gd" v="Ulan Bator"/>
  <tag k="name:gl" v="Ulán Bátor"/>
  <tag k="name:ha" v="Ulan Bato"/>
  <tag k="name:hak" v="Ulaanbaatar"/>
  <tag k="name:he" v="אולן בטור"/>
  <tag k="name:hi" v="उलान बतोर"/>
  <tag k="name:hif" v="Ulan Bator"/>
  <tag k="name:hr" v="Ulan Bator"/>
  <tag k="name:hsb" v="Ulaanbaatar"/>
  <tag k="name:ht" v="Oulan-Batò"/>
  <tag k="name:hu" v="Ulánbátor"/>
  <tag k="name:hy" v="Ուլան Բատոր"/>
  <tag k="name:id" v="Ulan Bator"/>
  <tag k="name:ilo" v="Ulaanbaatar"/>
  <tag k="name:is" v="Úlan Bator"/>
  <tag k="name:it" v="Ulan Bator"/>
  <tag k="name:ja" v="ウランバートル"/>
  <tag k="name:jv" v="Ulaanbaatar"/>
  <tag k="name:ka" v="ულან-ბატორი"/>
  <tag k="name:kaa" v="Ulan-bator"/>
  <tag k="name:kk" v="Ұланбатыр"/>
  <tag k="name:kl" v="Ulan Bator"/>
  <tag k="name:km" v="អ៊ូឡង់បាទ័រ"/>
  <tag k="name:kn" v="ಉಲಾನ್ ಬತೊರ್"/>
  <tag k="name:ko" v="울란바토르주"/>
  <tag k="name:kv" v="Улан-Батор"/>
  <tag k="name:kw" v="Ulaanbaatar"/>
  <tag k="name:ky" v="Улан-Баатыр"/>
  <tag k="name:lb" v="Ulan Bator"/>
  <tag k="name:lez" v="Улан-Батор"/>
  <tag k="name:lij" v="Ulaanbaatar"/>
  <tag k="name:lmo" v="Ulan Bator"/>
  <tag k="name:lt" v="Ulan Batoras"/>
  <tag k="name:lv" v="Ulanbatora"/>
  <tag k="name:lzh" v="烏蘭巴托"/>
  <tag k="name:mai" v="उलानबटोर"/>
  <tag k="name:mg" v="Ulan Bator"/>
  <tag k="name:mhr" v="Улан-Батор"/>
  <tag k="name:mk" v="Улан Батор"/>
  <tag k="name:ml" v="ഉലാൻബാതാർ"/>
  <tag k="name:mn" v="Улаанбаатар"/>
  <tag k="name:mn-Cyrl" v="Улаанбаатар"/>
  <tag k="name:mn-Mong" v="ᠤᠯᠠᠭᠠᠨ ᠪᠠᠭᠠᠲᠤᠷ"/>
  <tag k="name:mr" v="उलानबातर"/>
  <tag k="name:ms" v="Ulan Bator"/>
  <tag k="name:my" v="ဦလန်ဘာတာမြို့"/>
  <tag k="name:myv" v="Улан-Батор ош"/>
  <tag k="name:mzn" v="اولان باتور"/>
  <tag k="name:na" v="Ulan Bator"/>
  <tag k="name:nah" v="Ulanbatar"/>
  <tag k="name:nan" v="Ulaanbaatar"/>
  <tag k="name:nds-nl" v="Ulan Bator"/>
  <tag k="name:ne" v="उलानबटोर"/>
  <tag k="name:nl" v="Ulaanbaatar"/>
  <tag k="name:nn" v="Ulan Bator"/>
  <tag k="name:no" v="Ulan Bator"/>
  <tag k="name:oc" v="Ulaan Baatar"/>
  <tag k="name:os" v="Улан-Батор"/>
  <tag k="name:pa" v="ਉਲਾਨ ਬਾਤਰ"/>
  <tag k="name:pap" v="Ulan Bator"/>
  <tag k="name:pih" v="Ulan Bator"/>
  <tag k="name:pl" v="Ułan Bator"/>
  <tag k="name:pms" v="Ulaanbaatar"/>
  <tag k="name:pnb" v="اولان‌ باتور"/>
  <tag k="name:ps" v="اولان باتور"/>
  <tag k="name:pt" v="Ulã Bator"/>
  <tag k="name:ro" v="Ulaanbaatar"/>
  <tag k="name:ru" v="Улан-Батор"/>
  <tag k="name:sah" v="Улаанбаатар"/>
  <tag k="name:sat" v="ᱩᱞᱟᱱᱵᱟᱴᱚᱨ"/>
  <tag k="name:sc" v="Ulan Bator"/>
  <tag k="name:scn" v="Ulan Bator"/>
  <tag k="name:sco" v="Ulan Bator"/>
  <tag k="name:sh" v="Ulan Bator"/>
  <tag k="name:sk" v="Ulanbátar"/>
  <tag k="name:sl" v="Ulan Bator"/>
  <tag k="name:sn" v="Ulaanbaatar"/>
  <tag k="name:so" v="Ulan Bator"/>
  <tag k="name:sq" v="Ulan Batori"/>
  <tag k="name:sr" v="Улан Батор"/>
  <tag k="name:sv" v="Ulan Bator"/>
  <tag k="name:sw" v="Ulaanbaatar"/>
  <tag k="name:szl" v="Ułan Bator"/>
  <tag k="name:ta" v="உலான் பத்தூர்"/>
  <tag k="name:tg" v="Улан-Батор"/>
  <tag k="name:th" v="อูลานบาตาร์"/>
  <tag k="name:tl" v="Ulan Bator"/>
  <tag k="name:tr" v="Ulan Batur"/>
  <tag k="name:tt" v="Ulan Bator"/>
  <tag k="name:udm" v="Улан-Батор"/>
  <tag k="name:ug" v="Ulanbatur"/>
  <tag k="name:uk" v="Улан-Батор"/>
  <tag k="name:ur" v="اولان‌ باتور"/>
  <tag k="name:uz" v="Ulan-Bator"/>
  <tag k="name:vep" v="Ulanbatar"/>
  <tag k="name:vi" v="Ulaanbaatar"/>
  <tag k="name:vls" v="Oelan-Bator"/>
  <tag k="name:war" v="Ulaanbaatar"/>
  <tag k="name:wuu" v="乌兰巴托"/>
  <tag k="name:xal" v="Улан Баатр"/>
  <tag k="name:xmf" v="ულან-ბატორი"/>
  <tag k="name:yi" v="אולאן באטאר"/>
  <tag k="name:yo" v="Ulan Bator"/>
  <tag k="name:yue" v="烏蘭巴托"/>
  <tag k="name:za" v="Ulan Bator"/>
  <tag k="name:zh" v="乌兰巴托市"/>
  <tag k="name:zh-Hans" v="乌兰巴托市"/>
  <tag k="name:zh-Hant" v="烏蘭巴托市"/>
  <tag k="name:zh-Latn-pinyin" v="Wū lán bā tuō"/>
  <tag k="timezone" v="Asia/Ulaanbaatar"/>
  <tag k="type" v="boundary"/>
  <tag k="wikidata" v="Q23430"/>
  <tag k="wikipedia" v="en:Ulaanbaatar"/>
 </relation>
 <relation id="11594071" visible="true" version="1" changeset="90564540" timestamp="2020-09-08T06:33:52Z" user="lwcc_enhee" uid="11777926">
  <member type="way" ref="375886818" role="from"/>
  <member type="node" ref="1268520439" role="via"/>
  <member type="way" ref="845230979" role="to"/>
  <tag k="restriction" v="no_left_turn"/>
  <tag k="type" v="restriction"/>
 </relation>
 <relation id="11594072" visible="true" version="1" changeset="90564540" timestamp="2020-09-08T06:33:52Z" user="lwcc_enhee" uid="11777926">
  <member type="way" ref="845230981" role="from"/>
  <member type="node" ref="1268520439" role="via"/>
  <member type="way" ref="845230981" role="to"/>
  <tag k="restriction" v="no_u_turn"/>
  <tag k="type" v="restriction"/>
 </relation>
 <relation id="13009229" visible="true" version="1" changeset="108456731" timestamp="2021-07-23T03:10:12Z" user="jakofreelancer" uid="13804135">
  <member type="way" ref="942815985" role=""/>
  <member type="way" ref="942815984" role=""/>
  <member type="way" ref="492570794" role=""/>
  <member type="way" ref="492570798" role=""/>
  <member type="way" ref="942815971" role=""/>
  <member type="way" ref="942815969" role=""/>
  <member type="way" ref="492570799" role=""/>
  <member type="way" ref="492570800" role=""/>
  <member type="way" ref="942815970" role=""/>
  <tag k="addr:city" v="Улаанбаатар"/>
  <tag k="addr:postcode" v="13312"/>
  <tag k="addr:street" v="Хүннүгийн гудамж"/>
  <tag k="building" v="apartments"/>
  <tag k="name" v="Олимп хотхон"/>
  <tag k="name:en" v="Olymp khotkhon"/>
  <tag k="name:mn" v="Олимп хотхон"/>
  <tag k="type" v="multipolygon"/>
 </relation>
 <relation id="14669143" visible="true" version="7" changeset="172318959" timestamp="2025-09-22T23:37:53Z" user="hangukhistory" uid="17860844">
  <member type="way" ref="1101834322" role="outer"/>
  <member type="way" ref="1186070630" role="outer"/>
  <member type="way" ref="923539268" role="outer"/>
  <member type="way" ref="929263638" role="outer"/>
  <member type="way" ref="907301894" role="outer"/>
  <member type="way" ref="1101834336" role="outer"/>
  <member type="way" ref="1101834341" role="outer"/>
  <member type="way" ref="1101834329" role="outer"/>
  <member type="way" ref="1101834321" role="outer"/>
  <member type="way" ref="1101834320" role="outer"/>
  <tag k="admin_level" v="6"/>
  <tag k="boundary" v="administrative"/>
  <tag k="name" v="Баянзүрх ᠪᠠᠶᠠᠨ ᠵᠢᠷᠦᠬᠡ"/>
  <tag k="name:de" v="Bajandsürch"/>
  <tag k="name:en" v="Bayanzürkh"/>
  <tag k="name:fa" v="منطقه بایان‌جورخ"/>
  <tag k="name:he" v="באיאנזורח"/>
  <tag k="name:ko" v="바잉주르흐구"/>
  <tag k="name:mn" v="Баянзүрх дүүрэг"/>
  <tag k="name:mn-Cyrl" v="Баянзүрх дүүрэг"/>
  <tag k="name:mn-Mong" v="ᠪᠠᠶᠠᠨ ᠵᠢᠷᠦᠬᠡ ᠳᠡᠭᠦᠷᠭᠡ"/>
  <tag k="short_name:fa" v="بایان‌جورخ"/>
  <tag k="short_name:mn" v="Баянзүрх"/>
  <tag k="short_name:mn-Cyrl" v="Баянзүрх"/>
  <tag k="short_name:mn-Mong" v="ᠪᠠᠶᠠᠨ ᠵᠢᠷᠦᠬᠡ"/>
  <tag k="type" v="boundary"/>
 </relation>
 <relation id="14669148" visible="true" version="4" changeset="172318959" timestamp="2025-09-22T23:37:53Z" user="hangukhistory" uid="17860844">
  <member type="way" ref="1101834334" role="outer"/>
  <member type="way" ref="1101834336" role="outer"/>
  <member type="way" ref="1101834340" role="outer"/>
  <member type="way" ref="1101834339" role="outer"/>
  <member type="way" ref="1101834337" role="outer"/>
  <member type="way" ref="1101834335" role="outer"/>
  <tag k="admin_level" v="6"/>
  <tag k="boundary" v="administrative"/>
  <tag k="name" v="Хан-Уул ᠬᠠᠨ ᠠᠭᠤᠯᠠ"/>
  <tag k="name:de" v="Chan-Uul"/>
  <tag k="name:en" v="Khan-Uul"/>
  <tag k="name:fa" v="منطقه خان‌اُول"/>
  <tag k="name:he" v="חאן אול"/>
  <tag k="name:ko" v="항올구"/>
  <tag k="name:mn" v="Хан-Уул дүүрэг"/>
  <tag k="name:mn-Cyrl" v="Хан-Уул дүүрэг"/>
  <tag k="name:mn-Mong" v="ᠬᠠᠨ ᠠᠭᠤᠯᠠ ᠳᠡᠭᠦᠷᠭᠡ"/>
  <tag k="short_name:fa" v="خان‌اُول"/>
  <tag k="short_name:mn" v="Хан-Уул"/>
  <tag k="short_name:mn-Cyrl" v="Хан-Уул"/>
  <tag k="short_name:mn-Mong" v="ᠬᠠᠨ ᠠᠭᠤᠯᠠ"/>
  <tag k="type" v="boundary"/>
 </relation>
</osm>
